region,group,species,n_pres,model,bg,pa_auc,pa_cor,pa_prev,cv_rand_auc,cv_spat_auc,cv_spat_tg_auc,secs
AWT,bird,awt01,178,GLM,random,0.5490883590462834,0.07775684189290309,0.27058823529411763,0.7637096031746032,0.6128397357729158,0.5077776802001897,2.48830246925354
AWT,bird,awt01,178,GLM,tgb,0.721555049088359,0.3385785650797793,0.27058823529411763,0.610138253968254,0.5198495214180594,0.5987167454852498,0.3412907123565674
AWT,bird,awt01,178,BRT,random,0.5801849579242637,0.10938183829036555,0.27058823529411763,0.8347539682539683,0.6163503449688018,0.5462914398147187,6.101957321166992
AWT,bird,awt01,178,BRT,tgb,0.7412780504908837,0.3966654132150999,0.27058823529411763,0.6625059523809524,0.5224938284462264,0.5964009607574575,2.1933913230895996
AWT,bird,awt02,149,GLM,random,0.6599392097264437,0.3812393961443021,0.3088235294117647,0.8088075862068965,0.662084439638328,0.697977736134612,2.253790855407715
AWT,bird,awt02,149,GLM,tgb,0.7685106382978724,0.5434534212914094,0.3088235294117647,0.7371637931034483,0.647849747134655,0.8243308986732831,0.35341930389404297
AWT,bird,awt02,149,BRT,random,0.706099290780142,0.5073296596778069,0.3088235294117647,0.8844498850574712,0.7091304555823129,0.7582143629933424,6.063838243484497
AWT,bird,awt02,149,BRT,tgb,0.7693617021276596,0.5684259241902136,0.3088235294117647,0.8019011494252875,0.7051284802172733,0.8522223188859283,2.127934217453003
AWT,bird,awt03,219,GLM,random,0.524964179433484,0.07105276149056801,0.37941176470588234,0.8372753171247357,0.7721942842891368,0.65881765400198,2.5418355464935303
AWT,bird,awt03,219,GLM,tgb,0.6362100003673904,0.2507077871190244,0.37941176470588234,0.715601532769556,0.6797544786713144,0.6853160173584931,0.2934238910675049
AWT,bird,awt03,219,BRT,random,0.5741577574488409,0.1303073097043295,0.37941176470588234,0.8652871035940803,0.7795018299239549,0.6786290668754063,6.141229867935181
AWT,bird,awt03,219,BRT,tgb,0.6466806275028472,0.250812704595004,0.37941176470588234,0.7626141649048626,0.7432178032708768,0.7099591155741601,2.1878044605255127
AWT,bird,awt04,216,GLM,random,0.4937404367784115,-0.008900151856728348,0.4647058823529412,0.8492031712473572,0.7727288880623429,0.6669736984364166,2.7089080810546875
AWT,bird,awt04,216,GLM,tgb,0.4763875365141188,-0.05492455210996303,0.4647058823529412,0.7805094080338266,0.7356562010898646,0.6512649070152563,0.341602087020874
AWT,bird,awt04,216,BRT,random,0.46939769091667827,-0.05517407279376457,0.4647058823529412,0.8596828224101479,0.7447964572510963,0.6417895886127327,6.028654336929321
AWT,bird,awt04,216,BRT,tgb,0.45799137571289467,-0.07106140278813586,0.4647058823529412,0.7629999735729387,0.6697685210253952,0.6279890271087024,2.2148232460021973
AWT,bird,awt05,114,GLM,random,0.7633432575702563,0.30177189342376004,0.13823529411764707,0.9151385375494072,0.8585535725721897,0.7433695042921611,2.0038187503814697
AWT,bird,awt05,114,GLM,tgb,0.7623266284220463,0.30112205839146794,0.13823529411764707,0.8871276679841896,0.8609990342401431,0.7645248438996403,0.3248903751373291
AWT,bird,awt05,114,BRT,random,0.7588410427710407,0.35296474470728306,0.13823529411764707,0.9090357707509881,0.8716520298154453,0.7658028495063002,6.0392162799835205
AWT,bird,awt05,114,BRT,tgb,0.7173044804298888,0.26706451123382857,0.13823529411764707,0.8636199604743082,0.8734233253835433,0.7821230974879928,2.011256694793701
AWT,bird,awt06,265,GLM,random,0.6488413547237076,0.27534247716923793,0.55,0.8756641509433962,0.8061606431951518,0.7366436784134773,2.5551111698150635
AWT,bird,awt06,265,GLM,tgb,0.827968263954423,0.6001158603238071,0.55,0.7906094339622641,0.7246511522145351,0.7325656355477458,0.31527042388916016
AWT,bird,awt06,265,BRT,random,0.662315193457062,0.261962553461309,0.55,0.8861443396226415,0.8037407672712629,0.7438065433185581,6.091400861740112
AWT,bird,awt06,265,BRT,tgb,0.825801265247632,0.5493244396378616,0.55,0.7933632075471698,0.7621978048430599,0.7835313166562032,2.203861951828003
AWT,bird,awt07,158,GLM,random,0.5220935220935221,0.03472870519849499,0.23823529411764705,0.7989040322580646,0.6620902581148399,0.5231859130310821,2.481004238128662
AWT,bird,awt07,158,GLM,tgb,0.5843462510129177,0.12142410045366045,0.23823529411764705,0.6817047379032258,0.6232103829982016,0.5984389999233393,0.30960655212402344
AWT,bird,awt07,158,BRT,random,0.5265503598836934,0.035910156115492975,0.23823529411764705,0.8332580645161289,0.6515355589332434,0.5412199353189229,6.121821880340576
AWT,bird,awt07,158,BRT,tgb,0.5549358882692216,0.06138564995266703,0.23823529411764705,0.681778629032258,0.5766147578027441,0.5866879030943174,2.1025807857513428
AWT,bird,awt08,231,GLM,random,0.6510733163136888,0.31108796902844515,0.40294117647058825,0.782334158186864,0.63969323956634,0.6189563268430869,2.677128791809082
AWT,bird,awt08,231,GLM,tgb,0.9220092769048218,0.7433320577712582,0.40294117647058825,0.6247601063829787,0.5891089014648376,0.7749266333801635,0.3041820526123047
AWT,bird,awt08,231,BRT,random,0.7657042177555644,0.4520534239154569,0.40294117647058825,0.8155458140610545,0.6731748437013714,0.6870511843301268,6.033588647842407
AWT,bird,awt08,231,BRT,tgb,0.909640070475711,0.6938312992678852,0.40294117647058825,0.6568386447733581,0.6042499044560419,0.8151249999308761,2.2194724082946777
AWT,bird,awt09,112,GLM,random,0.6557971014492754,0.1857821615189038,0.13529411764705881,0.8062693675889328,0.727578660608056,0.6086066131409369,2.0377933979034424
AWT,bird,awt09,112,GLM,tgb,0.7247116237799467,0.26853621817349443,0.13529411764705881,0.6962557312252964,0.6808304425721516,0.6160480539743499,0.4107091426849365
AWT,bird,awt09,112,BRT,random,0.6392339544513458,0.15399560310303173,0.13529411764705881,0.7866478260869565,0.6998914791802862,0.584971261392973,5.334814548492432
AWT,bird,awt09,112,BRT,tgb,0.6833776989056493,0.2174693257466788,0.13529411764705881,0.6552164031620553,0.6360850114967502,0.6011144629236465,2.0052080154418945
AWT,bird,awt10,122,GLM,random,0.6803015323776569,0.2931616439134048,0.3,0.8811221666666669,0.829541590827712,0.6948052508212148,2.256453037261963
AWT,bird,awt10,122,GLM,tgb,0.6953369583127369,0.3137282775855855,0.3,0.8326018333333334,0.7978116553132499,0.7039604289200339,0.3156929016113281
AWT,bird,awt10,122,BRT,random,0.6663783160322954,0.2393617515644923,0.3,0.8754402499999999,0.8226387896199505,0.7067631419957536,5.311158895492554
AWT,bird,awt10,122,BRT,tgb,0.6872219476025705,0.3013643132478445,0.3,0.8153129166666666,0.7969192862853258,0.7133878070562029,1.9704318046569824
AWT,bird,awt11,82,GLM,random,0.5422253587391201,0.03145224822122399,0.03823529411764706,0.7696595588235293,0.7010051001927732,0.5909073022116959,2.0524699687957764
AWT,bird,awt11,82,GLM,tgb,0.6798400376382028,0.1126200762543944,0.03823529411764706,0.6131294117647059,0.5797706918757363,0.5989515048739473,0.26808977127075195
AWT,bird,awt11,82,BRT,random,0.4194307221830158,-0.046917453026681225,0.03823529411764706,0.7706720588235294,0.6639937598072045,0.5487841396444864,5.537020921707153
AWT,bird,awt11,82,BRT,tgb,0.5746883086332628,0.05230460463032159,0.03823529411764706,0.6291955882352942,0.6282371589010015,0.5825451765438945,2.154203176498413
AWT,bird,awt12,32,GLM,random,0.8545524691358024,0.28076775194773046,0.047058823529411764,0.8699285714285715,0.7343986053723472,0.6327030248086661,1.804997444152832
AWT,bird,awt12,32,GLM,tgb,0.8690200617283951,0.29431048905971685,0.047058823529411764,0.8471119047619048,0.7232255419258136,0.6323776743133405,0.2501845359802246
AWT,bird,awt12,32,BRT,random,0.808449074074074,0.15375927654864646,0.047058823529411764,0.8809071428571429,0.7245316280917266,0.6294513872969295,4.769043445587158
AWT,bird,awt12,32,BRT,tgb,0.7544367283950617,0.12208892613848325,0.047058823529411764,0.8434642857142857,0.7127567695031723,0.653437411879146,1.7983860969543457
AWT,bird,awt13,122,GLM,random,0.7670538803756797,0.43774000514698963,0.3,0.9199809999999999,0.8135060486976735,0.7137654730571699,2.1013944149017334
AWT,bird,awt13,122,GLM,tgb,0.767918932278794,0.4083206935179491,0.3,0.881071,0.7935347628640927,0.7197596179352308,0.26624512672424316
AWT,bird,awt13,122,BRT,random,0.747116493656286,0.3709527125528178,0.3,0.9105388333333334,0.8418917313138963,0.7485567028122622,4.967206239700317
AWT,bird,awt13,122,BRT,tgb,0.775045312242544,0.43079899732924326,0.3,0.8753755,0.8257283786445779,0.7359798338474076,1.8942320346832275
AWT,bird,awt14,99,GLM,random,0.8229370629370629,0.44047270757302054,0.19117647058823528,0.9472942105263158,0.8497536885057354,0.7900214318202122,2.077340602874756
AWT,bird,awt14,99,GLM,tgb,0.8803356643356643,0.5449428457336162,0.19117647058823528,0.9270036842105263,0.8536470702348234,0.834059950889219,0.2758345603942871
AWT,bird,awt14,99,BRT,random,0.7830489510489511,0.3683550790701712,0.19117647058823528,0.9416236842105263,0.862509015386044,0.7832969909494298,5.075930833816528
AWT,bird,awt14,99,BRT,tgb,0.8670209790209792,0.603590858525995,0.19117647058823528,0.9260957894736842,0.8673303965700306,0.7986572810658178,1.8419263362884521
AWT,bird,awt15,254,GLM,random,0.7719922860109777,0.4853401927366532,0.6294117647058823,0.8934803137254901,0.8448952222987993,0.7704649298090019,2.405071496963501
AWT,bird,awt15,254,GLM,tgb,0.7607550808485387,0.4981545763882718,0.6294117647058823,0.8345801176470588,0.7610592047964362,0.7562251482785696,0.3086550235748291
AWT,bird,awt15,254,BRT,random,0.7949117341640707,0.49405631973463604,0.6294117647058823,0.9187725490196078,0.8519010685620094,0.7899116904502802,5.300435304641724
AWT,bird,awt15,254,BRT,tgb,0.7405058596647381,0.48134973282484544,0.6294117647058823,0.8487508235294119,0.8287698164756367,0.802976033595197,2.1590311527252197
AWT,bird,awt16,144,GLM,random,0.7008605072463767,0.2839418777344891,0.18823529411764706,0.9275219211822658,0.8959969250682202,0.8002724578204454,2.0453431606292725
AWT,bird,awt16,144,GLM,tgb,0.7829483695652175,0.3801667138192023,0.18823529411764706,0.909542857142857,0.889461192906265,0.79680178020899,0.2556164264678955
AWT,bird,awt16,144,BRT,random,0.634284420289855,0.10109920552869235,0.18823529411764706,0.9217323891625616,0.8594922880566376,0.7661028957806406,5.136975049972534
AWT,bird,awt16,144,BRT,tgb,0.6963881340579711,0.26783643195254686,0.18823529411764706,0.8839950738916256,0.8497311817018176,0.7791972256071487,1.9753766059875488
AWT,bird,awt17,184,GLM,random,0.8019745196837492,0.4825001336370653,0.3029411764705882,0.8577978228228229,0.7597870111032017,0.6728212819949586,1.5742993354797363
AWT,bird,awt17,184,GLM,tgb,0.7780099135635574,0.42353766769706863,0.3029411764705882,0.780653078078078,0.7179585142775057,0.6834806630309744,0.3965578079223633
AWT,bird,awt17,184,BRT,random,0.7606406947687517,0.4063803197766499,0.3029411764705882,0.8929453453453453,0.8035972285519101,0.6997092594766074,5.6382622718811035
AWT,bird,awt17,184,BRT,tgb,0.7605587644914178,0.4384552896225474,0.3029411764705882,0.8211901651651651,0.7728371930059262,0.7018471650853151,2.0002596378326416
AWT,bird,awt18,242,GLM,random,0.5660709791089857,0.12662043678301654,0.40294117647058825,0.7557517006802721,0.6502514061308404,0.5113100542608431,1.9931318759918213
AWT,bird,awt18,242,GLM,tgb,0.678904030779188,0.31990014640647035,0.40294117647058825,0.5435480867346938,0.5069843146316472,0.5672598054422158,0.4021034240722656
AWT,bird,awt18,242,BRT,random,0.6072417388802992,0.17554354883174356,0.40294117647058825,0.8222614158163266,0.671778876810906,0.5362199250501275,5.317282676696777
AWT,bird,awt18,242,BRT,tgb,0.7128114774729424,0.3661234373867393,0.40294117647058825,0.6367184311224491,0.5524383759131807,0.5894037038806867,2.1591238975524902
AWT,bird,awt19,78,GLM,random,0.6899343297101449,0.2739130607600953,0.18823529411764706,0.9065625,0.8368227701681921,0.6978050867294072,1.4938228130340576
AWT,bird,awt19,78,GLM,tgb,0.7128057065217391,0.293813604014609,0.18823529411764706,0.8645349999999998,0.8176484113885648,0.7479809222218705,0.28627657890319824
AWT,bird,awt19,78,BRT,random,0.6364356884057971,0.12591566573865376,0.18823529411764706,0.9154295833333335,0.8578149134382169,0.7612092403913114,5.327763795852661
AWT,bird,awt19,78,BRT,tgb,0.6809329710144927,0.19984902147068542,0.18823529411764706,0.8823895833333333,0.8577437288398748,0.7960857975749889,1.9604523181915283
AWT,bird,awt20,104,GLM,random,0.5390865384615384,0.06329325197338707,0.23529411764705882,0.7089380952380953,0.6100252664327257,0.4782227680349919,1.8081729412078857
AWT,bird,awt20,104,GLM,tgb,0.625,0.17351583929585593,0.23529411764705882,0.5186766666666667,0.5081039829506,0.4774636032883456,0.31659698486328125
AWT,bird,awt20,104,BRT,random,0.5263942307692309,0.015164466254944413,0.23529411764705882,0.7704311904761905,0.6045597929499589,0.4716498179992289,5.6451029777526855
AWT,bird,awt20,104,BRT,tgb,0.6001442307692307,0.07922000881288932,0.23529411764705882,0.590322619047619,0.5373612755203113,0.5545420516947271,2.151237964630127
AWT,plant,awt21,17,GLM,random,0.6176829268292683,0.2608664185756545,0.19607843137254902,0.9290416666666665,0.9414883326999979,0.9000245447726863,1.0170707702636719
AWT,plant,awt21,17,GLM,tgb,0.5817073170731707,0.23793999220003964,0.19607843137254902,0.8774749999999999,0.8718262994121776,0.8729613417492594,0.24934601783752441
AWT,plant,awt21,17,BRT,random,0.5054878048780488,0.2759705053862074,0.19607843137254902,0.9403333333333332,0.8856106554175417,0.8341467463808959,5.370325326919556
AWT,plant,awt21,17,BRT,tgb,0.672560975609756,0.37221179502567,0.19607843137254902,0.8568333333333333,0.7696093230840998,0.8463541813216041,1.4898855686187744
AWT,plant,awt22,9,GLM,random,0.7018006148440932,0.29414149579196214,0.3235294117647059,0.7441500000000001,0.5484326464644983,0.5428242006252015,1.0381135940551758
AWT,plant,awt22,9,GLM,tgb,0.6750109793588055,0.2844192622291613,0.3235294117647059,0.58755,0.40995508285000015,0.39985245175223727,0.23861384391784668
AWT,plant,awt22,9,BRT,random,0.5404040404040404,0.19351062919885595,0.3235294117647059,0.705825,0.37599493447029997,0.2857795352733113,5.007793426513672
AWT,plant,awt22,9,BRT,tgb,0.7740447957839263,0.19978186375019666,0.3235294117647059,0.73155,0.568075863882392,0.530780465101715,1.56557297706604
AWT,plant,awt23,56,GLM,random,0.6098615916955017,0.14348860217731652,0.3333333333333333,0.7423424242424244,0.701918924101512,0.4904059032691969,1.3579485416412354
AWT,plant,awt23,56,GLM,tgb,0.5717993079584776,0.09874428327507466,0.3333333333333333,0.5549575757575756,0.5533355053372322,0.4588670822662248,0.2207319736480713
AWT,plant,awt23,56,BRT,random,0.5800173010380623,0.11765080388960472,0.3333333333333333,0.7551386363636363,0.7247499142699413,0.5333449040975454,5.59203028678894
AWT,plant,awt23,56,BRT,tgb,0.5190311418685122,0.21003709463859044,0.3333333333333333,0.5502636363636364,0.5703733053835394,0.5084535735624941,1.891340970993042
AWT,plant,awt24,10,GLM,random,0.5407407407407406,0.1043653725583059,0.2647058823529412,0.5919000000000001,0.5241025689861514,0.39309788509605187,0.9555726051330566
AWT,plant,awt24,10,GLM,tgb,0.5437037037037037,0.052697703357443185,0.2647058823529412,0.55925,0.48122379657129316,0.3572371538197975,0.1620619297027588
AWT,plant,awt24,10,BRT,random,0.5965432098765432,0.006974370476061342,0.2647058823529412,0.598625,0.5542557679072042,0.42973507092853314,5.077654123306274
AWT,plant,awt24,10,BRT,tgb,0.5698765432098766,0.015683990715389666,0.2647058823529412,0.565275,0.5995372395098071,0.556502261785674,1.6587872505187988
AWT,plant,awt25,12,GLM,random,0.7110042735042735,0.2094376939100574,0.23529411764705882,0.8041666666666666,0.7912573046184082,0.7194465795333451,0.5519058704376221
AWT,plant,awt25,12,GLM,tgb,0.7681623931623931,0.4432573449904189,0.23529411764705882,0.7006666666666665,0.6744698669836142,0.7037179798132316,0.15028047561645508
AWT,plant,awt25,12,BRT,random,0.5763888888888888,-0.03977553215552656,0.23529411764705882,0.7849833333333333,0.7284820325236719,0.6613762833674081,4.870530843734741
AWT,plant,awt25,12,BRT,tgb,0.7719017094017094,0.37790096215524427,0.23529411764705882,0.5663499999999999,0.5402307174693969,0.5787852504804584,1.533902883529663
AWT,plant,awt26,34,GLM,random,0.6693313953488372,0.21161944248946749,0.1568627450980392,0.8010833333333334,0.6566002008072795,0.43317709888134565,0.9633936882019043
AWT,plant,awt26,34,GLM,tgb,0.659156976744186,0.23708877035584616,0.1568627450980392,0.7736357142857143,0.7470386871626618,0.568559712391866,0.24455046653747559
AWT,plant,awt26,34,BRT,random,0.6518895348837209,0.25218171143060697,0.1568627450980392,0.7549678571428572,0.6001956492463971,0.3727330075272441,5.678334712982178
AWT,plant,awt26,34,BRT,tgb,0.657703488372093,0.20596084732879905,0.1568627450980392,0.6080059523809525,0.5068952568599778,0.3767558621021715,1.724823236465454
AWT,plant,awt27,41,GLM,random,0.6770370370370371,0.23311105385313485,0.2647058823529412,0.8204930555555556,0.8254327609308858,0.6528426581332829,1.0852775573730469
AWT,plant,awt27,41,GLM,tgb,0.6148148148148148,0.1976815972696508,0.2647058823529412,0.7200986111111111,0.7559102528884805,0.6530098426846769,0.24736285209655762
AWT,plant,awt27,41,BRT,random,0.7002469135802469,0.2045331661606361,0.2647058823529412,0.7974173611111111,0.7996287543177528,0.6410343615711971,5.691946744918823
AWT,plant,awt27,41,BRT,tgb,0.72,0.31079148354143304,0.2647058823529412,0.6674402777777778,0.6666721767218327,0.573612542797471,1.8354029655456543
AWT,plant,awt28,31,GLM,random,0.8238636363636364,0.41832276171134014,0.13725490196078433,0.8562714285714286,0.8487462920996736,0.7126785861749629,0.9158539772033691
AWT,plant,awt28,31,GLM,tgb,0.7662337662337663,0.31513735047357355,0.13725490196078433,0.8236642857142857,0.8041045237204234,0.67136556747064,0.22047734260559082
AWT,plant,awt28,31,BRT,random,0.7751623376623376,0.3179515200834209,0.13725490196078433,0.851852380952381,0.8277740630957947,0.6760815962084078,5.241562128067017
AWT,plant,awt28,31,BRT,tgb,0.7150974025974026,0.29650968175726683,0.13725490196078433,0.7585952380952381,0.7383000236122876,0.6384690664944287,1.633988380432129
AWT,plant,awt29,44,GLM,random,0.6988505747126438,0.2024764084096477,0.14705882352941177,0.8771513888888889,0.8566010429928662,0.7158823380855859,0.9699795246124268
AWT,plant,awt29,44,GLM,tgb,0.6950191570881226,0.24666589253370574,0.14705882352941177,0.8290902777777778,0.8293437375726486,0.7136679699057907,0.21494722366333008
AWT,plant,awt29,44,BRT,random,0.8099616858237548,0.09603655477807876,0.14705882352941177,0.8410486111111112,0.8281014489795805,0.7040110572410205,5.784184455871582
AWT,plant,awt29,44,BRT,tgb,0.7172413793103448,0.2960314691401169,0.14705882352941177,0.7639541666666666,0.7762381935521655,0.7218226635272209,1.8407154083251953
AWT,plant,awt30,66,GLM,random,0.6583223539745279,0.23857785852884042,0.3235294117647059,0.754834065934066,0.6992034022808653,0.45900975810306444,1.1750895977020264
AWT,plant,awt30,66,GLM,tgb,0.7426438296003514,0.38965234330151255,0.3235294117647059,0.5778972527472528,0.5599712475943598,0.48732835133463936,0.236067533493042
AWT,plant,awt30,66,BRT,random,0.5270092226613966,0.0771880748070627,0.3235294117647059,0.7533590659340659,0.6923750524327404,0.4453919962090348,5.516493320465088
AWT,plant,awt30,66,BRT,tgb,0.5094422485726833,0.04544741537100557,0.3235294117647059,0.5656596153846154,0.5446548277032347,0.4809270843498024,1.8154938220977783
AWT,plant,awt31,14,GLM,random,0.6693548387096774,0.22244529825156564,0.6078431372549019,0.7792166666666668,0.6776161530211523,0.5201839125741907,0.8257706165313721
AWT,plant,awt31,14,GLM,tgb,0.7012096774193548,0.254672369916442,0.6078431372549019,0.6670833333333334,0.6124869427429924,0.5222494493025962,0.1750953197479248
AWT,plant,awt31,14,BRT,random,0.6048387096774193,0.0919391609829378,0.6078431372549019,0.6185,0.5591511587006655,0.459621831729408,5.209680080413818
AWT,plant,awt31,14,BRT,tgb,0.6431451612903226,0.16485540594486342,0.6078431372549019,0.5899166666666666,0.5652851505173219,0.5164482085421381,1.6667027473449707
AWT,plant,awt32,74,GLM,random,0.6061912225705329,0.16729037439610497,0.43137254901960786,0.7952400000000001,0.7251812819955032,0.5122940782595368,1.0703203678131104
AWT,plant,awt32,74,GLM,tgb,0.5466300940438872,0.07219469097302905,0.43137254901960786,0.6670985714285714,0.5942228523927943,0.5248779503809015,0.23160934448242188
AWT,plant,awt32,74,BRT,random,0.6332288401253918,0.09173455571445997,0.43137254901960786,0.7897390476190476,0.7220661998890604,0.523106675923392,5.557506322860718
AWT,plant,awt32,74,BRT,tgb,0.6152037617554859,0.18535631990991241,0.43137254901960786,0.6133742857142856,0.5570733510485247,0.5280345257471024,1.984400749206543
AWT,plant,awt33,18,GLM,random,0.6196581196581197,0.12984580843810054,0.23529411764705882,0.7056083333333334,0.7858393141767033,0.6969647585662843,0.6628885269165039
AWT,plant,awt33,18,GLM,tgb,0.7889957264957266,0.407098360197973,0.23529411764705882,0.4598750000000001,0.5990414452224956,0.718692054461635,0.1537928581237793
AWT,plant,awt33,18,BRT,random,0.5913461538461539,0.12619376664300996,0.23529411764705882,0.6681666666666667,0.6733501980152323,0.5959653424309787,5.488863229751587
AWT,plant,awt33,18,BRT,tgb,0.7900641025641025,0.25701261612610377,0.23529411764705882,0.6079916666666666,0.6460293735542078,0.7027003289961966,1.6105880737304688
AWT,plant,awt34,28,GLM,random,0.8812260536398467,0.489461675023964,0.14705882352941177,0.8720600000000001,0.8330219825133632,0.8199944568899555,0.7442493438720703
AWT,plant,awt34,28,GLM,tgb,0.846743295019157,0.44516475838169517,0.14705882352941177,0.7403233333333333,0.6623237113034555,0.8054079368022642,0.21090149879455566
AWT,plant,awt34,28,BRT,random,0.9042145593869731,0.09493801845162321,0.14705882352941177,0.90213,0.8274338200207079,0.7746320261861593,4.83019757270813
AWT,plant,awt34,28,BRT,tgb,0.9019157088122606,0.30686976307955927,0.14705882352941177,0.8807599999999999,0.7743199828615996,0.7120571814284165,1.4318456649780273
AWT,plant,awt35,44,GLM,random,0.666923076923077,0.18836661407796945,0.5098039215686274,0.7134847222222221,0.6369650562307461,0.4584635491071129,1.0367813110351562
AWT,plant,awt35,44,GLM,tgb,0.41923076923076924,-0.1812473382045838,0.5098039215686274,0.39084861111111113,0.36301250232481924,0.45763559892416517,0.22494745254516602
AWT,plant,awt35,44,BRT,random,0.6407692307692308,0.018971861288857163,0.5098039215686274,0.7602986111111112,0.6512576241173598,0.5183691658837182,5.581198692321777
AWT,plant,awt35,44,BRT,tgb,0.658076923076923,0.2183220235998972,0.5098039215686274,0.5832583333333333,0.5211953745485355,0.5008079061896401,1.545088291168213
AWT,plant,awt36,56,GLM,random,0.5024990388312188,-0.05845858515471961,0.5,0.8252469696969695,0.7449075796382587,0.5971583635027059,1.107621431350708
AWT,plant,awt36,56,GLM,tgb,0.586312956555171,0.13562345695526357,0.5,0.605030303030303,0.5253919642029762,0.5596674222397005,0.27930521965026855
AWT,plant,awt36,56,BRT,random,0.4532871972318339,-0.15383505350804144,0.5,0.7837318181818181,0.7260504975352126,0.5622550205177437,5.278348207473755
AWT,plant,awt36,56,BRT,tgb,0.5697808535178777,0.15283405547906662,0.5,0.5668227272727273,0.5501223449663419,0.5747134968798207,1.509779453277588
AWT,plant,awt37,28,GLM,random,0.871252204585538,0.5077074050956283,0.20588235294117646,0.87828,0.8256742239915693,0.7577992525445442,0.935896635055542
AWT,plant,awt37,28,GLM,tgb,0.8271604938271605,0.4671861589282763,0.20588235294117646,0.80497,0.7544789938327622,0.7214466420162281,0.24431180953979492
AWT,plant,awt37,28,BRT,random,0.7895355673133451,0.4770714479767666,0.20588235294117646,0.8153599999999999,0.7619089564197521,0.6745314991611737,5.11712121963501
AWT,plant,awt37,28,BRT,tgb,0.8547912992357437,0.43155153079178854,0.20588235294117646,0.7939466666666666,0.723014315657117,0.6762929459869722,1.337238073348999
AWT,plant,awt38,42,GLM,random,0.7601744186046512,0.35786276281695184,0.1568627450980392,0.7621416666666667,0.7573940517719566,0.5590958497205933,1.1268985271453857
AWT,plant,awt38,42,GLM,tgb,0.7180232558139534,0.27257360385371987,0.1568627450980392,0.6284430555555556,0.6140126647121548,0.49635449539642995,0.22055315971374512
AWT,plant,awt38,42,BRT,random,0.7965116279069768,0.17633276118297903,0.1568627450980392,0.7409250000000001,0.758498359006367,0.5633091168301665,5.395894527435303
AWT,plant,awt38,42,BRT,tgb,0.7848837209302326,0.08170226297655785,0.1568627450980392,0.6337347222222222,0.6776434644774666,0.5834954995900998,1.3609619140625
AWT,plant,awt39,20,GLM,random,0.6482142857142857,0.21934745856641652,0.3137254901960784,0.67675,0.652610010442985,0.4552300516657149,0.9089035987854004
AWT,plant,awt39,20,GLM,tgb,0.6933035714285715,0.31162832128156626,0.3137254901960784,0.62525,0.6153375880116816,0.45294247713528835,0.19145441055297852
AWT,plant,awt39,20,BRT,random,0.7308035714285714,0.24345108640966684,0.3137254901960784,0.6922499999999999,0.7357109567514067,0.5673350983174051,5.320313930511475
AWT,plant,awt39,20,BRT,tgb,0.7080357142857143,0.31085605969350677,0.3137254901960784,0.57535,0.6732967494013969,0.5813045425915877,1.3149399757385254
AWT,plant,awt40,57,GLM,random,0.8093983311374615,0.49805590874698363,0.3235294117647059,0.7584878787878788,0.7041937353286735,0.45776188380626326,0.9838438034057617
AWT,plant,awt40,57,GLM,tgb,0.722880983750549,0.35433788663660065,0.3235294117647059,0.5961189393939395,0.5786801325018763,0.47026365110551416,0.22654485702514648
AWT,plant,awt40,57,BRT,random,0.7856829161176988,0.25573511304340923,0.3235294117647059,0.7806965909090909,0.7526412840196844,0.5173390418037169,5.08083963394165
AWT,plant,awt40,57,BRT,tgb,0.7369345630215196,0.25045223593114363,0.3235294117647059,0.6343511363636363,0.6368170812559739,0.5261759159938404,1.2845642566680908
CAN,bird,can01,16,GLM,random,0.7038868491979517,0.057481035590373944,0.015784777983666187,0.6246083333333334,0.696608219407767,0.7084782229085865,1.9815261363983154
CAN,bird,can01,16,GLM,tgb,0.8670402282297941,0.2027689326819807,0.015784777983666187,0.4673916666666667,0.4914644917985342,0.8002619010780141,0.9913058280944824
CAN,bird,can01,16,BRT,random,0.5630792528566622,0.000706240228867016,0.015784777983666187,0.6892083333333333,0.7610143222426824,0.7345374815827246,5.9090681076049805
CAN,bird,can01,16,BRT,tgb,0.7990131668702989,0.04966138147952641,0.015784777983666187,0.3660916666666666,0.45018925993573566,0.7953889332123802,3.3334710597991943
CAN,bird,can02,740,GLM,random,0.703026845574861,0.28240877445264134,0.18406423718344658,0.9832371621621622,0.9743980199418825,0.7087614344159086,4.203561067581177
CAN,bird,can02,740,GLM,tgb,0.7063993286395305,0.2784232059929288,0.18406423718344658,0.9726520270270269,0.9710597352296041,0.6840587803304439,0.8628356456756592
CAN,bird,can02,740,BRT,random,0.6986796805323716,0.25762756464626196,0.18406423718344658,0.9851608108108107,0.9743488984636215,0.703812476456448,4.71540904045105
CAN,bird,can02,740,BRT,tgb,0.7067289216201894,0.2671086473260335,0.18406423718344658,0.9748581081081081,0.9710910691151092,0.6896096112064846,3.4331045150756836
CAN,bird,can03,165,GLM,random,0.5182245135090002,0.004000383278415988,0.04824651705442317,0.900569696969697,0.8255432628653508,0.4403051662607135,3.416459560394287
CAN,bird,can03,165,GLM,tgb,0.6131655979298412,0.0889390672409745,0.04824651705442317,0.5696878787878787,0.4965907752776474,0.6360254561750868,1.099942684173584
CAN,bird,can03,165,BRT,random,0.5143324521673769,0.011254067983698254,0.04824651705442317,0.9039212121212122,0.8395307672148888,0.41824982565843694,5.536903381347656
CAN,bird,can03,165,BRT,tgb,0.6282107749514729,0.09150133591343963,0.04824651705442317,0.5400303030303031,0.37782292900599806,0.6800836953803528,3.6926963329315186
CAN,bird,can04,42,GLM,random,0.5008602530230584,0.00010296440195432105,0.06087433944135612,0.9556479166666666,0.9522720752581872,0.7159198378493399,2.3795831203460693
CAN,bird,can04,42,GLM,tgb,0.6262427387444153,0.10885611082630385,0.06087433944135612,0.9367076388888889,0.9265413562107512,0.718799115249925,0.8219923973083496
CAN,bird,can04,42,BRT,random,0.5441942992861585,0.07192714281419475,0.06087433944135612,0.9496729166666666,0.9382573075513889,0.6068773236526163,5.23185920715332
CAN,bird,can04,42,BRT,tgb,0.6435727816157712,0.1032850419606552,0.06087433944135612,0.9009020833333334,0.8880107657171676,0.6693982595904445,3.537921190261841
CAN,bird,can05,138,GLM,random,0.6267808222127487,0.10218431829370202,0.05806053119209389,0.9582988095238095,0.935859507814025,0.5644430615967846,3.3907947540283203
CAN,bird,can05,138,GLM,tgb,0.5903854848919377,0.08147018211751791,0.05806053119209389,0.8995723544973544,0.8051694194918537,0.5239119556809589,0.8575475215911865
CAN,bird,can05,138,BRT,random,0.6287012276780909,0.09441122208435154,0.05806053119209389,0.9650392857142857,0.9382192823394677,0.5807749716873729,5.008899927139282
CAN,bird,can05,138,BRT,tgb,0.6119028795101344,0.09623406814328152,0.05806053119209389,0.9120604497354498,0.8486017201817242,0.5345818670507623,3.4895100593566895
CAN,bird,can06,27,GLM,random,0.8874325170835423,0.1010297846081048,0.003637361883192643,0.9897533333333334,0.9833688503412411,0.7963833546780736,2.1801631450653076
CAN,bird,can06,27,GLM,tgb,0.8822145313430043,0.102942623459856,0.003637361883192643,0.9848866666666668,0.9584769292669484,0.699091204938163,0.7291901111602783
CAN,bird,can06,27,BRT,random,0.9043224156349827,0.12319019567184153,0.003637361883192643,0.9894399999999999,0.9822842004145061,0.6759926331319224,4.111436128616333
CAN,bird,can06,27,BRT,tgb,0.9062068687666839,0.11586024890452253,0.003637361883192643,0.97698,0.9412662366990804,0.6393704121924035,2.7293615341186523
CAN,bird,can07,221,GLM,random,0.6445120847775715,0.0816645321151159,0.02285361334156887,0.9795686868686868,0.9709394763464048,0.624833633052895,3.5691022872924805
CAN,bird,can07,221,GLM,tgb,0.6677352658178617,0.08697767487809124,0.02285361334156887,0.9713142424242426,0.9670367310207547,0.668277622000842,0.8188507556915283
CAN,bird,can07,221,BRT,random,0.6832866368264598,0.08262310721741001,0.02285361334156887,0.9832174747474749,0.9691020319097214,0.651493303629953,4.810170888900757
CAN,bird,can07,221,BRT,tgb,0.7047408765697851,0.0997598234954809,0.02285361334156887,0.972695505050505,0.9623976329695619,0.6735719245325384,3.4358456134796143
CAN,bird,can08,322,GLM,random,0.5343471080752845,0.061386531335425175,0.1784366206849221,0.9748879326923078,0.9563918849786175,0.6008302360411953,3.676025152206421
CAN,bird,can08,322,GLM,tgb,0.548597170726692,0.07940008642625292,0.1784366206849221,0.9562695673076924,0.9305988811945646,0.5860093303739584,0.886831521987915
CAN,bird,can08,322,BRT,random,0.5361696053925191,0.03885132914432052,0.1784366206849221,0.9770555288461539,0.9546973707991746,0.6033076500820391,4.793818712234497
CAN,bird,can08,322,BRT,tgb,0.5483077051592631,0.05917907435397913,0.1784366206849221,0.9585720673076924,0.9254259561473177,0.5732005862411724,3.3928868770599365
CAN,bird,can09,119,GLM,random,0.6893056175335448,0.07176831734694827,0.011186603527554732,0.9794317028985506,0.9756517408462454,0.6748246470083465,1.202859878540039
CAN,bird,can09,119,GLM,tgb,0.7636078116111362,0.09850361960266213,0.011186603527554732,0.9675164855072463,0.9627603516069382,0.6621231836969187,0.5022151470184326
CAN,bird,can09,119,BRT,random,0.7505824984756253,0.0847387372205303,0.011186603527554732,0.9811188405797102,0.9735632422114973,0.6650027508703097,5.413882493972778
CAN,bird,can09,119,BRT,tgb,0.7878138593760113,0.11823038068534088,0.011186603527554732,0.9690384057971014,0.9615017773164419,0.6359590560845323,3.4203684329986572
CAN,bird,can10,234,GLM,random,0.6928574857831452,0.20415948895129238,0.08585546633724521,0.976986170212766,0.9679825861443107,0.6433730548602794,2.3225295543670654
CAN,bird,can10,234,GLM,tgb,0.7155547033844396,0.2135411945219578,0.08585546633724521,0.9664020814061056,0.9576864103734184,0.6110666284174338,0.9572622776031494
CAN,bird,can10,234,BRT,random,0.6794542144062526,0.15430219642005963,0.08585546633724521,0.9751269657724329,0.9664857097740391,0.6289054800993751,4.735864877700806
CAN,bird,can10,234,BRT,tgb,0.703117536001229,0.17624469590433758,0.08585546633724521,0.9625143848288621,0.9500144220167706,0.6060610422217161,3.4599037170410156
CAN,bird,can11,478,GLM,random,0.5843118134037546,0.1604139791153157,0.30965616635783405,0.9657625986842104,0.948294554745536,0.6259256119989696,3.200122833251953
CAN,bird,can11,478,GLM,tgb,0.5709763305187339,0.11306820245754591,0.30965616635783405,0.8685290350877194,0.7882145733994995,0.6185676855238627,1.0657718181610107
CAN,bird,can11,478,BRT,random,0.5834824645407697,0.13210257091319527,0.30965616635783405,0.9694934649122807,0.944744414289571,0.5993006677431639,5.256157875061035
CAN,bird,can11,478,BRT,tgb,0.5581237256040426,0.08117496269411076,0.30965616635783405,0.888387423245614,0.7401537118069983,0.5698288079642704,3.3871912956237793
CAN,bird,can12,312,GLM,random,0.5474496860710651,0.043902357306871115,0.14034726511564066,0.8562519969278034,0.8044340234743199,0.41381375353990146,3.325653314590454
CAN,bird,can12,312,GLM,tgb,0.8266038522513757,0.3982954792420272,0.14034726511564066,0.4174376088069637,0.42550249556307784,0.7869072492903408,1.067948341369629
CAN,bird,can12,312,BRT,random,0.5592174243344016,0.08001266124628909,0.14034726511564066,0.8890336661546339,0.8236030775007694,0.533970824572185,5.3333423137664795
CAN,bird,can12,312,BRT,tgb,0.8251016272461349,0.41065821349374243,0.14034726511564066,0.4096423707117255,0.3418366828892996,0.8166719790479938,3.5320346355438232
CAN,bird,can13,39,GLM,random,0.3556750800927483,-0.11547393036120858,0.0504426600782376,0.7783357142857144,0.6850480147900662,0.39430874606985944,2.182889699935913
CAN,bird,can13,39,GLM,tgb,0.536715862985842,0.049788880447552475,0.0504426600782376,0.4310375000000001,0.40437944053868885,0.47516922051671323,0.7819645404815674
CAN,bird,can13,39,BRT,random,0.43117771248424197,-0.031833660852986334,0.0504426600782376,0.8679732142857143,0.7368854368352287,0.43578631677309165,5.648518323898315
CAN,bird,can13,39,BRT,tgb,0.588307589586861,0.05735487125702954,0.0504426600782376,0.4853875,0.3325988895514499,0.49138160480141335,3.8258094787597656
CAN,bird,can14,18,GLM,random,0.506882630019053,0.0036879856939412148,0.027451787797680323,0.7270083333333334,0.5685873704543358,0.3340620768785735,1.6656250953674316
CAN,bird,can14,18,GLM,tgb,0.7783975195822455,0.20345275152957787,0.027451787797680323,0.595075,0.47438144892524203,0.5363567458600119,0.7704362869262695
CAN,bird,can14,18,BRT,random,0.5105954943193847,0.011553865071619464,0.027451787797680323,0.7744833333333333,0.8043045428982204,0.5883291853630699,5.431963920593262
CAN,bird,can14,18,BRT,tgb,0.7777493649001481,0.07938730989774453,0.027451787797680323,0.5217833333333333,0.5075430607696017,0.7295493559637785,3.5164546966552734
CAN,bird,can15,721,GLM,random,0.6655739671568844,0.23256028191738123,0.20760414521995746,0.9490774329501915,0.9345418877008356,0.5182808784948555,3.4227685928344727
CAN,bird,can15,721,GLM,tgb,0.5894135566966772,0.12343681610400918,0.20760414521995746,0.8152998036398469,0.791003714273092,0.5222230331783855,0.9488658905029297
CAN,bird,can15,721,BRT,random,0.656108730725678,0.22471912767679791,0.20760414521995746,0.9581153591954024,0.9351821546131506,0.5300006270519599,5.187925577163696
CAN,bird,can15,721,BRT,tgb,0.5737916462071226,0.11079745736015481,0.20760414521995746,0.8586024473180076,0.829776516079184,0.5353607764403311,3.5775623321533203
CAN,bird,can16,57,GLM,random,0.4431324341004045,-0.03018885084508551,0.021686912360167458,0.7656015151515152,0.7084155975259808,0.405177962960389,2.135690927505493
CAN,bird,can16,57,GLM,tgb,0.7539449848820534,0.13987731569872214,0.021686912360167458,0.47240984848484846,0.4620948146127475,0.7100124743160021,0.7423036098480225
CAN,bird,can16,57,BRT,random,0.48483832010975497,0.01181245378971673,0.021686912360167458,0.8558719696969697,0.6890806906291294,0.42438195905196086,5.5595703125
CAN,bird,can16,57,BRT,tgb,0.7054162652233948,0.08587737443375523,0.021686912360167458,0.5225,0.4056248211396884,0.7575144549110087,3.7272560596466064
CAN,bird,can17,313,GLM,random,0.46108999027447733,-0.05411978015458753,0.18928007686500584,0.9212085765488991,0.8879379833829588,0.42965580493433525,2.0185706615448
CAN,bird,can17,313,GLM,tgb,0.731887526107071,0.30273907351376,0.18928007686500584,0.7383992575524833,0.7033503951741975,0.6172183476455867,0.8580794334411621
CAN,bird,can17,313,BRT,random,0.4949846922617608,-0.007908144437854758,0.18928007686500584,0.9370218637992831,0.8961597872824563,0.4716195953778823,4.808943748474121
CAN,bird,can17,313,BRT,tgb,0.7065159007047643,0.28066347520366497,0.18928007686500584,0.7377225806451613,0.6523353167489733,0.5930900979061937,2.5358924865722656
CAN,bird,can18,612,GLM,random,0.7556570550998448,0.23209563318969123,0.08125729188113376,0.9713639011062242,0.9593388608065204,0.6621512946035537,1.961216688156128
CAN,bird,can18,612,GLM,tgb,0.7305024956139377,0.22642426773534705,0.08125729188113376,0.9413429028388645,0.8804191490865068,0.6172390145286477,0.81052565574646
CAN,bird,can18,612,BRT,random,0.7393596033566248,0.22696758428255331,0.08125729188113376,0.9735263361322138,0.9636883899995331,0.6452054040140547,3.9879236221313477
CAN,bird,can18,612,BRT,tgb,0.738636489817673,0.23391811480379426,0.08125729188113376,0.943599600159936,0.9338685147973574,0.6475759401070924,2.4531795978546143
CAN,bird,can19,109,GLM,random,0.5291110996539952,0.008038162729388315,0.0016471072678608193,0.9666673160173159,0.9386457050706509,0.5882224852585525,1.642874002456665
CAN,bird,can19,109,GLM,tgb,0.556768577713618,0.006124195226730094,0.0016471072678608193,0.908464935064935,0.8621442911915015,0.5569605249377328,0.5002596378326416
CAN,bird,can19,109,BRT,random,0.5440798217272749,-0.0016481577930584795,0.0016471072678608193,0.9679664502164502,0.9541562784929539,0.6142131975132449,3.7020723819732666
CAN,bird,can19,109,BRT,tgb,0.596699491304049,0.010789757875018555,0.0016471072678608193,0.919990909090909,0.8741206528752052,0.6426320432479163,2.5079855918884277
CAN,bird,can20,380,GLM,random,0.6058034603920895,0.0671817058011598,0.061286116258321324,0.9140881578947369,0.8747275018891163,0.5230857486055814,1.664952278137207
CAN,bird,can20,380,GLM,tgb,0.7543838226416015,0.21386700076031573,0.061286116258321324,0.7026631578947369,0.6025073272315147,0.749884873579808,0.6499710083007812
CAN,bird,can20,380,BRT,random,0.6424246225005228,0.11065474492019911,0.061286116258321324,0.9297539473684212,0.8784148437581297,0.5521719198974993,4.0127854347229
CAN,bird,can20,380,BRT,tgb,0.7762995791707104,0.23359415888524382,0.061286116258321324,0.7034605263157895,0.5967135393527431,0.7623289296983634,2.324303150177002
NSW,ba,nsw01,26,GLM,random,0.6782592592592592,0.2028914583477541,0.21052631578947367,0.8902599999999999,0.8060900919775644,0.688137412775094,3.3550493717193604
NSW,ba,nsw01,26,GLM,tgb,0.6807037037037037,0.22899799790402778,0.21052631578947367,0.79787,0.6144924768633473,0.6510919408020858,0.2588062286376953
NSW,ba,nsw01,26,BRT,random,0.5583703703703704,0.05169554783929611,0.21052631578947367,0.8969733333333334,0.8738483429825392,0.7540767579173376,4.728126287460327
NSW,ba,nsw01,26,BRT,tgb,0.717888888888889,0.21422061581767893,0.21052631578947367,0.8616733333333334,0.8246291284966712,0.7916804692891649,1.5631155967712402
NSW,ba,nsw02,6,GLM,random,0.6051811654011225,0.14719198717471366,0.1824561403508772,0.7020500000000001,0.5541354720883663,0.5469696969696969,2.435267448425293
NSW,ba,nsw02,6,GLM,tgb,0.6477488445031364,0.2715826640347611,0.1824561403508772,0.6547499999999999,0.5850302831620184,0.6975378787878789,0.29519200325012207
NSW,ba,nsw02,6,BRT,random,0.5780166721690327,0.024186629172091315,0.1824561403508772,0.8278000000000001,0.7533832753861175,0.60625,4.024493932723999
NSW,ba,nsw02,6,BRT,tgb,0.6035304555959062,0.15444256968741574,0.1824561403508772,0.68555,0.5036729110475556,0.6293560606060606,1.089151382446289
NSW,ba,nsw03,12,GLM,random,0.7046578194119177,0.12037697672715655,0.03684210526315789,0.8525166666666667,0.8523161652471272,0.8250893460832609,2.533942461013794
NSW,ba,nsw03,12,GLM,tgb,0.7115968427443837,0.16285834973897748,0.03684210526315789,0.7946666666666667,0.8170156052778947,0.8218475321162948,0.289963960647583
NSW,ba,nsw03,12,BRT,random,0.6017000607164542,0.033234152373274484,0.03684210526315789,0.8790333333333333,0.8799574213707759,0.8321664010431757,4.0769195556640625
NSW,ba,nsw03,12,BRT,tgb,0.691213461705265,0.0500534192790327,0.03684210526315789,0.7933999999999999,0.7492578576630458,0.7419341012266976,0.909435510635376
NSW,ba,nsw04,49,GLM,random,0.8052568697729988,0.15671241707019304,0.021052631578947368,0.9360933333333332,0.8402348506884977,0.6484566176222186,3.258108377456665
NSW,ba,nsw04,49,GLM,tgb,0.7955495818399044,0.16256507330695233,0.021052631578947368,0.8209466666666666,0.7338685683721464,0.6254257109755832,0.28166770935058594
NSW,ba,nsw04,49,BRT,random,0.8437873357228195,0.1757323632104635,0.021052631578947368,0.9681811111111113,0.8359192626056923,0.6632728276270475,4.666435956954956
NSW,ba,nsw04,49,BRT,tgb,0.8790322580645161,0.22184411611104723,0.021052631578947368,0.9113222222222224,0.7359102317141534,0.6588123761717113,1.2751660346984863
NSW,ba,nsw05,22,GLM,random,0.5349999999999999,0.05661482038222026,0.07017543859649122,0.7599500000000001,0.691176373124273,0.6132830071974809,2.7785205841064453
NSW,ba,nsw05,22,GLM,tgb,0.5868396226415095,0.11181582507089988,0.07017543859649122,0.76625,0.744982094228646,0.8161022548358075,0.2826197147369385
NSW,ba,nsw05,22,BRT,random,0.432311320754717,-0.023609022841601417,0.07017543859649122,0.70985,0.7748345438871949,0.5939081477732794,4.940547227859497
NSW,ba,nsw05,22,BRT,tgb,0.5610377358490566,0.04598175256124518,0.07017543859649122,0.465505,0.49764026069166556,0.7227247807017544,1.3802947998046875
NSW,ba,nsw06,44,GLM,random,0.4718993459150939,-0.0364996024530722,0.33157894736842103,0.8097666666666667,0.8012731771144619,0.6443501984126984,3.3372602462768555
NSW,ba,nsw06,44,GLM,tgb,0.494840922662445,0.03036319647166659,0.33157894736842103,0.6166027777777778,0.5962031865093601,0.751795634920635,0.29018545150756836
NSW,ba,nsw06,44,BRT,random,0.479565054368204,-0.06558695119421525,0.33157894736842103,0.916563888888889,0.9124436481473837,0.7385119047619048,5.2525248527526855
NSW,ba,nsw06,44,BRT,tgb,0.5378216611812413,0.06110122610987159,0.33157894736842103,0.8077736111111111,0.7094541785775722,0.6725363756613757,1.6363775730133057
NSW,ba,nsw07,28,GLM,random,0.7351797442101625,0.23060277992586545,0.07719298245614035,0.9111866666666666,0.8615780704571723,0.6877832674571804,3.108234405517578
NSW,ba,nsw07,28,GLM,tgb,0.7692706533010716,0.2764621820347019,0.07719298245614035,0.8456400000000001,0.8137929327034721,0.7535681347637869,0.29791927337646484
NSW,ba,nsw07,28,BRT,random,0.7017801590044938,0.2761518819538696,0.07719298245614035,0.8619433333333333,0.8443963365131475,0.6576336344814605,5.182202577590942
NSW,ba,nsw07,28,BRT,tgb,0.7786467334946422,0.2940466706335358,0.07719298245614035,0.7915166666666666,0.6747972289214014,0.6867250141163186,1.5615549087524414
NSW,db,nsw08,129,GLM,random,0.85,0.2435771906074246,0.02849002849002849,0.924592,0.9117686484730363,0.8382523101398569,3.785491943359375
NSW,db,nsw08,129,GLM,tgb,0.86158357771261,0.2761777525617079,0.02849002849002849,0.7608950769230769,0.7381561563441057,0.8664557530728629,0.5557162761688232
NSW,db,nsw08,129,BRT,random,0.8511730205278593,0.2607513142150681,0.02849002849002849,0.9626643076923077,0.9441046751684861,0.8554100909187472,5.504236221313477
NSW,db,nsw08,129,BRT,tgb,0.8832111436950147,0.29643168472356174,0.02849002849002849,0.9071773846153846,0.884085039342357,0.8787901692511516,2.626573085784912
NSW,db,nsw09,426,GLM,random,0.5932051948051947,0.09845476293168526,0.10968660968660969,0.8353000820793435,0.801980899278038,0.5664875878977353,4.010704278945923
NSW,db,nsw09,426,GLM,tgb,0.6721038961038961,0.18255860644184202,0.10968660968660969,0.5155145006839945,0.5045792555840964,0.7336075383675725,0.9988377094268799
NSW,db,nsw09,426,BRT,random,0.6418077922077922,0.14774955444558094,0.10968660968660969,0.8482505882352941,0.8165083913154639,0.5624886618079481,5.591048240661621
NSW,db,nsw09,426,BRT,tgb,0.7046025974025975,0.21728633799325647,0.10968660968660969,0.6063276470588235,0.5522338607864055,0.7560276594546804,1.9935755729675293
NSW,db,nsw10,65,GLM,random,0.9636015325670498,0.21450525604419599,0.008547008547008548,0.9413846153846155,0.9300718534151219,0.8291661699410531,2.0487232208251953
NSW,db,nsw10,65,GLM,tgb,0.9614463601532567,0.2621726431924345,0.008547008547008548,0.9153692307692308,0.9330355717364345,0.8392944696586284,0.5957965850830078
NSW,db,nsw10,65,BRT,random,0.9808429118773947,0.3453810688512123,0.008547008547008548,0.9684615384615384,0.9546306801486724,0.8756429054296044,5.77932071685791
NSW,db,nsw10,65,BRT,tgb,0.9858716475095785,0.4197222449294381,0.008547008547008548,0.9240076923076923,0.909969527762019,0.8540019528409066,1.811396598815918
NSW,db,nsw11,48,GLM,random,0.6067658164444787,0.0379094691161908,0.027065527065527065,0.9184266666666667,0.9231255043812304,0.8309943650794445,2.7732958793640137
NSW,db,nsw11,48,GLM,tgb,0.767511751560453,0.1591412856105661,0.027065527065527065,0.8382555555555555,0.788704086050003,0.8098334845703077,0.5558466911315918
NSW,db,nsw11,48,BRT,random,0.5302458195268552,0.023348364198990265,0.027065527065527065,0.9310344444444445,0.888205282853509,0.7692711078686878,5.616771697998047
NSW,db,nsw11,48,BRT,tgb,0.7457039377359944,0.051547958105384005,0.027065527065527065,0.8670200000000001,0.8128049639620315,0.7831723402244797,2.1221678256988525
NSW,db,nsw12,139,GLM,random,0.6779698216735253,0.11374690106255979,0.038461538461538464,0.9011825396825397,0.8698816454342595,0.6929343499436591,3.61940860748291
NSW,db,nsw12,139,GLM,tgb,0.7643895747599451,0.18667266302516114,0.038461538461538464,0.8203335978835978,0.7636597485084217,0.6648732220724453,0.7364468574523926
NSW,db,nsw12,139,BRT,random,0.6452126200274347,0.08782238597236235,0.038461538461538464,0.9159855158730158,0.8968352421435777,0.7199088930200741,5.382161617279053
NSW,db,nsw12,139,BRT,tgb,0.7595061728395063,0.20625124235929396,0.038461538461538464,0.8324161375661376,0.8066220392535058,0.7349037538962853,2.0791726112365723
NSW,db,nsw13,155,GLM,random,0.7891285081240768,0.19085205395694696,0.03561253561253561,0.9372774193548385,0.9243128143380478,0.8159432697088178,3.6170308589935303
NSW,db,nsw13,155,GLM,tgb,0.8495125553914328,0.26532376937392244,0.03561253561253561,0.8943516129032257,0.8571448573226779,0.8268297963477643,0.7223598957061768
NSW,db,nsw13,155,BRT,random,0.8291875923190547,0.2211002509216336,0.03561253561253561,0.9676612903225807,0.9393916175344135,0.8386851249698022,5.5040435791015625
NSW,db,nsw13,155,BRT,tgb,0.83397341211226,0.3067194698546869,0.03561253561253561,0.9193774193548387,0.877572949727837,0.8502163364186964,2.1238296031951904
NSW,db,nsw14,315,GLM,random,0.701220422268401,0.30229295568315473,0.22934472934472935,0.900357142857143,0.8474027294178551,0.6430911027086993,4.824334383010864
NSW,db,nsw14,315,GLM,tgb,0.7849278423898692,0.4185290438538658,0.22934472934472935,0.770420634920635,0.7187886263224862,0.6740544151175456,0.6187121868133545
NSW,db,nsw14,315,BRT,random,0.6611405150342705,0.22198540686643287,0.22934472934472935,0.9193079365079365,0.8906837121766422,0.6833760123497292,5.391918659210205
NSW,db,nsw14,315,BRT,tgb,0.7992560360960265,0.44186130305371446,0.22934472934472935,0.8427777777777777,0.7962535565823186,0.7199034243607663,2.323838233947754
NSW,db,nsw15,236,GLM,random,0.7773986548155638,0.36967486071473343,0.1752136752136752,0.9130633865248227,0.8963165298760757,0.7660638537375295,4.536163568496704
NSW,db,nsw15,236,GLM,tgb,0.797885336366317,0.4060903548232009,0.1752136752136752,0.8783516400709219,0.8529130422414699,0.7812888316405138,0.5892848968505859
NSW,db,nsw15,236,BRT,random,0.8100874791131331,0.429393448592607,0.1752136752136752,0.934521409574468,0.907213424494616,0.7895412024898305,5.40231466293335
NSW,db,nsw15,236,BRT,tgb,0.8279483831107741,0.4550925624078589,0.1752136752136752,0.8957705673758865,0.8580477287075882,0.8002587763384245,2.337538242340088
NSW,nb,nsw16,120,GLM,random,0.6343797048022399,0.1626284259807936,0.12576956904133685,0.8499708333333335,0.8282269390327244,0.593778518889182,2.9403793811798096
NSW,nb,nsw16,120,GLM,tgb,0.5829100476987801,0.09806370698800042,0.12576956904133685,0.79415,0.7765129501542869,0.6476646771521324,0.2680370807647705
NSW,nb,nsw16,120,BRT,random,0.6268098099084014,0.13245622599581172,0.12576956904133685,0.8935458333333333,0.8808964288068328,0.656804040791944,5.1672446727752686
NSW,nb,nsw16,120,BRT,tgb,0.6223283758495026,0.1367043711136185,0.12576956904133685,0.7729916666666667,0.7305447014869956,0.6223731803010477,1.7618660926818848
NSW,nb,nsw17,148,GLM,random,0.5955025776866332,0.11200640593727286,0.12401055408970976,0.8317811494252874,0.8059185314033469,0.5528460694628754,1.7610411643981934
NSW,nb,nsw17,148,GLM,tgb,0.5364436469281381,0.040736731604229345,0.12401055408970976,0.487358275862069,0.4833778816169406,0.5869414190783534,0.322192907333374
NSW,nb,nsw17,148,BRT,random,0.5720470534620752,0.08203326997799143,0.12401055408970976,0.8432928735632185,0.8042825509180724,0.484156543177739,5.773523330688477
NSW,nb,nsw17,148,BRT,tgb,0.5347275627332023,0.04390280815428688,0.12401055408970976,0.5278345977011495,0.5046416451185682,0.6256320544546726,1.5301353931427002
NSW,ot,nsw18,69,GLM,random,0.6122671670836808,0.1510493317614975,0.21204819277108433,0.723167032967033,0.5967690228013611,0.6162736198833485,1.9108569622039795
NSW,ot,nsw18,69,GLM,tgb,0.6738128996385877,0.21837501101956003,0.21204819277108433,0.6922016483516483,0.578879085346132,0.6464022328469284,0.34598827362060547
NSW,ot,nsw18,69,BRT,random,0.6876146788990827,0.19370355430250447,0.21204819277108433,0.7404637362637363,0.6724817416837793,0.7265242523838581,5.480283260345459
NSW,ot,nsw18,69,BRT,tgb,0.728185988323603,0.27221672363225946,0.21204819277108433,0.737643956043956,0.6878736135992798,0.7817311385028776,1.6318519115447998
NSW,ot,nsw19,47,GLM,random,0.8191508104298801,0.14572921807036407,0.005301204819277108,0.8166233333333333,0.7558915062407088,0.7990254122107988,1.9649467468261719
NSW,ot,nsw19,47,GLM,tgb,0.8494097956307258,0.1146012470303536,0.005301204819277108,0.8100155555555555,0.7420755958698247,0.7844218124200009,0.3065781593322754
NSW,ot,nsw19,47,BRT,random,0.9421247357293868,0.17090183376693427,0.005301204819277108,0.847591111111111,0.7537647090282735,0.8034362139917697,5.5244622230529785
NSW,ot,nsw19,47,BRT,tgb,0.9642353770260748,0.2403393012160323,0.005301204819277108,0.8635877777777778,0.7990504515218851,0.8690778073688701,1.5331318378448486
NSW,ot,nsw20,18,GLM,random,0.7632549134021166,0.19137141473841568,0.01783132530120482,0.7787083333333333,0.8588194174376289,0.8751791321947417,1.8539745807647705
NSW,ot,nsw20,18,GLM,tgb,0.5857226215420523,0.20468052598152744,0.01783132530120482,0.7411,0.8347910725284088,0.8523814773038009,0.267061710357666
NSW,ot,nsw20,18,BRT,random,0.8721587141606769,0.14903546442344476,0.01783132530120482,0.8896833333333334,0.874090555002024,0.9161341393532847,4.985715627670288
NSW,ot,nsw20,18,BRT,tgb,0.8755404079250988,0.2440088764071801,0.01783132530120482,0.8767750000000001,0.8089569471072238,0.8566334347127922,1.2500243186950684
NSW,ot,nsw21,37,GLM,random,0.7738006792613034,0.1988543203684131,0.026987951807228915,0.7097089285714285,0.600839166214756,0.5775095418383657,1.6747353076934814
NSW,ot,nsw21,37,GLM,tgb,0.7375645652020095,0.139479205271255,0.026987951807228915,0.7055928571428571,0.5816722201820429,0.5578734233873123,0.3056912422180176
NSW,ot,nsw21,37,BRT,random,0.9066457935328663,0.2710682308138376,0.026987951807228915,0.8201303571428571,0.7033312784420966,0.6858834903872782,5.170499563217163
NSW,ot,nsw21,37,BRT,tgb,0.8720105427014788,0.23759787648628497,0.026987951807228915,0.7672,0.6827223352440059,0.6993844993690772,1.700622320175171
NSW,ot,nsw22,17,GLM,random,0.5553398058252428,0.0677728975418481,0.007228915662650603,0.87585,0.7971941522145592,0.81355729668548,1.4721951484680176
NSW,ot,nsw22,17,GLM,tgb,0.5403559870550161,0.11959217169351602,0.007228915662650603,0.870575,0.8796803282178758,0.9011294826235403,0.2373509407043457
NSW,ot,nsw22,17,BRT,random,0.8031715210355987,0.01495323395865254,0.007228915662650603,0.8284166666666668,0.7530506300776819,0.8002838364680469,3.835967540740967
NSW,ot,nsw22,17,BRT,tgb,0.8616181229773463,0.13147161931766818,0.007228915662650603,0.9026916666666667,0.8967939509227143,0.9154960881934566,1.1715948581695557
NSW,ot,nsw23,60,GLM,random,0.7754218913270639,0.35605824570340444,0.23132530120481928,0.774475,0.7584238566069635,0.7534577677191511,1.80238938331604
NSW,ot,nsw23,60,GLM,tgb,0.7313257575757576,0.2748993591041731,0.23132530120481928,0.7562749999999999,0.7674865843873592,0.7754625849560488,0.2842381000518799
NSW,ot,nsw23,60,BRT,random,0.7263414315569487,0.20108946471474473,0.23132530120481928,0.7964583333333333,0.7374444728592626,0.6879264598557515,5.365100383758545
NSW,ot,nsw23,60,BRT,tgb,0.7757771682340648,0.28511649578522724,0.23132530120481928,0.8064333333333333,0.764270269975488,0.7532217801635988,1.7519652843475342
NSW,ot,nsw24,68,GLM,random,0.6371829949647069,0.10720819499327676,0.08867469879518072,0.6963423076923076,0.71473528692622,0.7105400311362476,1.7612013816833496
NSW,ot,nsw24,68,GLM,tgb,0.6355189340813463,0.12133924515116094,0.08867469879518072,0.6847653846153847,0.6930959783474764,0.7339454393671098,0.25354790687561035
NSW,ot,nsw24,68,BRT,random,0.6476387004805371,0.07138639613424459,0.08867469879518072,0.7129445054945055,0.6757284509341592,0.6759182284775647,5.415468454360962
NSW,ot,nsw24,68,BRT,tgb,0.6828253971903525,0.15528259763015012,0.08867469879518072,0.7034576923076923,0.6812699080057829,0.7468489071370132,1.771618127822876
NSW,ot,nsw25,23,GLM,random,0.5875800781701703,0.019568025257212626,0.041927710843373496,0.7034849999999999,0.775496977060219,0.7509019230355356,1.1528112888336182
NSW,ot,nsw25,23,GLM,tgb,0.5589196096116932,0.015413966561839692,0.041927710843373496,0.73095,0.722263522320809,0.7143932821906445,0.22193455696105957
NSW,ot,nsw25,23,BRT,random,0.6385699252989199,0.04356738301497541,0.041927710843373496,0.5615399999999999,0.5698290768929709,0.5477084592824764,8.310202360153198
NSW,ot,nsw25,23,BRT,tgb,0.70264402506996,0.07016821314128752,0.041927710843373496,0.526435,0.5923429215169461,0.5993221735055828,4.80646824836731
NSW,ou,nsw26,10,GLM,random,0.3567039719113452,-0.03373045534224454,0.0053475935828877,0.38345,0.42784510870894976,0.4363027397490849,1.6688928604125977
NSW,ou,nsw26,10,GLM,tgb,0.2576256308975203,-0.045364765208635416,0.0053475935828877,0.32120000000000004,0.34086866000523136,0.385869481631539,0.251723051071167
NSW,ou,nsw26,10,BRT,random,0.7801184990125082,-0.0035860692472703863,0.0053475935828877,0.7562,0.7248208494724482,0.7327224374623686,10.96788501739502
NSW,ou,nsw26,10,BRT,tgb,0.8327847267939434,0.01498462166852242,0.0053475935828877,0.8128500000000001,0.7367180203686077,0.740684738698022,3.9968085289001465
NSW,ou,nsw27,23,GLM,random,0.5307922388680815,0.04092025101196966,0.33995416348357527,0.61727,0.6091040428712832,0.5988487654320986,2.2460083961486816
NSW,ou,nsw27,23,GLM,tgb,0.4895365168539326,-0.024119984038705397,0.33995416348357527,0.6136800000000001,0.607285092711263,0.6133456790123457,0.2262723445892334
NSW,ou,nsw27,23,BRT,random,0.4962676862255514,-0.0025867392630993576,0.33995416348357527,0.639775,0.6595909143869386,0.6005185185185186,13.980000019073486
NSW,ou,nsw27,23,BRT,tgb,0.5435393258426966,0.07331144395623548,0.33995416348357527,0.6144149999999999,0.5828879462369331,0.5670956790123457,4.755900621414185
NSW,ou,nsw28,53,GLM,random,0.5851827164366374,0.19489850402613046,0.39113827349121466,0.5997763636363637,0.5379029061124168,0.5650145341359263,2.236051559448242
NSW,ou,nsw28,53,GLM,tgb,0.5879960006273526,0.15883273126508962,0.39113827349121466,0.5313263636363637,0.49319496763863235,0.5382342045648498,0.24234318733215332
NSW,ou,nsw28,53,BRT,random,0.6540567165934755,0.22297519657245807,0.39113827349121466,0.7092709090909091,0.6458171616996486,0.5831852562327946,14.67415475845337
NSW,ou,nsw28,53,BRT,tgb,0.5755004117001254,0.08845525698687931,0.39113827349121466,0.5577390909090909,0.5018154140175698,0.5327353799127992,4.995497226715088
NSW,ou,nsw29,12,GLM,random,0.6311644719855408,0.12057212837836487,0.013750954927425516,0.4385,0.5479979784786735,0.6156995750245178,1.6293444633483887
NSW,ou,nsw29,12,GLM,tgb,0.6167053963335916,0.10168298703940919,0.013750954927425516,0.5612166666666667,0.5814154247775296,0.6612502200316845,0.22961878776550293
NSW,ou,nsw29,12,BRT,random,0.5666580600740168,0.15827829939239324,0.013750954927425516,0.5858166666666668,0.5517247815822567,0.576158623984711,11.367420434951782
NSW,ou,nsw29,12,BRT,tgb,0.6574576125311989,0.12030675203286142,0.013750954927425516,0.5462499999999999,0.5800644479174423,0.6598743933412126,3.637817859649658
NSW,ou,nsw30,2,GLM,random,0.5372463034800697,-0.01062945361504587,0.5294117647058824,,,,0.1862778663635254
NSW,ou,nsw30,2,GLM,tgb,0.5642323044920448,-0.029443768197332076,0.5294117647058824,,,,0.010213851928710938
NSW,ou,nsw30,2,BRT,random,0.38057523284796013,0.021005757877999756,0.5294117647058824,,,,0.4485177993774414
NSW,ou,nsw30,2,BRT,tgb,0.45263863121005987,-0.026576160234879,0.5294117647058824,,,,0.10446667671203613
NSW,ou,nsw31,24,GLM,random,0.5378062787136294,0.057620963239322205,0.4988540870893812,0.6503,0.6471363499414468,0.6467409868340102,1.4027040004730225
NSW,ou,nsw31,24,GLM,tgb,0.5198497553505397,0.02405931242014032,0.4988540870893812,0.598155,0.5907783747283358,0.6265212255444814,0.24437689781188965
NSW,ou,nsw31,24,BRT,random,0.5211336981287118,0.015039075665088143,0.4988540870893812,0.697945,0.5867283482006562,0.516327796234773,15.755896091461182
NSW,ou,nsw31,24,BRT,tgb,0.49626956261905647,0.003959735395203631,0.4988540870893812,0.6467750000000001,0.5529677506690605,0.5458919650547557,4.8245885372161865
NSW,ou,nsw32,28,GLM,random,0.7427067881613336,0.11267880961537494,0.01680672268907563,0.8189033333333333,0.7887666392468557,0.7616128389154705,3.0256175994873047
NSW,ou,nsw32,28,GLM,tgb,0.6757434484707212,0.0638985249273373,0.01680672268907563,0.7505666666666666,0.6762208650227198,0.6503332194121669,1.1212759017944336
NSW,ou,nsw32,28,BRT,random,0.8174048174048174,0.20807335820055883,0.01680672268907563,0.8766,0.7614165623702946,0.6999814878104352,14.734279870986938
NSW,ou,nsw32,28,BRT,tgb,0.7365967365967366,0.1640103949747527,0.01680672268907563,0.8147366666666667,0.7335900245413463,0.6623234221918433,4.229215383529663
NSW,ou,nsw33,15,GLM,random,0.5207470099033178,0.012865389814619398,0.3919022154316272,0.4033666666666667,0.37780393094824094,0.3678101138556018,3.909071683883667
NSW,ou,nsw33,15,GLM,tgb,0.5177569132210761,0.01345095775189962,0.3919022154316272,0.4356333333333334,0.45476796944599107,0.49178914975136545,1.183201551437378
NSW,ou,nsw33,15,BRT,random,0.4951879279438126,0.04198301946673414,0.3919022154316272,0.5304333333333332,0.5894888814733044,0.5001146028640526,16.544650554656982
NSW,ou,nsw33,15,BRT,tgb,0.5362766561854104,0.06241424289058724,0.3919022154316272,0.3657333333333333,0.4627568488297088,0.41951828754653403,4.730172872543335
NSW,rt,nsw34,6,GLM,random,0.5477287828578442,0.04045519450755829,0.32722007722007723,0.5901,0.5173099921513166,0.32456140350877194,5.6484291553497314
NSW,rt,nsw34,6,GLM,tgb,0.5342026298971996,0.046532129936511776,0.32722007722007723,0.4575,0.42889334349620195,0.24287280701754388,0.7321343421936035
NSW,rt,nsw34,6,BRT,random,0.5157755742055078,-0.0009431940605081334,0.32722007722007723,0.64365,0.5123181250642831,0.38103070175438597,13.477662563323975
NSW,rt,nsw34,6,BRT,tgb,0.527604609726472,0.01760855799014945,0.32722007722007723,0.51205,0.4327239678504398,0.46363304093567254,3.01124906539917
NSW,rt,nsw35,6,GLM,random,0.4124233811594699,-0.02167466229008037,0.027992277992277992,0.7554000000000001,0.5925992126400375,0.35096153846153844,6.684006452560425
NSW,rt,nsw35,6,GLM,tgb,0.42790124302297705,-0.011131547845412166,0.027992277992277992,0.6355999999999999,0.5419797467883433,0.3460273279352226,0.6966667175292969
NSW,rt,nsw35,6,BRT,random,0.595161456014793,-0.018168362821358697,0.027992277992277992,0.85775,0.750332139829535,0.5439861673414306,12.257992029190063
NSW,rt,nsw35,6,BRT,tgb,0.43105160428723077,-0.05513527378067403,0.027992277992277992,0.6393000000000001,0.5791012102316708,0.4211791497975709,2.952338457107544
NSW,rt,nsw36,7,GLM,random,0.7735707591377695,0.3574518779352127,0.0637065637065637,0.9660500000000001,0.9583355780476108,0.8430752361673414,6.277939081192017
NSW,rt,nsw36,7,GLM,tgb,0.7281630740393628,0.3681047350296294,0.0637065637065637,0.8028000000000001,0.7959099307929511,0.6022857624831308,0.7001655101776123
NSW,rt,nsw36,7,BRT,random,0.8749765698219306,0.19385693078224478,0.0637065637065637,0.90565,0.8691603243094712,0.7713394062078274,11.848323822021484
NSW,rt,nsw36,7,BRT,tgb,0.9244611059044049,0.572504585933885,0.0637065637065637,0.77675,0.7487907739632221,0.7267375168690958,2.968848943710327
NSW,rt,nsw37,6,GLM,random,0.5211727389415481,0.06460653671878056,0.18532818532818532,0.7205999999999999,0.8153924462489789,0.761437908496732,5.9587743282318115
NSW,rt,nsw37,6,GLM,tgb,0.5477574545813586,0.029215942906207017,0.18532818532818532,0.7362500000000001,0.8039801815396029,0.6960784313725491,0.7253851890563965
NSW,rt,nsw37,6,BRT,random,0.4770098983017377,-0.008906533067740127,0.18532818532818532,0.77745,0.7837586144785801,0.7197712418300654,11.21332597732544
NSW,rt,nsw37,6,BRT,tgb,0.4885435179699842,0.0027310448959994627,0.18532818532818532,0.8100999999999999,0.7205120519646178,0.7598039215686274,2.9303460121154785
NSW,rt,nsw38,9,GLM,random,0.5589039401249458,-0.052398532294273124,0.08204633204633205,0.8664000000000002,0.8657184975714227,0.9004329004329004,5.693347454071045
NSW,rt,nsw38,9,GLM,tgb,0.32132120987196133,-0.06336800685287462,0.08204633204633205,0.90105,0.9205790934863116,0.9518398268398268,0.5767190456390381
NSW,rt,nsw38,9,BRT,random,0.43037669326405636,-0.01837908206780468,0.08204633204633205,0.8123000000000001,0.7407082498757624,0.6818181818181819,9.815440893173218
NSW,rt,nsw38,9,BRT,tgb,0.4879940619781035,-0.02383323072311065,0.08204633204633205,0.78895,0.7111354244367816,0.7721861471861472,2.45269775390625
NSW,rt,nsw39,16,GLM,random,0.5504683349643507,0.03510936444076263,0.3996138996138996,0.5337249999999999,0.6224373015761391,0.4586118538324421,8.004314422607422
NSW,rt,nsw39,16,GLM,tgb,0.5453539307516659,-0.002282996973141048,0.3996138996138996,0.45255,0.4454697903372328,0.5840574866310161,0.89638352394104
NSW,rt,nsw39,16,BRT,random,0.5587748730136539,0.04489725786630394,0.3996138996138996,0.6052083333333333,0.6725778211217174,0.4518716577540107,16.532478094100952
NSW,rt,nsw39,16,BRT,tgb,0.47411148391506286,-0.08105856828209404,0.3996138996138996,0.41234166666666666,0.43321816475907554,0.6599821746880571,3.729039192199707
NSW,rt,nsw40,14,GLM,random,0.6600766119575548,0.2451411259320397,0.3465250965250965,0.6465,0.5737642044511367,0.40064102564102566,8.433119773864746
NSW,rt,nsw40,14,GLM,tgb,0.6351345235205292,0.2119497993279105,0.3465250965250965,0.6626,0.6285135590292841,0.6181318681318683,0.8106143474578857
NSW,rt,nsw40,14,BRT,random,0.6333282587854826,0.06030246374363186,0.3465250965250965,0.8574333333333334,0.7753622157548855,0.7130036630036629,15.396658658981323
NSW,rt,nsw40,14,BRT,tgb,0.6273786943051229,0.15408761775869995,0.3465250965250965,0.7083999999999999,0.6901498922668972,0.695054945054945,3.6235055923461914
NSW,ru,nsw41,5,GLM,random,0.5794386598836748,0.054674448701634785,0.18811881188118812,0.8032,0.89793422142186,0.849228430110783,6.624341726303101
NSW,ru,nsw41,5,GLM,tgb,0.5567203917653212,0.021981165896021962,0.18811881188118812,0.6788000000000001,0.6729874869247143,0.6683668963080727,0.6384093761444092
NSW,ru,nsw41,5,BRT,random,0.5757381258023107,-0.011345988741141773,0.18811881188118812,0.7458,0.6141618759986837,0.47091944886062537,10.828037977218628
NSW,ru,nsw41,5,BRT,tgb,0.5285107529437867,0.010465744761330675,0.18811881188118812,0.7781,0.6914256427298785,0.6543171322583088,3.8883869647979736
NSW,ru,nsw42,11,GLM,random,0.9292817679558011,0.12694865611203637,0.0044004400440044,0.9463333333333332,0.9330833256180857,0.8746671786994368,5.524121999740601
NSW,ru,nsw42,11,GLM,tgb,0.44088397790055245,-0.00693800774033116,0.0044004400440044,0.8844666666666667,0.7856334877440556,0.6750896057347671,0.6269028186798096
NSW,ru,nsw42,11,BRT,random,0.7917127071823203,0.03958852944741269,0.0044004400440044,0.874,0.744056009576365,0.6363287250384024,10.312726497650146
NSW,ru,nsw42,11,BRT,tgb,0.8337016574585635,0.15212817269672543,0.0044004400440044,0.9224333333333334,0.9034447282382568,0.8211341525857655,3.026581287384033
NSW,ru,nsw43,42,GLM,random,0.5687697076585965,0.10293716718875437,0.2376237623762376,0.67895,0.7351715923041746,0.5418831168831169,9.20781397819519
NSW,ru,nsw43,42,GLM,tgb,0.5172291700069478,0.011180566398210093,0.2376237623762376,0.5533625000000001,0.5532397318564983,0.488977873977874,0.9188487529754639
NSW,ru,nsw43,42,BRT,random,0.6601731601731602,0.15535694979582151,0.2376237623762376,0.7504027777777778,0.7561848962681542,0.486919191919192,14.8060462474823
NSW,ru,nsw43,42,BRT,tgb,0.5044826572604351,-0.0004590127962172051,0.2376237623762376,0.5672583333333333,0.5569499297251563,0.5916233766233766,1.362421989440918
NSW,ru,nsw44,16,GLM,random,0.9851851851851853,0.43982715364948655,0.009900990099009901,0.7936583333333334,0.8476304899975118,0.7892342951166481,6.632083415985107
NSW,ru,nsw44,16,GLM,tgb,0.9369135802469136,0.26264884703589586,0.009900990099009901,0.8003750000000001,0.798138696537086,0.7534434193257724,0.9398250579833984
NSW,ru,nsw44,16,BRT,random,0.9767901234567902,0.5785087903909006,0.009900990099009901,0.7950333333333333,0.8380186363738783,0.6983105783105783,15.540793657302856
NSW,ru,nsw44,16,BRT,tgb,0.9548148148148148,0.37798145893462104,0.009900990099009901,0.8347166666666667,0.9082699071240535,0.8874776204187969,1.3911969661712646
NSW,ru,nsw45,22,GLM,random,0.6383108705050847,0.1601364932353524,0.15181518151815182,0.7173550000000001,0.562449742342784,0.6085514372441367,8.549504518508911
NSW,ru,nsw45,22,GLM,tgb,0.4980544747081712,-0.02051465324931045,0.15181518151815182,0.5628599999999999,0.4366784919964001,0.6057635841803923,1.0367512702941895
NSW,ru,nsw45,22,BRT,random,0.71809620481588,0.1551898503101395,0.15181518151815182,0.7634649999999998,0.7096720755072797,0.6964734049199245,13.91382884979248
NSW,ru,nsw45,22,BRT,tgb,0.5926709148668208,0.08341471406764837,0.15181518151815182,0.58158,0.5373549789786969,0.7525658905327836,1.402104139328003
NSW,ru,nsw46,14,GLM,random,0.9661429105873551,0.5578833638511347,0.019801980198019802,0.99175,0.9881941869038671,0.9458683473389357,6.35466194152832
NSW,ru,nsw46,14,GLM,tgb,0.8786008230452674,0.4153696305452099,0.019801980198019802,0.9338666666666666,0.8414393862916797,0.8989495798319327,0.6904611587524414
NSW,ru,nsw46,14,BRT,random,0.9915824915824916,0.6000728706958434,0.019801980198019802,0.9818833333333334,0.9910339475148535,0.9771008403361345,10.33219027519226
NSW,ru,nsw46,14,BRT,tgb,0.9948871430352911,0.7556748909906673,0.019801980198019802,0.97285,0.9701756772939829,0.9060224089635854,3.2199501991271973
NSW,sr,nsw47,41,GLM,random,0.9088594704684319,0.29834848968164795,0.025793650793650792,0.9934666666666665,0.9803240895887926,0.8158561619523617,10.149195432662964
NSW,sr,nsw47,41,GLM,tgb,0.9268369105436316,0.35046091660525913,0.025793650793650792,0.9541958333333334,0.9499338813308398,0.7886480892934531,1.018160104751587
NSW,sr,nsw47,41,BRT,random,0.9473601754660818,0.38556194916497244,0.025793650793650792,0.98605,0.9838430537665106,0.8492006653884365,5.3325347900390625
NSW,sr,nsw47,41,BRT,tgb,0.9452451825160584,0.4392631230816447,0.025793650793650792,0.961125,0.9435309055298144,0.7588738969150414,1.6422874927520752
NSW,sr,nsw48,79,GLM,random,0.9002401759361074,0.43816004383570206,0.07341269841269842,0.9417829166666666,0.9085793294401066,0.7438239171218999,9.537911653518677
NSW,sr,nsw48,79,GLM,tgb,0.8876671103651832,0.4694159438416056,0.07341269841269842,0.9031325000000001,0.831413772257487,0.776268066200617,0.34554052352905273
NSW,sr,nsw48,79,BRT,random,0.9090514497366746,0.47285128139691945,0.07341269841269842,0.9807075000000001,0.9570496086342636,0.7666294881076097,4.977372646331787
NSW,sr,nsw48,79,BRT,tgb,0.8987354592279646,0.5523927033801248,0.07341269841269842,0.9434995833333334,0.8771819584265994,0.7674958637118218,1.4992966651916504
NSW,sr,nsw49,110,GLM,random,0.744617077247498,0.31837444715035157,0.16765873015873015,0.9411363636363637,0.908982391623274,0.6685811970097889,8.720951557159424
NSW,sr,nsw49,110,GLM,tgb,0.7750668237053128,0.3585917031709253,0.16765873015873015,0.8322909090909091,0.7865747888518393,0.6877656240502045,0.3300154209136963
NSW,sr,nsw49,110,BRT,random,0.7485736048127173,0.2662324433829253,0.16765873015873015,0.9517545454545455,0.9317906617051186,0.6854841225375898,5.902002811431885
NSW,sr,nsw49,110,BRT,tgb,0.8121883617436932,0.42134135626388547,0.16765873015873015,0.8135363636363637,0.7752947681689479,0.6820154933292519,1.5609514713287354
NSW,sr,nsw50,44,GLM,random,0.8341293964394267,0.19146996142901704,0.020833333333333332,0.7709513888888889,0.8215190917393155,0.6104434083696699,8.387592554092407
NSW,sr,nsw50,44,GLM,tgb,0.8205239542625562,0.17747113775587625,0.020833333333333332,0.5516888888888889,0.5523347373603732,0.6551736969752706,0.31336545944213867
NSW,sr,nsw50,44,BRT,random,0.8533796497322332,0.2592460036204673,0.020833333333333332,0.8506722222222223,0.8677980276800815,0.6323395392308744,5.773003578186035
NSW,sr,nsw50,44,BRT,tgb,0.8155063443817242,0.30362288463165416,0.020833333333333332,0.7002458333333333,0.6837234308166438,0.6791884789990901,1.5212807655334473
NSW,sr,nsw51,63,GLM,random,0.8020625415834997,0.09044514101338717,0.005952380952380952,0.8754717948717949,0.8418652601261349,0.5544752597306382,1.7010045051574707
NSW,sr,nsw51,63,GLM,tgb,0.8685961410512308,0.1243913367936375,0.005952380952380952,0.7942762820512821,0.6967637028171936,0.5362429239091098,0.3044252395629883
NSW,sr,nsw51,63,BRT,random,0.9234863606121091,0.1700742348065179,0.005952380952380952,0.9069673076923076,0.8735563581686904,0.5520046172473059,5.54745888710022
NSW,sr,nsw51,63,BRT,tgb,0.9657351962741185,0.23490579412508494,0.005952380952380952,0.7621096153846154,0.6680700165034045,0.5844249221440657,1.4951753616333008
NSW,sr,nsw52,186,GLM,random,0.8016535461375319,0.39999146955126014,0.1636904761904762,0.9372484352773828,0.9164483329333939,0.6973405160490165,2.4890103340148926
NSW,sr,nsw52,186,GLM,tgb,0.7741974909234695,0.33539151106989373,0.1636904761904762,0.8803041963015646,0.8648139137328789,0.7147546971825239,0.48116087913513184
NSW,sr,nsw52,186,BRT,random,0.808195837377332,0.4129519307350407,0.1636904761904762,0.9595354196301564,0.9429201339513009,0.7305294340049754,5.076862335205078
NSW,sr,nsw52,186,BRT,tgb,0.8053416729573313,0.40762182941700265,0.1636904761904762,0.9148552631578948,0.9035255432453809,0.7653876286434427,1.3211092948913574
NSW,sr,nsw53,34,GLM,random,0.6409936950201985,0.06853947050560488,0.026785714285714284,0.8106476190476191,0.6389484784591359,0.5605830470620717,1.8889787197113037
NSW,sr,nsw53,34,GLM,tgb,0.6903386566995129,0.0908377857135996,0.026785714285714284,0.8032309523809523,0.7491066617559266,0.7202251291266561,0.28975725173950195
NSW,sr,nsw53,34,BRT,random,0.6841846943783743,0.20440754016509932,0.026785714285714284,0.8526095238095237,0.7537960741884976,0.5238351033109203,4.6196722984313965
NSW,sr,nsw53,34,BRT,tgb,0.7819307584852946,0.20952491363412326,0.026785714285714284,0.7201428571428571,0.6005603894646157,0.6092769681590479,1.1904714107513428
NSW,sr,nsw54,118,GLM,random,0.40541167375338233,-0.04390730224364224,0.012896825396825396,0.758086231884058,0.737987238133825,0.4223437064884433,2.3215765953063965
NSW,sr,nsw54,118,GLM,tgb,0.6523772709702358,0.061421379103056103,0.012896825396825396,0.5287588768115941,0.5109704164692419,0.6414680531456847,0.40998005867004395
NSW,sr,nsw54,118,BRT,random,0.6063393892539621,0.03860483852998635,0.012896825396825396,0.7983302536231884,0.7954235846452076,0.37880580189790714,4.643013954162598
NSW,sr,nsw54,118,BRT,tgb,0.6942404329339004,0.0775422033819511,0.012896825396825396,0.4541432971014493,0.4768179527924697,0.7163672402159245,1.2441017627716064
NZ,plant,nz01,23,GLM,random,0.6868238912691521,0.01387358806212949,0.0034518828451882847,0.83544,0.7427427255134147,0.7364079505114123,2.5277228355407715
NZ,plant,nz01,23,GLM,tgb,0.5621264603630511,-0.005417189645758729,0.0034518828451882847,0.81838,0.6972004005265886,0.723784972693465,0.7259902954101562
NZ,plant,nz01,23,BRT,random,0.861128737781934,0.014472639962473936,0.0034518828451882847,0.7653450000000002,0.8092562941284165,0.8138396170636092,6.26556134223938
NZ,plant,nz01,23,BRT,tgb,0.8156714091688375,0.010087795804847251,0.0034518828451882847,0.7772600000000001,0.8050329931666637,0.8414327806213608,3.365081787109375
NZ,plant,nz02,80,GLM,random,0.7758431461068682,0.41902715945181024,0.26830543933054396,0.7729937500000001,0.7327754754627284,0.646240655395969,3.519106388092041
NZ,plant,nz02,80,GLM,tgb,0.7457666085633431,0.3758156560116671,0.26830543933054396,0.71045625,0.6686353776015832,0.6611525182498109,0.7645649909973145
NZ,plant,nz02,80,BRT,random,0.6709099718958265,0.22514989808114744,0.26830543933054396,0.8408,0.8097561326761127,0.7168016253185044,6.268631219863892
NZ,plant,nz02,80,BRT,tgb,0.6754226076270018,0.2338123337379841,0.26830543933054396,0.7791749999999998,0.7794728453717416,0.7325444070906779,3.915928602218628
NZ,plant,nz03,32,GLM,random,0.6367691861750665,0.05780990871481681,0.011349372384937238,0.8294547619047619,0.8076402806400589,0.7524410070294357,2.4947893619537354
NZ,plant,nz03,32,GLM,tgb,0.6326647977998762,0.059319196348186984,0.011349372384937238,0.7644238095238094,0.6993636424750291,0.6583899803938899,0.7118594646453857
NZ,plant,nz03,32,BRT,random,0.6222133077650123,0.02220752858981029,0.011349372384937238,0.8209333333333333,0.784235165666086,0.7321881952085594,6.331338405609131
NZ,plant,nz03,32,BRT,tgb,0.6247633138474837,0.037743717034224286,0.011349372384937238,0.7018309523809523,0.6552098741395265,0.6455159008496191,3.6158699989318848
NZ,plant,nz04,48,GLM,random,0.814458514095276,0.32236114818948836,0.09288702928870293,0.8358655555555554,0.808121326514005,0.741079684806542,2.5994718074798584
NZ,plant,nz04,48,GLM,tgb,0.8738253395519597,0.42340984081831357,0.09288702928870293,0.8064,0.7871374346355798,0.7581671886316151,0.7007455825805664
NZ,plant,nz04,48,BRT,random,0.8347633914472591,0.28616369818862714,0.09288702928870293,0.87425,0.790576177292281,0.7183917229719665,6.571611166000366
NZ,plant,nz04,48,BRT,tgb,0.8842391331166267,0.3500004868995835,0.09288702928870293,0.8320988888888887,0.7478822334434453,0.7142077393636044,3.554473400115967
NZ,plant,nz05,211,GLM,random,0.7157214039744935,0.2759129378247803,0.16908995815899583,0.8219437430786266,0.809476713033777,0.7072671067188427,3.814673662185669
NZ,plant,nz05,211,GLM,tgb,0.6797265274619382,0.22883850493217542,0.16908995815899583,0.7588674972314507,0.7461075384721019,0.7082863745401744,0.8197426795959473
NZ,plant,nz05,211,BRT,random,0.7153064820168719,0.27797075461340176,0.16908995815899583,0.8374437984496124,0.802528871658635,0.6996420094926318,6.204580783843994
NZ,plant,nz05,211,BRT,tgb,0.6821474003951236,0.23593740978890226,0.16908995815899583,0.7839070874861573,0.7483941799029707,0.7128253187235193,3.6138460636138916
NZ,plant,nz06,35,GLM,random,0.6989195014691381,0.159909177938572,0.07186192468619247,0.8911285714285715,0.8688970208848895,0.8722043690994639,2.5267183780670166
NZ,plant,nz06,35,GLM,tgb,0.7033245780544514,0.17149735787075995,0.07186192468619247,0.8483142857142857,0.8172195797990665,0.8597883471830118,0.7176322937011719
NZ,plant,nz06,35,BRT,random,0.5701548094730248,0.02341616784804037,0.07186192468619247,0.8281714285714287,0.7357604416555483,0.7305432441469435,6.468967914581299
NZ,plant,nz06,35,BRT,tgb,0.6224581884988414,0.02726029789416854,0.07186192468619247,0.8036285714285715,0.7193862416619015,0.7273563391045034,3.514082193374634
NZ,plant,nz07,65,GLM,random,0.87775373279619,0.07138483983407162,0.002196652719665272,0.8082846153846155,0.7740870281821726,0.739330804793562,2.6295106410980225
NZ,plant,nz07,65,GLM,tgb,0.8725657576166015,0.07290647587827015,0.002196652719665272,0.7742692307692308,0.767807891206858,0.7836973380184338,0.6979613304138184
NZ,plant,nz07,65,BRT,random,0.9129563346462393,0.17875626640741327,0.002196652719665272,0.8012,0.7495173065832258,0.7158787791209169,6.60456919670105
NZ,plant,nz07,65,BRT,tgb,0.8983084480253994,0.1247508842638103,0.002196652719665272,0.7512538461538462,0.7173781935094408,0.7499956979372067,3.732851028442383
NZ,plant,nz08,124,GLM,random,0.7675715235074634,0.26172501251430724,0.0924163179916318,0.7727396666666666,0.730974039556086,0.6558595840605909,4.102424383163452
NZ,plant,nz08,124,GLM,tgb,0.7716885057051796,0.2808634328081294,0.0924163179916318,0.7071226666666666,0.6891701206363745,0.6974804701792061,0.7583534717559814
NZ,plant,nz08,124,BRT,random,0.7186765629737527,0.21569290107236075,0.0924163179916318,0.784124,0.7465601361307661,0.6584212959118241,6.225177764892578
NZ,plant,nz08,124,BRT,tgb,0.7449104615564339,0.24986234845741345,0.0924163179916318,0.7203313333333333,0.6943719652122452,0.6948189447046278,3.8306729793548584
NZ,plant,nz09,36,GLM,random,0.706222521982414,0.07375880695297936,0.011297071129707114,0.7204446428571428,0.6122066839632206,0.6321886710597946,1.4897921085357666
NZ,plant,nz09,36,GLM,tgb,0.6877564125170452,0.060597557786123295,0.011297071129707114,0.6756910714285714,0.579327214489769,0.6260851977621724,0.679570198059082
NZ,plant,nz09,36,BRT,random,0.706255828670397,0.03147582198050351,0.011297071129707114,0.7617946428571429,0.6446085366640094,0.6698657291250256,6.175843954086304
NZ,plant,nz09,36,BRT,tgb,0.71352060508456,0.02221747668105795,0.011297071129707114,0.7198107142857143,0.6519200523014315,0.7335707685798363,3.535196304321289
NZ,plant,nz10,27,GLM,random,0.6342555688125924,0.1097922542748836,0.05397489539748954,0.94597,0.9464299014294488,0.8850742790050787,1.3452541828155518
NZ,plant,nz10,27,GLM,tgb,0.5876933163106124,0.07986009764957774,0.05397489539748954,0.9286933333333331,0.939029776192411,0.9042717773095191,0.590564489364624
NZ,plant,nz10,27,BRT,random,0.6867287383129507,0.1209375352511282,0.05397489539748954,0.9071533333333333,0.908641176926017,0.8506891931380558,5.333427667617798
NZ,plant,nz10,27,BRT,tgb,0.737391797294193,0.1789113729470333,0.05397489539748954,0.8860766666666666,0.9123709789923342,0.8529307964440079,3.328956127166748
NZ,plant,nz11,21,GLM,random,0.8240667945336604,0.21113400829262963,0.03875523012552301,0.7457999999999999,0.7295073527860098,0.6961051384612729,1.414292335510254
NZ,plant,nz11,21,GLM,tgb,0.8392150021011335,0.24025623948861047,0.03875523012552301,0.709465,0.6842790356735271,0.6842699279858715,0.5963060855865479
NZ,plant,nz11,21,BRT,random,0.7683669657890808,0.07703514223688784,0.03875523012552301,0.8033249999999998,0.7697403225108049,0.747725988435613,5.8097076416015625
NZ,plant,nz11,21,BRT,tgb,0.810797124483225,0.06024874947668048,0.03875523012552301,0.790375,0.7679041791225949,0.7700732360762725,3.406038522720337
NZ,plant,nz12,25,GLM,random,0.5267555034397855,0.03912289797039446,0.19492677824267782,0.88468,0.8150790798152098,0.7443378272761902,1.4585139751434326
NZ,plant,nz12,25,GLM,tgb,0.46906690884323965,-0.042669038570530456,0.19492677824267782,0.8684799999999999,0.7701363299974029,0.7383002262768185,0.5498151779174805
NZ,plant,nz12,25,BRT,random,0.44739845386357274,-0.016103523162778924,0.19492677824267782,0.791,0.7762323865484954,0.7209874190165415,5.805102825164795
NZ,plant,nz12,25,BRT,tgb,0.43521102973658,-0.05363405260682236,0.19492677824267782,0.73726,0.6981503230105982,0.6637155037559581,3.194345712661743
NZ,plant,nz13,21,GLM,random,0.6182998762496698,0.12011442526442356,0.14356694560669456,0.8535449999999999,0.8523335701013679,0.8315664319856226,1.478949785232544
NZ,plant,nz13,21,GLM,tgb,0.626847648048499,0.11835313842074127,0.14356694560669456,0.83019,0.8309836482376444,0.8604672600171346,0.5337235927581787
NZ,plant,nz13,21,BRT,random,0.6058719392650065,0.10256111170170684,0.14356694560669456,0.82456,0.8025971781664035,0.7908387095759778,6.0942442417144775
NZ,plant,nz13,21,BRT,tgb,0.5818246638579514,0.07541442457994643,0.14356694560669456,0.7922750000000002,0.7771160590435726,0.7973204686535761,3.3378076553344727
NZ,plant,nz14,19,GLM,random,0.4251214694230472,-0.10461946662743912,0.33776150627615065,0.7802416666666667,0.7775294060034603,0.7484742213042779,1.3489048480987549
NZ,plant,nz14,19,GLM,tgb,0.40905345202484256,-0.12440910113008614,0.33776150627615065,0.7486249999999999,0.7347004946879976,0.7539488945013071,0.4589412212371826
NZ,plant,nz14,19,BRT,random,0.42617775212680026,-0.015664396635510575,0.33776150627615065,0.7448166666666667,0.7344595915404919,0.7307072991677062,5.94922399520874
NZ,plant,nz14,19,BRT,tgb,0.4056478824157103,-0.0237760795262068,0.33776150627615065,0.7589166666666666,0.7229785731560181,0.7318466421887599,3.5685524940490723
NZ,plant,nz15,32,GLM,random,0.849978437182644,0.07718866587237629,0.0025627615062761505,0.9309642857142858,0.912056408594401,0.8835802907184054,1.4049017429351807
NZ,plant,nz15,32,GLM,tgb,0.8437846115322013,0.07600189702020721,0.0025627615062761505,0.9220119047619046,0.8936515881355904,0.8968137134423572,0.404177188873291
NZ,plant,nz15,32,BRT,random,0.9269919388236654,0.16226738426195844,0.0025627615062761505,0.8997190476190478,0.8398589802723532,0.821686502486307,5.702873229980469
NZ,plant,nz15,32,BRT,tgb,0.8839048282518922,0.10965200741682271,0.0025627615062761505,0.8962071428571429,0.8550940473376348,0.8719250182559961,3.4600183963775635
NZ,plant,nz16,40,GLM,random,0.6340946874673783,0.11630363781593409,0.05690376569037657,0.6132124999999999,0.5201198257636698,0.4744250954253424,1.356738567352295
NZ,plant,nz16,40,GLM,tgb,0.6472065898370218,0.12262897616577154,0.05690376569037657,0.533475,0.4461642696559431,0.4723387283195205,0.4831845760345459
NZ,plant,nz16,40,BRT,random,0.633969883809502,0.10018676693817674,0.05690376569037657,0.5828249999999999,0.48932068048363997,0.4324224990896058,5.9708356857299805
NZ,plant,nz16,40,BRT,tgb,0.5993047439763949,0.058446980667663184,0.05690376569037657,0.49250000000000005,0.39954372852261677,0.4476190145636011,4.237309217453003
NZ,plant,nz17,94,GLM,random,0.7323203606650054,0.3616253270241572,0.28959205020920503,0.6725611111111112,0.6217587799763505,0.5475579219974652,1.4280180931091309
NZ,plant,nz17,94,GLM,tgb,0.7363438115064604,0.3661245334350278,0.28959205020920503,0.5618657894736843,0.5620159673519353,0.5791506304699433,0.9077906608581543
NZ,plant,nz17,94,BRT,random,0.6593856743689867,0.22362882280142193,0.28959205020920503,0.7287622807017543,0.642762897453687,0.5421728519428629,6.817475318908691
NZ,plant,nz17,94,BRT,tgb,0.6700671651694781,0.20317261763782624,0.28959205020920503,0.6143789473684211,0.5592833023968069,0.5455720622750942,3.7854509353637695
NZ,plant,nz18,43,GLM,random,0.9542354416242586,0.4255188853048659,0.026673640167364017,0.8849875,0.9040465466330387,0.8966728396930865,1.56166672706604
NZ,plant,nz18,43,GLM,tgb,0.958794238813204,0.4330086950283436,0.026673640167364017,0.8687541666666666,0.8869330920838057,0.8896122529346691,0.7671365737915039
NZ,plant,nz18,43,BRT,random,0.9219323366100874,0.32723203134191137,0.026673640167364017,0.8930152777777778,0.8721302217771264,0.8454412271870014,6.114664793014526
NZ,plant,nz18,43,BRT,tgb,0.9372156019850174,0.35626321427997104,0.026673640167364017,0.8668194444444444,0.8724586688258557,0.8813750971843979,3.4595274925231934
NZ,plant,nz19,127,GLM,random,0.6605786708515283,0.11346646960203421,0.04184100418410042,0.7822726153846153,0.7527826009003854,0.691213988660684,2.6441261768341064
NZ,plant,nz19,127,GLM,tgb,0.6581919350436682,0.10955969494717022,0.04184100418410042,0.6852321538461539,0.6666348810060483,0.7193625872896187,0.8929965496063232
NZ,plant,nz19,127,BRT,random,0.6207090611353712,0.07320503026343973,0.04184100418410042,0.7999652307692308,0.7794094838482781,0.7235154016087071,6.329246997833252
NZ,plant,nz19,127,BRT,tgb,0.6405692207969432,0.09323199292072182,0.04184100418410042,0.7268495384615385,0.7093937345772667,0.7529214189063281,3.895575523376465
NZ,plant,nz20,33,GLM,random,0.9613638630559342,0.37284799467759294,0.024947698744769875,0.9145285714285712,0.9009574689946174,0.8552333444797033,1.5752291679382324
NZ,plant,nz20,33,GLM,tgb,0.9392842070320289,0.32959120195757136,0.024947698744769875,0.9067023809523811,0.8760101122643043,0.8670034011612211,0.7124428749084473
NZ,plant,nz20,33,BRT,random,0.9348870102716708,0.2898019400313207,0.024947698744769875,0.9035047619047619,0.9034049743891208,0.8910086532514653,6.015160083770752
NZ,plant,nz20,33,BRT,tgb,0.9157989616439801,0.2600837399771919,0.024947698744769875,0.8884476190476189,0.8936363064172248,0.8972222207164995,3.368032932281494
NZ,plant,nz21,21,GLM,random,0.759873115636336,0.21085868091128246,0.04403765690376569,0.762795,0.7194983184847829,0.7032516040130805,1.8767845630645752
NZ,plant,nz21,21,GLM,tgb,0.7318742935382516,0.1776286500403684,0.04403765690376569,0.7276849999999999,0.6678020887042377,0.6849560759257562,0.6364891529083252
NZ,plant,nz21,21,BRT,random,0.7480476054829099,0.11902027276339026,0.04403765690376569,0.7888000000000002,0.7717287845647384,0.7616613907539573,6.274524927139282
NZ,plant,nz21,21,BRT,tgb,0.7365437311680592,0.09460232513856233,0.04403765690376569,0.7004900000000001,0.713391107550035,0.7589888108096314,3.8285751342773438
NZ,plant,nz22,130,GLM,random,0.6814218393806926,0.10883973530725671,0.03603556485355649,0.7357730769230769,0.6825726070986575,0.6281541011678449,2.466320753097534
NZ,plant,nz22,130,GLM,tgb,0.7371628650820905,0.15829117148410896,0.03603556485355649,0.6473923076923078,0.6283130955119987,0.6741085968438321,0.6633012294769287
NZ,plant,nz22,130,BRT,random,0.7031559043540498,0.10988005134564563,0.03603556485355649,0.7923115384615385,0.7571554414906803,0.701697900253242,6.127374887466431
NZ,plant,nz22,130,BRT,tgb,0.7782960004831893,0.20060048130417227,0.03603556485355649,0.6992423076923077,0.6709153850601459,0.723278591246069,3.8641340732574463
NZ,plant,nz23,23,GLM,random,0.4815258520532913,-0.04324740163072691,0.1631276150627615,0.8566100000000001,0.7865258003006822,0.7730556571186977,1.7731165885925293
NZ,plant,nz23,23,GLM,tgb,0.48956584730927866,-0.016656928982535527,0.1631276150627615,0.78415,0.709335941701599,0.7258937335003794,0.5585315227508545
NZ,plant,nz23,23,BRT,random,0.5037015661032247,-0.029947120821537616,0.1631276150627615,0.789585,0.8154576895335536,0.7993220653671623,6.46448540687561
NZ,plant,nz23,23,BRT,tgb,0.5282892406592334,-0.024216753320535613,0.1631276150627615,0.740035,0.7800159050815416,0.7853178488680881,3.8180108070373535
NZ,plant,nz24,22,GLM,random,0.7485370759006645,0.10921934975866668,0.0031380753138075313,0.8340350000000001,0.7988331623014269,0.8072290849945738,1.3066489696502686
NZ,plant,nz24,22,GLM,tgb,0.7506147254284715,0.10852568827237909,0.0031380753138075313,0.810045,0.7743298911894909,0.7920801301638026,0.4600703716278076
NZ,plant,nz24,22,BRT,random,0.7910650577124869,0.1709354484648428,0.0031380753138075313,0.885565,0.8207386731505906,0.824304540067153,5.99430775642395
NZ,plant,nz24,22,BRT,tgb,0.795583683105981,0.05954744505453123,0.0031380753138075313,0.8310700000000001,0.825081761011095,0.8484139691901605,3.6045238971710205
NZ,plant,nz25,113,GLM,random,0.8239168419852171,0.1895513676828579,0.02557531380753138,0.8750494071146244,0.8488736273095758,0.7954202508179863,2.1528778076171875
NZ,plant,nz25,113,GLM,tgb,0.8637658786908684,0.23025996685283678,0.02557531380753138,0.8429974308300394,0.8118341750385367,0.8133992351706665,1.0067815780639648
NZ,plant,nz25,113,BRT,random,0.8329863184026359,0.2064103231282492,0.02557531380753138,0.8594306324110672,0.8376938888453077,0.781217721898359,6.326116323471069
NZ,plant,nz25,113,BRT,tgb,0.8587469769966913,0.2305532367150243,0.02557531380753138,0.8202418972332015,0.8193874901741303,0.8121534585792387,3.587693214416504
NZ,plant,nz26,22,GLM,random,0.8862778031454082,0.21235194442723113,0.012447698744769874,0.9632,0.9620798749968131,0.9446040736301522,1.1214604377746582
NZ,plant,nz26,22,GLM,tgb,0.9027066816558208,0.21386871645900732,0.012447698744769874,0.95641,0.9404517933479974,0.9363267340779908,0.545661449432373
NZ,plant,nz26,22,BRT,random,0.6989665583424345,0.06454248049187694,0.012447698744769874,0.95177,0.9001040738804261,0.8886382355993224,5.190321445465088
NZ,plant,nz26,22,BRT,tgb,0.8209680599281339,0.10350197739064389,0.012447698744769874,0.9283950000000001,0.8127204057212138,0.8173711086038408,2.679232120513916
NZ,plant,nz27,40,GLM,random,0.5620624586141828,0.04923053940466509,0.057635983263598325,0.7367250000000001,0.6549346743148967,0.6773731146461892,1.6615080833435059
NZ,plant,nz27,40,GLM,tgb,0.5474507343835837,0.04849045310724896,0.057635983263598325,0.6968874999999999,0.641014456570147,0.7203997618486635,0.8026080131530762
NZ,plant,nz27,40,BRT,random,0.5382942828496369,0.021216731387888953,0.057635983263598325,0.765125,0.6544365645264212,0.6622880160044389,6.53931188583374
NZ,plant,nz27,40,BRT,tgb,0.5358730299746634,0.022231292461514833,0.057635983263598325,0.7111624999999999,0.6150576653296956,0.6986088502249272,3.733755588531494
NZ,plant,nz28,18,GLM,random,0.6283887870772502,0.03536572923350356,0.003608786610878661,0.7148666666666668,0.66144343960095,0.6712708071692528,1.775392770767212
NZ,plant,nz28,18,GLM,tgb,0.6898409228014201,0.06119841432466992,0.003608786610878661,0.683525,0.6331309150943856,0.663403426339993,0.6141304969787598
NZ,plant,nz28,18,BRT,random,0.7429029173408677,0.02990183116594508,0.003608786610878661,0.8713333333333333,0.8394152596566675,0.821762964139476,6.078725576400757
NZ,plant,nz28,18,BRT,tgb,0.7858288849381408,0.029245413985647884,0.003608786610878661,0.817,0.7874706288195188,0.7809904009909857,3.095244884490967
NZ,plant,nz29,21,GLM,random,0.6264664378908951,0.16288413428539225,0.1768828451882845,0.64291,0.6635743071407978,0.630193125089404,1.7018139362335205
NZ,plant,nz29,21,GLM,tgb,0.5911215694249395,0.11795094055262736,0.1768828451882845,0.5671999999999999,0.6065373162999315,0.5991202768247801,0.592555046081543
NZ,plant,nz29,21,BRT,random,0.6651543300823607,0.08548376789506718,0.1768828451882845,0.667735,0.7354070859935119,0.6917716109562286,6.295555114746094
NZ,plant,nz29,21,BRT,tgb,0.6070501633076639,0.08643460380689312,0.1768828451882845,0.6217349999999999,0.669176956672294,0.6726692051607411,3.7371103763580322
NZ,plant,nz30,101,GLM,random,0.7514479093362662,0.42013823561351227,0.39173640167364016,0.7625428571428571,0.7038174269409081,0.6118628329444565,2.141085386276245
NZ,plant,nz30,101,GLM,tgb,0.7301299927561771,0.3889899738390271,0.39173640167364016,0.6613711904761905,0.6098278591019902,0.5834718323405712,0.6074504852294922
NZ,plant,nz30,101,BRT,random,0.7854151077906111,0.38396079768116487,0.39173640167364016,0.7699021428571429,0.711043283389537,0.6088833351970342,6.416645050048828
NZ,plant,nz30,101,BRT,tgb,0.7747351699658013,0.3669043372300126,0.39173640167364016,0.6420861904761905,0.6120866198646734,0.5924591596772776,3.986804485321045
NZ,plant,nz31,47,GLM,random,0.9407198952879581,0.07170436167665716,0.0010460251046025104,0.9262477777777779,0.8923070152992244,0.8907116525271549,1.78596830368042
NZ,plant,nz31,47,GLM,tgb,0.9006387434554974,0.058279030175520816,0.0010460251046025104,0.9209200000000001,0.8845950244932343,0.9148024029192726,0.509791374206543
NZ,plant,nz31,47,BRT,random,0.945488219895288,0.06386713605261411,0.0010460251046025104,0.8766222222222222,0.841906105084011,0.8462853344190101,6.252512454986572
NZ,plant,nz31,47,BRT,tgb,0.9122997382198953,0.03902940675292419,0.0010460251046025104,0.8924644444444445,0.8272591742165704,0.857367035705906,3.6662590503692627
NZ,plant,nz32,105,GLM,random,0.7689468051099734,0.21342399445793703,0.05852510460251046,0.8522000000000001,0.76385720449224,0.6558160700943657,2.069575786590576
NZ,plant,nz32,105,GLM,tgb,0.7094810888025831,0.16212696155954862,0.05852510460251046,0.8036857142857142,0.7194068738753645,0.6551103934739289,0.6110529899597168
NZ,plant,nz32,105,BRT,random,0.7370326561641223,0.1995914087732331,0.05852510460251046,0.862957142857143,0.7742629020876205,0.6678629961625285,6.177390813827515
NZ,plant,nz32,105,BRT,tgb,0.6810072213742072,0.13853355701004583,0.05852510460251046,0.7754809523809524,0.699497493431821,0.6673040296831959,3.991881847381592
NZ,plant,nz33,19,GLM,random,0.8163590548441122,0.1845968396723937,0.04084728033472804,0.7726583333333334,0.7436155999653529,0.7473676873263898,1.105982780456543
NZ,plant,nz33,19,GLM,tgb,0.8165618090760306,0.20494285097501502,0.04084728033472804,0.7486666666666667,0.7158181370438876,0.7462579338925746,0.4684932231903076
NZ,plant,nz33,19,BRT,random,0.6382987034830371,0.04511128689838976,0.04084728033472804,0.71975,0.62340216734914,0.6381228299155485,6.608262538909912
NZ,plant,nz33,19,BRT,tgb,0.724372517892677,0.05572239140221824,0.04084728033472804,0.72305,0.7150132952848308,0.7408885165054477,3.1803483963012695
NZ,plant,nz34,42,GLM,random,0.5776398892324013,0.041757727558123126,0.02792887029288703,0.6391097222222222,0.525011765093032,0.5387586346142548,1.6271569728851318
NZ,plant,nz34,42,GLM,tgb,0.5357330695932785,0.01774988725246547,0.02792887029288703,0.5957152777777778,0.5198360580025351,0.6093803373860021,0.6965930461883545
NZ,plant,nz34,42,BRT,random,0.5737061059611137,0.020602577435127504,0.02792887029288703,0.6428708333333333,0.588079597885695,0.5904349938869804,6.625912189483643
NZ,plant,nz34,42,BRT,tgb,0.5609746230802372,0.021329519749398094,0.02792887029288703,0.6371694444444443,0.5554988849153626,0.6434879014681654,3.7671213150024414
NZ,plant,nz35,24,GLM,random,0.7194355304285581,0.33922432282642684,0.5533995815899582,0.7217849999999999,0.6894824954813012,0.676159036114641,1.3732728958129883
NZ,plant,nz35,24,GLM,tgb,0.6920875691257042,0.3012880428308955,0.5533995815899582,0.673635,0.637919061116633,0.6824394139935943,0.6370341777801514
NZ,plant,nz35,24,BRT,random,0.6587321918028743,0.17031170242235594,0.5533995815899582,0.7273949999999999,0.6735267199333852,0.6557502721237596,6.5272133350372314
NZ,plant,nz35,24,BRT,tgb,0.644111333425175,0.14646381917177032,0.5533995815899582,0.66943,0.6675478296763454,0.69212268078168,3.675060987472534
NZ,plant,nz36,170,GLM,random,0.5407539716008785,0.05271554979069776,0.3581589958158996,0.7547294117647059,0.7243320120480232,0.6057778088159113,2.3276970386505127
NZ,plant,nz36,170,GLM,tgb,0.5051773436262474,-0.015241557752508208,0.3581589958158996,0.6710794117647059,0.6422556724802353,0.5925614767947045,1.035710334777832
NZ,plant,nz36,170,BRT,random,0.520609236063937,0.0570332242914547,0.3581589958158996,0.7674529411764706,0.7630641654510402,0.6344280638986547,6.290653705596924
NZ,plant,nz36,170,BRT,tgb,0.5036882491314474,0.01445684818308005,0.3581589958158996,0.660385294117647,0.6654052202985887,0.6201816580306921,3.7653160095214844
NZ,plant,nz37,22,GLM,random,0.4993617796173589,-0.026453097642757117,0.1305439330543933,0.799565,0.7605530775597039,0.7082736978465317,1.5138964653015137
NZ,plant,nz37,22,GLM,tgb,0.45068869093340486,-0.0752419226597021,0.1305439330543933,0.7632749999999999,0.7501372564007159,0.7308872627705609,0.6027233600616455
NZ,plant,nz37,22,BRT,random,0.519114172666642,-0.019372814723579768,0.1305439330543933,0.780225,0.7046506623404352,0.6752330981678316,6.141394853591919
NZ,plant,nz37,22,BRT,tgb,0.5098801128003072,-0.027502741411303013,0.1305439330543933,0.6784800000000001,0.6421536641320111,0.660520964608501,3.6290650367736816
NZ,plant,nz38,147,GLM,random,0.8262633894582415,0.3202123910425437,0.07065899581589959,0.7916791954022988,0.7437398684893564,0.6875266890926934,2.46506929397583
NZ,plant,nz38,147,GLM,tgb,0.813195237391245,0.29360898701940263,0.07065899581589959,0.7207660919540231,0.6859061350233224,0.7054936111117112,0.7065005302429199
NZ,plant,nz38,147,BRT,random,0.8090084574558466,0.3083153407605821,0.07065899581589959,0.8270894252873562,0.7950294435010571,0.7244130852779497,6.255267381668091
NZ,plant,nz38,147,BRT,tgb,0.8049822212596819,0.272992960738627,0.07065899581589959,0.746660459770115,0.7185456889076087,0.7260026974167344,3.7811572551727295
NZ,plant,nz39,21,GLM,random,0.642968163322331,0.006254727737665056,0.0017259414225941423,0.73591,0.7352578148781194,0.758832248438256,1.6831247806549072
NZ,plant,nz39,21,GLM,tgb,0.6364890588707847,0.0056318504073097995,0.0017259414225941423,0.7111049999999999,0.6492146542616217,0.7218102612903848,0.5068869590759277
NZ,plant,nz39,21,BRT,random,0.6318389003462613,-0.0009267994095168671,0.0017259414225941423,0.7441549999999999,0.8375383053452229,0.8517452051299749,5.908946752548218
NZ,plant,nz39,21,BRT,tgb,0.608403149216268,-0.00015580539929109332,0.0017259414225941423,0.7689250000000001,0.750209203624174,0.7804286117459026,3.365100383758545
NZ,plant,nz40,19,GLM,random,0.5480608797576703,-0.05579247656734426,0.040742677824267784,0.9769333333333334,0.8552821457663138,0.827952239297132,1.443727731704712
NZ,plant,nz40,19,GLM,tgb,0.5630198243390668,-0.0448772256040597,0.040742677824267784,0.9701166666666665,0.8117968713340458,0.7791796250780427,0.46976423263549805
NZ,plant,nz40,19,BRT,random,0.5177345606226473,-0.010295686172208423,0.040742677824267784,0.9237,0.7513483524946701,0.7851227827474205,4.717410564422607
NZ,plant,nz40,19,BRT,tgb,0.639939740918706,-0.0022377006156426484,0.040742677824267784,0.881375,0.8461873481554086,0.8639278666687378,2.726090669631958
NZ,plant,nz41,20,GLM,random,0.9817059748427672,0.20863946842927852,0.0020920502092050207,0.9390000000000001,0.8974916825869146,0.8959914366434998,0.9507124423980713
NZ,plant,nz41,20,GLM,tgb,0.9842531446540881,0.21373006360446864,0.0020920502092050207,0.9244,0.8485461843854969,0.8710400540673703,0.4456791877746582
NZ,plant,nz41,20,BRT,random,0.9585482180293501,0.016890377532454245,0.0020920502092050207,0.9606,0.8200731595079404,0.8398706019317694,5.653342962265015
NZ,plant,nz41,20,BRT,tgb,0.9605607966457024,0.030297311274581774,0.0020920502092050207,0.9228500000000001,0.7352099378437957,0.7863912176799421,3.017887592315674
NZ,plant,nz42,27,GLM,random,0.6289868946529862,0.23651087930356857,0.3057008368200837,0.6251466666666666,0.5583193779777009,0.5122694940877921,1.1772856712341309
NZ,plant,nz42,27,GLM,tgb,0.5736046228769257,0.1356440976104451,0.3057008368200837,0.5493633333333333,0.4902259787256315,0.49200512299440247,0.5849168300628662
NZ,plant,nz42,27,BRT,random,0.5827946109395414,0.12723495239468793,0.3057008368200837,0.5792866666666666,0.48096451918399385,0.44391860663874994,6.878056526184082
NZ,plant,nz42,27,BRT,tgb,0.5326616565094187,0.062078801826779294,0.3057008368200837,0.5131533333333334,0.49227279326653495,0.5043863064396167,3.6506731510162354
NZ,plant,nz43,137,GLM,random,0.6289463438903831,0.026899919595743515,0.0024581589958158996,0.8486948412698414,0.8215402611121547,0.7667004701814297,2.018188238143921
NZ,plant,nz43,137,GLM,tgb,0.6096977904601693,0.024363274579279122,0.0024581589958158996,0.80182791005291,0.7828890776931619,0.785468043879434,0.9011399745941162
NZ,plant,nz43,137,BRT,random,0.6267158320049172,0.03390394571821269,0.0024581589958158996,0.8694465608465608,0.8348724757313718,0.7812548660137619,6.533268690109253
NZ,plant,nz43,137,BRT,tgb,0.5895423072160602,0.029108124215539096,0.0024581589958158996,0.8308366402116402,0.797126010834174,0.8049413364120944,3.8484301567077637
NZ,plant,nz44,65,GLM,random,0.8888467253575999,0.509902855518216,0.1459205020920502,0.8088000000000001,0.7747167786348259,0.7015316572370901,1.7072749137878418
NZ,plant,nz44,65,GLM,tgb,0.8478592295552966,0.44681412689219413,0.1459205020920502,0.7574615384615384,0.7507819623192241,0.7039715417403427,0.781745195388794
NZ,plant,nz44,65,BRT,random,0.8251201693564849,0.40556853705195606,0.1459205020920502,0.8094384615384616,0.7956535169654352,0.7179076711498305,6.599017858505249
NZ,plant,nz44,65,BRT,tgb,0.8085795213857557,0.3373516403055731,0.1459205020920502,0.7613153846153846,0.7664981393639388,0.7395732168672118,3.7588255405426025
NZ,plant,nz45,26,GLM,random,0.9084123471030814,0.3186484445180819,0.015742677824267783,0.9431533333333333,0.9352951737644496,0.9259309890865726,1.5085384845733643
NZ,plant,nz45,26,GLM,tgb,0.908470074864256,0.3260346005486527,0.015742677824267783,0.92913,0.9288015919618061,0.9236213441658748,0.6366326808929443
NZ,plant,nz45,26,BRT,random,0.8487776278974437,0.14751370362767777,0.015742677824267783,0.9240166666666667,0.8573568684790043,0.84958222198395,5.35212254524231
NZ,plant,nz45,26,BRT,tgb,0.8607493416475432,0.19453233922213958,0.015742677824267783,0.9227233333333335,0.9049441848760716,0.9116475028454838,2.8045761585235596
NZ,plant,nz46,36,GLM,random,0.8926232161387675,0.0919496688025695,0.0011506276150627616,0.9323642857142858,0.9343759447542821,0.910560674209633,1.7656276226043701
NZ,plant,nz46,36,GLM,tgb,0.878999704871524,0.08785824663455453,0.0011506276150627616,0.9194446428571428,0.9246536539561095,0.909653509846345,0.551854133605957
NZ,plant,nz46,36,BRT,random,0.8688725140186027,0.1293004243540009,0.0011506276150627616,0.9008107142857144,0.8624382494078441,0.8453207859792338,5.619457960128784
NZ,plant,nz46,36,BRT,tgb,0.84512062186426,0.09143402587986121,0.0011506276150627616,0.88975,0.8441606172874229,0.8514127785321353,3.27134108543396
NZ,plant,nz47,87,GLM,random,0.7734087652041189,0.33779298107163935,0.13263598326359832,0.8228918300653595,0.82067107144597,0.7532883471564888,1.9432108402252197
NZ,plant,nz47,87,GLM,tgb,0.7274186352320127,0.2904353230277075,0.13263598326359832,0.7644238562091503,0.7747439820749905,0.7592861030749025,0.6638474464416504
NZ,plant,nz47,87,BRT,random,0.7639471114266194,0.2670942601683552,0.13263598326359832,0.786878431372549,0.7867830797262997,0.7189748180045891,6.360622406005859
NZ,plant,nz47,87,BRT,tgb,0.7408302594116026,0.23719646617139684,0.13263598326359832,0.7125156862745097,0.7340388267037173,0.7298855556144245,3.807774543762207
NZ,plant,nz48,43,GLM,random,0.6554165919320971,0.12012098979118072,0.04649581589958159,0.7491944444444444,0.7229551758066399,0.6779215220358189,1.524083137512207
NZ,plant,nz48,43,GLM,tgb,0.6710002536502091,0.1299604957025063,0.04649581589958159,0.6737638888888888,0.6781307704281534,0.6887669191574396,0.5175480842590332
NZ,plant,nz48,43,BRT,random,0.6442205667191059,0.09659432182571774,0.04649581589958159,0.800911111111111,0.7773767985098661,0.7259417128196171,6.297276973724365
NZ,plant,nz48,43,BRT,tgb,0.658997619538137,0.06561488380870037,0.04649581589958159,0.7070458333333333,0.7068816620673022,0.717994534517396,3.703620195388794
NZ,plant,nz49,37,GLM,random,0.9134416425375099,0.15164895233372092,0.00653765690376569,0.9234857142857142,0.9240993276878877,0.9285705513857627,1.357248067855835
NZ,plant,nz49,37,GLM,tgb,0.9190148986575414,0.16401945246292055,0.00653765690376569,0.9210964285714287,0.9317505535857885,0.9379394471384032,0.5571262836456299
NZ,plant,nz49,37,BRT,random,0.8729057120294814,0.14902056310324502,0.00653765690376569,0.9355482142857143,0.9203088912024494,0.9103105654524031,5.593458652496338
NZ,plant,nz49,37,BRT,tgb,0.8823016583311397,0.1728192538776438,0.00653765690376569,0.9205553571428572,0.9079943389610804,0.9094761367132979,2.531618595123291
NZ,plant,nz50,131,GLM,random,0.7267262882528127,0.16159818243195206,0.050156903765690375,0.8603213675213677,0.8388982465447604,0.7442562245160923,2.059697389602661
NZ,plant,nz50,131,GLM,tgb,0.7079051760355285,0.154387302463892,0.050156903765690375,0.8399682336182337,0.8222264112500284,0.7597458712573575,0.6648461818695068
NZ,plant,nz50,131,BRT,random,0.7446901337067439,0.19548923476144764,0.050156903765690375,0.881575641025641,0.855746374314662,0.7624211176467016,4.516659259796143
NZ,plant,nz50,131,BRT,tgb,0.742777597137043,0.19556593411657452,0.050156903765690375,0.8535203703703704,0.8396048887434663,0.7705908010109608,2.6137290000915527
NZ,plant,nz51,42,GLM,random,0.6420666725729358,0.0763387685042156,0.029393305439330542,0.7958125,0.7211232309412352,0.6862579454552344,1.3658289909362793
NZ,plant,nz51,42,GLM,tgb,0.6664098014918316,0.09066565714712707,0.029393305439330542,0.759,0.6804049342972741,0.7169559185245851,0.5261671543121338
NZ,plant,nz51,42,BRT,random,0.6530598596532406,0.03995986746313663,0.029393305439330542,0.8169194444444445,0.7523449514952752,0.6861918824363645,4.872456073760986
NZ,plant,nz51,42,BRT,tgb,0.6449563818195834,0.04859702210415879,0.029393305439330542,0.7702180555555557,0.7216813636961255,0.7348854232860333,2.6830060482025146
NZ,plant,nz52,174,GLM,random,0.8233344251873742,0.18960772228390083,0.029027196652719665,0.8261772268907563,0.7891652904217971,0.7617062273049068,1.8643040657043457
NZ,plant,nz52,174,GLM,tgb,0.8285539727715865,0.2071774883766148,0.029027196652719665,0.7825261344537815,0.7542732429558658,0.7977131046739971,0.5234394073486328
NZ,plant,nz52,174,BRT,random,0.8020780651375857,0.19134423121277022,0.029027196652719665,0.833700924369748,0.7997374382711098,0.756169533127441,4.5149452686309814
NZ,plant,nz52,174,BRT,tgb,0.8195250192287629,0.20765938778962362,0.029027196652719665,0.7923368907563025,0.7711019474673779,0.8040058468499799,2.572291851043701
SA,plant,sa01,120,GLM,random,0.6034063260340633,0.1424960665739409,0.09868421052631579,0.7123791666666668,0.6328519132181409,0.5579720992702994,1.131293535232544
SA,plant,sa01,120,GLM,tgb,0.618978102189781,0.13643377950102956,0.09868421052631579,0.5617041666666667,0.5063794887253009,0.5529398588988881,0.3125574588775635
SA,plant,sa01,120,BRT,random,0.6715328467153285,0.17977355504471498,0.09868421052631579,0.7066208333333334,0.609691331609924,0.5351453188389212,5.294036626815796
SA,plant,sa01,120,BRT,tgb,0.6209245742092457,0.14201318111974634,0.09868421052631579,0.6131791666666666,0.5190822351809589,0.5106213935043679,2.611591100692749
SA,plant,sa02,150,GLM,random,0.666329625884732,0.22306468064540858,0.1513157894736842,0.8238100000000002,0.7761891765564469,0.6949598786789777,1.1522467136383057
SA,plant,sa02,150,GLM,tgb,0.6080215706100438,0.15352724438659732,0.1513157894736842,0.76842,0.7523349335716099,0.7140332748306368,0.34014415740966797
SA,plant,sa02,150,BRT,random,0.6066734074823054,0.11448703876635755,0.1513157894736842,0.8177133333333334,0.7255734234901569,0.6320242480168909,5.719130754470825
SA,plant,sa02,150,BRT,tgb,0.6006066734074823,0.07630955458503691,0.1513157894736842,0.7607533333333334,0.7006161520853632,0.6289941933500879,2.4785335063934326
SA,plant,sa03,28,GLM,random,0.8828125,0.34378845226107285,0.05263157894736842,0.8189866666666668,0.8084867997565961,0.7824314835833253,0.831721305847168
SA,plant,sa03,28,GLM,tgb,0.8845486111111112,0.3419910072532473,0.05263157894736842,0.7868233333333333,0.7527710562653543,0.7636565478298052,0.21323013305664062
SA,plant,sa03,28,BRT,random,0.8550347222222222,0.6009964735276124,0.05263157894736842,0.7516133333333334,0.7852770403315061,0.7767005497991553,5.418631076812744
SA,plant,sa03,28,BRT,tgb,0.868923611111111,0.46637373062700554,0.05263157894736842,0.7879533333333334,0.783323568487696,0.8000085786443009,2.5906784534454346
SA,plant,sa04,60,GLM,random,0.926961926961927,0.4286148903839486,0.05921052631578947,0.8217916666666667,0.7748726333616233,0.7899257277839513,0.8492550849914551
SA,plant,sa04,60,GLM,tgb,0.9463869463869464,0.46626483185441997,0.05921052631578947,0.7970166666666667,0.7954624446122174,0.8195313856428786,0.2208409309387207
SA,plant,sa04,60,BRT,random,0.9316239316239315,0.49695531563191586,0.05921052631578947,0.8141083333333332,0.7272695886097837,0.7290904914600238,5.45934534072876
SA,plant,sa04,60,BRT,tgb,0.9324009324009324,0.4256549584134708,0.05921052631578947,0.7620083333333334,0.7606054837215006,0.7754150981740701,2.6805613040924072
SA,plant,sa05,61,GLM,random,0.9024630541871921,0.3303326091011415,0.046052631578947366,0.8780647435897435,0.8331409395310718,0.7708704913952671,0.9205191135406494
SA,plant,sa05,61,GLM,tgb,0.8620689655172413,0.2809876762432465,0.046052631578947366,0.8443384615384616,0.7720793175432396,0.7370136318140348,0.2675461769104004
SA,plant,sa05,61,BRT,random,0.903448275862069,0.4350249585314932,0.046052631578947366,0.8902371794871795,0.8234495216762069,0.7521439853630859,5.234979152679443
SA,plant,sa05,61,BRT,tgb,0.9152709359605912,0.4758140583912932,0.046052631578947366,0.8598147435897434,0.7973920070803836,0.724178698468051,2.7693943977355957
SA,plant,sa06,32,GLM,random,0.9261083743842364,0.4061648046325021,0.046052631578947366,0.797052380952381,0.6872019728378236,0.7095318680954753,0.8338942527770996
SA,plant,sa06,32,GLM,tgb,0.9448275862068966,0.43031342411511264,0.046052631578947366,0.7754380952380953,0.7114317445626659,0.7381408289744369,0.1968071460723877
SA,plant,sa06,32,BRT,random,0.9389162561576355,0.4204797137053776,0.046052631578947366,0.7618142857142857,0.6078491118289383,0.6078468145018285,5.4226298332214355
SA,plant,sa06,32,BRT,tgb,0.9162561576354681,0.37637736103574826,0.046052631578947366,0.7883380952380952,0.6817624139725391,0.6826377877037191,2.5623512268066406
SA,plant,sa07,17,GLM,random,0.8767361111111112,0.3466817591158347,0.05263157894736842,0.931175,0.8810722641557713,0.8567758089604154,0.7226221561431885
SA,plant,sa07,17,GLM,tgb,0.8697916666666667,0.3401671633363955,0.05263157894736842,0.9192499999999999,0.8398953784504595,0.828648206324711,0.18015742301940918
SA,plant,sa07,17,BRT,random,0.578125,0.20936315943356262,0.05263157894736842,0.9195249999999999,0.6173162441785371,0.6159757434352342,4.254064083099365
SA,plant,sa07,17,BRT,tgb,0.8346354166666667,0.30120258798260674,0.05263157894736842,0.9432750000000001,0.8919240921129232,0.869973468425436,2.276604175567627
SA,plant,sa08,35,GLM,random,0.982638888888889,0.4306296490911161,0.05263157894736842,0.8726142857142858,0.8108009439919236,0.7708992143062762,0.7724025249481201
SA,plant,sa08,35,GLM,tgb,0.9878472222222222,0.4957709832661996,0.05263157894736842,0.8430714285714286,0.7917630526237551,0.7889797892507302,0.19762563705444336
SA,plant,sa08,35,BRT,random,0.9513888888888888,0.4698130755937189,0.05263157894736842,0.7973857142857143,0.7474799281917482,0.7071505324665049,5.436695337295532
SA,plant,sa08,35,BRT,tgb,0.9322916666666667,0.38924814514788414,0.05263157894736842,0.8134571428571429,0.7661919812948614,0.739436904404639,2.5556752681732178
SA,plant,sa09,49,GLM,random,0.8598591549295774,0.3933559323045431,0.06578947368421052,0.7609888888888889,0.6777667053500542,0.7460632889748752,0.5184481143951416
SA,plant,sa09,49,GLM,tgb,0.8619718309859155,0.39126682953135244,0.06578947368421052,0.7680044444444445,0.6914635161581507,0.7550491256307336,0.19104361534118652
SA,plant,sa09,49,BRT,random,0.7992957746478873,0.3429152600980653,0.06578947368421052,0.7825155555555556,0.5680633460201221,0.6206430027091775,5.6360180377960205
SA,plant,sa09,49,BRT,tgb,0.8507042253521127,0.31256107170542646,0.06578947368421052,0.7638577777777777,0.6370475797050973,0.7378772559174382,4.6357057094573975
SA,plant,sa10,99,GLM,random,0.5573310905522848,0.08902956127048373,0.19078947368421054,0.7185128947368421,0.6547783433698651,0.5999507045717826,0.9548239707946777
SA,plant,sa10,99,GLM,tgb,0.5620970002803476,0.08324964828006626,0.19078947368421054,0.6616610526315789,0.6091024328638162,0.5949626197887731,0.2774941921234131
SA,plant,sa10,99,BRT,random,0.5895710681244744,0.12029916756268355,0.19078947368421054,0.7009339473684211,0.6378334612737208,0.5787702328570538,7.039876461029053
SA,plant,sa10,99,BRT,tgb,0.5817213344547238,0.10911434863005527,0.19078947368421054,0.6435773684210526,0.6092184155919973,0.6107598460293298,7.669127702713013
SA,plant,sa11,35,GLM,random,0.7491319444444444,0.19259763761484228,0.05263157894736842,0.8359285714285715,0.734684464064958,0.7620407085193733,0.5648870468139648
SA,plant,sa11,35,GLM,tgb,0.7560763888888888,0.19726034093595185,0.05263157894736842,0.8140428571428572,0.7175015905289953,0.7818286087369941,0.2111971378326416
SA,plant,sa11,35,BRT,random,0.7855902777777778,0.10272979064547874,0.05263157894736842,0.8446714285714286,0.6556582677456202,0.6952129580175906,4.445481538772583
SA,plant,sa11,35,BRT,tgb,0.8289930555555556,0.1400480224941882,0.05263157894736842,0.7907571428571428,0.6922395895812126,0.7521837262529781,3.771570920944214
SA,plant,sa12,203,GLM,random,0.7815085158150852,0.30062021816011314,0.09868421052631579,0.8036101219512195,0.75929503749725,0.7354330734028927,0.851144552230835
SA,plant,sa12,203,GLM,tgb,0.8686131386861313,0.38836623282385574,0.09868421052631579,0.7547956097560975,0.7393812263645511,0.7489908513492716,0.3078134059906006
SA,plant,sa12,203,BRT,random,0.7868613138686131,0.2754408675420663,0.09868421052631579,0.8083650609756099,0.7396762543088187,0.7090962497974653,6.759191274642944
SA,plant,sa12,203,BRT,tgb,0.8690997566909976,0.43241832411935005,0.09868421052631579,0.7551439024390244,0.7139001922804686,0.7366418974834508,7.663264274597168
SA,plant,sa13,86,GLM,random,0.8671328671328671,0.3273007702203263,0.05921052631578947,0.7945316993464052,0.6240507741655217,0.6777758543276355,0.8076026439666748
SA,plant,sa13,86,GLM,tgb,0.8477078477078477,0.2966338351645387,0.05921052631578947,0.7462130718954249,0.571170473553835,0.6746499896415549,0.2574291229248047
SA,plant,sa13,86,BRT,random,0.8663558663558664,0.395950123867742,0.05921052631578947,0.8562684640522875,0.6252801672335938,0.6320983357715546,7.252115249633789
SA,plant,sa13,86,BRT,tgb,0.8624708624708625,0.3934344742843689,0.05921052631578947,0.8142431372549019,0.6083603456388216,0.6510955518135946,7.81588339805603
SA,plant,sa14,81,GLM,random,0.858128078817734,0.28656302991448723,0.046052631578947366,0.8381830882352942,0.7858944011367794,0.835067476283467,0.8578090667724609
SA,plant,sa14,81,GLM,tgb,0.7970443349753695,0.25375735117252984,0.046052631578947366,0.7877867647058823,0.727346992335326,0.7995787119085571,0.24076104164123535
SA,plant,sa14,81,BRT,random,0.8463054187192118,0.2494033241508004,0.046052631578947366,0.8239496323529412,0.7383120276665804,0.7581117453129205,7.025043487548828
SA,plant,sa14,81,BRT,tgb,0.825615763546798,0.24727075313261407,0.046052631578947366,0.7908827205882354,0.7336944858131327,0.7985414224120726,7.493622303009033
SA,plant,sa15,88,GLM,random,0.5659367396593674,0.07426177084988195,0.09868421052631579,0.706742156862745,0.6663426871055114,0.5898821107389514,0.9136230945587158
SA,plant,sa15,88,GLM,tgb,0.5469586374695863,0.05370047805166646,0.09868421052631579,0.6377434640522874,0.6174519460611348,0.6137054591202895,0.2460191249847412
SA,plant,sa15,88,BRT,random,0.5576642335766424,0.01416911805082167,0.09868421052631579,0.7474620915032679,0.6722557702703214,0.5674869476072614,7.5698323249816895
SA,plant,sa15,88,BRT,tgb,0.5532846715328467,0.043403448180981845,0.09868421052631579,0.6608653594771241,0.6291425771297895,0.5839636320674637,8.05249547958374
SA,plant,sa16,37,GLM,random,0.8088669950738916,0.23187285080423434,0.046052631578947366,0.8105035714285714,0.5782869014859005,0.5571423775383704,0.5753798484802246
SA,plant,sa16,37,GLM,tgb,0.8758620689655172,0.31436757074163324,0.046052631578947366,0.7806714285714286,0.550455019689774,0.5964481451984368,0.16966485977172852
SA,plant,sa16,37,BRT,random,0.9142857142857143,0.19051982067426992,0.046052631578947366,0.7844214285714286,0.6345973914141154,0.5936726946137545,6.091546297073364
SA,plant,sa16,37,BRT,tgb,0.9064039408866995,0.4423586233315535,0.046052631578947366,0.7931803571428571,0.603296444301149,0.5956386172583326,6.636911869049072
SA,plant,sa17,36,GLM,random,0.8723404255319149,0.39483378099227584,0.07236842105263158,0.9114571428571429,0.9126937368830816,0.886391854265133,4.472704887390137
SA,plant,sa17,36,GLM,tgb,0.8652482269503546,0.39221382310705394,0.07236842105263158,0.8805660714285715,0.8973799900827087,0.8856983242974688,0.718181848526001
SA,plant,sa17,36,BRT,random,0.8565441650548034,0.4215574843280404,0.07236842105263158,0.9332267857142857,0.8070195778655684,0.7766629536230946,17.034478187561035
SA,plant,sa17,36,BRT,tgb,0.7962604771115409,0.4187088215933915,0.07236842105263158,0.8893678571428572,0.812553403013719,0.8254322870379746,6.569088935852051
SA,plant,sa18,123,GLM,random,0.7609814008705975,0.31380719434529847,0.125,0.7406245,0.6558513412479279,0.5859769932666328,8.89112138748169
SA,plant,sa18,123,GLM,tgb,0.6248516026909379,0.12680519647552252,0.125,0.6488481666666667,0.5713786374368346,0.5673437035412721,1.3105058670043945
SA,plant,sa18,123,BRT,random,0.6770874554808073,0.2191339595423968,0.125,0.7343808333333334,0.6779272604217981,0.5910084742558217,17.119056940078735
SA,plant,sa18,123,BRT,tgb,0.556390977443609,0.07531776522853205,0.125,0.661382,0.6175150042646194,0.5791177720234816,7.128111124038696
SA,plant,sa19,36,GLM,random,0.8352758352758353,0.29042977763801836,0.05921052631578947,0.8781803571428572,0.8612032883699945,0.8122058775808589,4.772985458374023
SA,plant,sa19,36,GLM,tgb,0.871017871017871,0.3325503395241244,0.05921052631578947,0.8523714285714284,0.8256822585094445,0.7839894741444997,0.844292402267456
SA,plant,sa19,36,BRT,random,0.8764568764568765,0.34021378414975756,0.05921052631578947,0.8671214285714285,0.8555243089012533,0.7931400763455807,16.528301000595093
SA,plant,sa19,36,BRT,tgb,0.8927738927738927,0.36487412610350367,0.05921052631578947,0.7928089285714286,0.7919330749764389,0.7351147508006144,6.855915784835815
SA,plant,sa20,54,GLM,random,0.767605633802817,0.22479967777366372,0.06578947368421052,0.7463572727272727,0.6749742910271616,0.6452627849721073,5.380557060241699
SA,plant,sa20,54,GLM,tgb,0.8028169014084507,0.2647628581416318,0.06578947368421052,0.7009199999999999,0.6798141066758636,0.662330113491375,0.9702281951904297
SA,plant,sa20,54,BRT,random,0.7873239436619719,0.180331631982723,0.06578947368421052,0.7243281818181818,0.656707228915492,0.6332817808476541,16.536587238311768
SA,plant,sa20,54,BRT,tgb,0.7943661971830986,0.11598634961092638,0.06578947368421052,0.694519090909091,0.6755444699181449,0.6792970199786106,7.0443384647369385
SA,plant,sa21,27,GLM,random,0.8007747648035419,0.28070942876949534,0.08552631578947369,0.8037833333333333,0.637362956462062,0.572462220517303,5.276663541793823
SA,plant,sa21,27,GLM,tgb,0.7670171555063643,0.27011636470675765,0.08552631578947369,0.7408333333333333,0.589645548009624,0.5878821873666453,0.917696475982666
SA,plant,sa21,27,BRT,random,0.7542888765910348,0.39462314814937005,0.08552631578947369,0.7932133333333333,0.6410320444106044,0.5670687037167426,14.836574792861938
SA,plant,sa21,27,BRT,tgb,0.7570558937465413,0.29302945372006006,0.08552631578947369,0.7915266666666666,0.6604801914031868,0.6092506082393666,6.0976574420928955
SA,plant,sa22,57,GLM,random,0.8813668600902644,0.3796833777149615,0.07236842105263158,0.9150666666666666,0.8466169668734077,0.795204136221933,5.806731224060059
SA,plant,sa22,57,GLM,tgb,0.8665377176015474,0.381483318867181,0.07236842105263158,0.8928098484848486,0.8266327440112835,0.7920005174408415,0.8887083530426025
SA,plant,sa22,57,BRT,random,0.8072211476466796,0.1711313521500478,0.07236842105263158,0.8977890151515151,0.8050656421266421,0.7632362908965052,15.862706422805786
SA,plant,sa22,57,BRT,tgb,0.8252740167633784,0.2468249795588248,0.07236842105263158,0.8893465909090909,0.815763913139986,0.7600239474629834,6.832246541976929
SA,plant,sa23,55,GLM,random,0.8888888888888888,0.33059652975562953,0.05263157894736842,0.8751454545454547,0.8129607061525548,0.7483133420256217,6.06186056137085
SA,plant,sa23,55,GLM,tgb,0.8793402777777779,0.3367156431084189,0.05263157894736842,0.8435454545454546,0.7771373039588346,0.7205925500008592,0.8585970401763916
SA,plant,sa23,55,BRT,random,0.8315972222222221,0.2934518397523536,0.05263157894736842,0.8569636363636363,0.8139046236473261,0.7704627198049867,16.264657497406006
SA,plant,sa23,55,BRT,tgb,0.8307291666666667,0.18356279803826195,0.05263157894736842,0.8214454545454546,0.7749000070536484,0.7335618615706443,7.1756415367126465
SA,plant,sa24,138,GLM,random,0.7473645946928389,0.3033147502791968,0.13815789473684212,0.758033201058201,0.6708595445244694,0.7067878648198517,9.165053367614746
SA,plant,sa24,138,GLM,tgb,0.7778989458378771,0.3511115654925884,0.13815789473684212,0.718987037037037,0.6634225892473439,0.7404720271408735,1.0676543712615967
SA,plant,sa24,138,BRT,random,0.7978916757542711,0.35672622864833453,0.13815789473684212,0.786088888888889,0.6756890744835724,0.7045443735734285,16.208675384521484
SA,plant,sa24,138,BRT,tgb,0.7797164667393675,0.30428259986667455,0.13815789473684212,0.731113425925926,0.6869124725531399,0.7583467789216756,7.060567140579224
SA,plant,sa25,66,GLM,random,0.6682206682206683,0.1330172384564146,0.05921052631578947,0.8179010989010989,0.7757226211225264,0.6684724040930443,5.6451005935668945
SA,plant,sa25,66,GLM,tgb,0.6767676767676767,0.15459061841406005,0.05921052631578947,0.77545,0.7334922298368787,0.6613792663878991,0.9345977306365967
SA,plant,sa25,66,BRT,random,0.7886557886557887,0.2523913503031872,0.05921052631578947,0.8278928571428572,0.7716621018642972,0.6758610688107045,14.491308689117432
SA,plant,sa25,66,BRT,tgb,0.7226107226107226,0.13405156572877222,0.05921052631578947,0.7691434065934067,0.7426037344666714,0.6613815840740098,5.585005044937134
SA,plant,sa26,216,GLM,random,0.6764444444444444,0.2575570198296598,0.17763157894736842,0.7322623150105708,0.6815489535074727,0.640512512059373,10.13312578201294
SA,plant,sa26,216,GLM,tgb,0.6361481481481481,0.1827373995039468,0.17763157894736842,0.6367478858350951,0.6263712418691135,0.6839545317085567,1.0604259967803955
SA,plant,sa26,216,BRT,random,0.7108148148148149,0.2850231000739792,0.17763157894736842,0.7541303911205074,0.6570030923370516,0.6278113142186086,12.321393013000488
SA,plant,sa26,216,BRT,tgb,0.6915555555555555,0.2642496545407193,0.17763157894736842,0.6557806553911204,0.6081827727635308,0.6624030860673312,3.1668546199798584
SA,plant,sa27,38,GLM,random,0.8616938616938616,0.34358249678064445,0.05921052631578947,0.8594446428571431,0.6258936683747217,0.6184400944726272,5.033020973205566
SA,plant,sa27,38,GLM,tgb,0.8912198912198912,0.37741150012175656,0.05921052631578947,0.8550339285714286,0.5965826327309496,0.6119619698146989,0.7642128467559814
SA,plant,sa27,38,BRT,random,0.9261849261849262,0.5728518746287582,0.05921052631578947,0.8607178571428571,0.6006321581222416,0.5822012393503829,12.940117359161377
SA,plant,sa27,38,BRT,tgb,0.9075369075369075,0.5964937653838049,0.05921052631578947,0.8542232142857143,0.6302446321832231,0.6144010942825608,4.901854038238525
SA,plant,sa28,43,GLM,random,0.7246478873239436,0.1807513959838234,0.06578947368421052,0.8307694444444443,0.8267011698027484,0.7543590152319146,4.565711498260498
SA,plant,sa28,43,GLM,tgb,0.7647887323943662,0.23459235055127278,0.06578947368421052,0.7909027777777777,0.7788735866472984,0.7545715709228757,0.8065531253814697
SA,plant,sa28,43,BRT,random,0.7894366197183098,0.24881177936008275,0.06578947368421052,0.7989222222222222,0.7501056779990355,0.7151746990940534,13.120398759841919
SA,plant,sa28,43,BRT,tgb,0.7866197183098592,0.26015852185812854,0.06578947368421052,0.7593222222222222,0.717599807836631,0.6832130209332494,4.902911901473999
SA,plant,sa29,61,GLM,random,0.7909867909867909,0.23836926777000772,0.05921052631578947,0.7273762820512821,0.7145123477545916,0.6734594754307494,5.438184022903442
SA,plant,sa29,61,GLM,tgb,0.7342657342657343,0.19807893235384633,0.05921052631578947,0.6685807692307691,0.6855054895177325,0.7011134347966299,0.7136702537536621
SA,plant,sa29,61,BRT,random,0.8352758352758353,0.42438758381374486,0.05921052631578947,0.6795769230769231,0.6185239725617819,0.5530217737605619,12.892758131027222
SA,plant,sa29,61,BRT,tgb,0.7536907536907537,0.24343044508109873,0.05921052631578947,0.6564038461538462,0.6181500002396288,0.6042627992400109,4.221267938613892
SA,plant,sa30,88,GLM,random,0.6068965517241378,0.07480723933728305,0.046052631578947366,0.7365222222222222,0.7181642489203808,0.7454623912652918,6.672240734100342
SA,plant,sa30,88,GLM,tgb,0.6197044334975369,0.1013478657826891,0.046052631578947366,0.7124931372549019,0.6975404142478554,0.7580407335712303,0.7243893146514893
SA,plant,sa30,88,BRT,random,0.658128078817734,0.013621324216987729,0.046052631578947366,0.7423313725490195,0.6965174153195749,0.706379182124591,12.549251079559326
SA,plant,sa30,88,BRT,tgb,0.7625615763546798,0.11316584936011434,0.046052631578947366,0.7135437908496731,0.683365098145638,0.7330428071203269,3.616974353790283
SWI,tree,swi01,482,GLM,random,0.8269773251743964,0.1268631727795497,0.010686108059522621,0.936491376718213,0.9244947415279029,0.7775152370662054,13.537384271621704
SWI,tree,swi01,482,GLM,tgb,0.8462680033435792,0.14419749770380458,0.010686108059522621,0.8649203178694158,0.8498700931730759,0.8114297903518208,14.567182302474976
SWI,tree,swi01,482,BRT,random,0.8505691820873218,0.1458447847167849,0.010686108059522621,0.9427893900343642,0.930039130363407,0.797059792930287,20.259337186813354
SWI,tree,swi01,482,BRT,tgb,0.8612641069039626,0.16216154138626238,0.010686108059522621,0.8846273518041237,0.8580490253338805,0.8041660503150846,20.113029718399048
SWI,tree,swi02,1245,GLM,random,0.7551057487383724,0.1538813354399104,0.029761310296614402,0.9301895582329317,0.9151175229864238,0.7592268409930053,19.075911045074463
SWI,tree,swi02,1245,GLM,tgb,0.7883121997050156,0.18152200153777315,0.029761310296614402,0.863939357429719,0.8425804480099007,0.7927398575715235,17.6689395904541
SWI,tree,swi02,1245,BRT,random,0.7633442369269137,0.16017173391312411,0.029761310296614402,0.9407582329317268,0.9196257982512714,0.761374833647763,19.160093784332275
SWI,tree,swi02,1245,BRT,tgb,0.7951790457570974,0.18988069675265898,0.029761310296614402,0.8959903614457831,0.8622950140014585,0.7855145335031407,23.5523362159729
SWI,tree,swi03,291,GLM,random,0.6549916457513187,0.05764897689837396,0.014181563966843103,0.8995817650496786,0.855866523828074,0.8059079242370004,14.044290542602539
SWI,tree,swi03,291,GLM,tgb,0.6712135848216643,0.06821535360338478,0.014181563966843103,0.7811849503214494,0.7477924811006083,0.8525255263680911,17.207255125045776
SWI,tree,swi03,291,BRT,random,0.7003728377763287,0.07329346250580066,0.014181563966843103,0.9296712741087083,0.8726045511071634,0.8215206620618879,19.8935444355011
SWI,tree,swi03,291,BRT,tgb,0.7252843369608798,0.08349274731010235,0.014181563966843103,0.8244274108708357,0.730574752397723,0.8654780519694919,20.904315948486328
SWI,tree,swi04,710,GLM,random,0.8698786973855643,0.1644802932364255,0.011884550084889643,0.9489887323943662,0.931884084745936,0.7952713974044588,15.679566144943237
SWI,tree,swi04,710,GLM,tgb,0.9078917194530934,0.20534703407494315,0.011884550084889643,0.8639014084507041,0.820594121378152,0.8380420225831523,16.72745418548584
SWI,tree,swi04,710,BRT,random,0.8779720499479354,0.1743599640278221,0.011884550084889643,0.9552471830985916,0.9355741672436011,0.8158124580288856,19.368987560272217
SWI,tree,swi04,710,BRT,tgb,0.9052146025177811,0.20908950246928104,0.011884550084889643,0.8848669014084507,0.8326131272122289,0.8328350468531331,21.005316972732544
SWI,tree,swi05,91,GLM,random,0.9919680439824757,0.34819926991028294,0.0034954559073204832,0.9965932748538012,0.989509634944202,0.9669207267167587,5.61210036277771
SWI,tree,swi05,91,GLM,tgb,0.9935486642041061,0.4021795150386646,0.0034954559073204832,0.9933938596491227,0.9833236679005791,0.962817604214322,7.339385271072388
SWI,tree,swi05,91,BRT,random,0.9676402370930333,0.49851070354669574,0.0034954559073204832,0.9972327485380117,0.9768893921267275,0.9626852820179455,16.72761058807373
SWI,tree,swi05,91,BRT,tgb,0.9652406723362826,0.4754829607901087,0.0034954559073204832,0.996654970760234,0.9824349427454327,0.9744253674156274,15.025614023208618
SWI,tree,swi06,5822,GLM,random,0.7082352189161776,0.3574950428060791,0.6943972835314092,0.8702147979071724,0.8613660167812073,0.6917106756066083,23.636924266815186
SWI,tree,swi06,5822,GLM,tgb,0.8355777681895904,0.5772328146702518,0.6943972835314092,0.7098073438122207,0.6930619417379683,0.7979590740401405,19.11490035057068
SWI,tree,swi06,5822,BRT,random,0.7224838293340252,0.38516616783289287,0.6943972835314092,0.8780209576641154,0.8662172421481141,0.7054749060767647,23.71214246749878
SWI,tree,swi06,5822,BRT,tgb,0.8438533608946719,0.5835087579945339,0.6943972835314092,0.7600833596227307,0.7466268164937594,0.8103627302404078,31.87168574333191
SWI,tree,swi07,857,GLM,random,0.9081312954257496,0.2593017078047993,0.022171177469289923,0.9599533115735073,0.9455207215110975,0.8717171619816068,16.238040447235107
SWI,tree,swi07,857,GLM,tgb,0.9262307450950082,0.2966763639431973,0.022171177469289923,0.8820162620699035,0.8601029391927284,0.900704995494576,18.486772298812866
SWI,tree,swi07,857,BRT,random,0.9210867490920601,0.28184956681574264,0.022171177469289923,0.9642779579763362,0.944607183476775,0.8816010951450494,18.710052728652954
SWI,tree,swi07,857,BRT,tgb,0.9350584881684871,0.31772032057755323,0.022171177469289923,0.9046646606827146,0.8721682138520548,0.9045511046081793,22.692981719970703
SWI,tree,swi08,1452,GLM,random,0.8475627611751299,0.2756746142092393,0.04763807050833916,0.9485291859225027,0.9316198348143139,0.8061237747682997,16.563748598098755
SWI,tree,swi08,1452,GLM,tgb,0.8649058450466423,0.3035362048434523,0.04763807050833916,0.892990231070032,0.8590549827594078,0.8217820914705047,19.50483250617981
SWI,tree,swi08,1452,BRT,random,0.8634531133482476,0.29448857955586,0.04763807050833916,0.9557576573053679,0.9362247475422241,0.8160455377624857,19.759454250335693
SWI,tree,swi08,1452,BRT,tgb,0.8689975887467816,0.3128762575560622,0.04763807050833916,0.909264395070506,0.8657753451757566,0.8312119464409008,23.874399662017822
SWI,tree,swi09,937,GLM,random,0.7988295623870921,0.18270226096729314,0.030560271646859084,0.9263359369666627,0.9081331406426099,0.7455566359509721,11.459274530410767
SWI,tree,swi09,937,GLM,tgb,0.8214037306141851,0.20948336157654254,0.030560271646859084,0.8346271333485037,0.8142372205046969,0.7849344397495202,11.83041524887085
SWI,tree,swi09,937,BRT,random,0.8033758402231124,0.18879507160367182,0.030560271646859084,0.9372267209011265,0.9174478397346167,0.7640644928535425,27.26548171043396
SWI,tree,swi09,937,BRT,tgb,0.825200936457822,0.2157014999903829,0.030560271646859084,0.8759141597451361,0.8417246038035564,0.7893680004707303,27.217793464660645
SWI,tree,swi10,2830,GLM,random,0.7598015103876616,0.3080334547234579,0.13642265055427943,0.9177917844522968,0.9018190656067885,0.7556396189871886,21.74805736541748
SWI,tree,swi10,2830,GLM,tgb,0.8089050256683951,0.3722905256541821,0.13642265055427943,0.7822165194346289,0.7705172321106248,0.80050620447832,21.44584894180298
SWI,tree,swi10,2830,BRT,random,0.7651682613711269,0.3172151798220434,0.13642265055427943,0.9264308303886926,0.9099821815704336,0.7696952475134496,24.704542875289917
SWI,tree,swi10,2830,BRT,tgb,0.8171245166486875,0.3795419584715023,0.13642265055427943,0.8088378975265018,0.7864951391406861,0.8051759266848946,23.029480695724487
SWI,tree,swi11,749,GLM,random,0.8274519279287672,0.13422420237912056,0.010386497553180865,0.9527301118568232,0.9388793569368789,0.8328209438258437,17.525880813598633
SWI,tree,swi11,749,GLM,tgb,0.8408527213023126,0.1495209507088025,0.010386497553180865,0.9055129082774049,0.8862670514564716,0.8633454141111816,16.993497610092163
SWI,tree,swi11,749,BRT,random,0.8654496300954067,0.1561000484244945,0.010386497553180865,0.9605806174496646,0.9447032412828301,0.8438288276087318,23.42560124397278
SWI,tree,swi11,749,BRT,tgb,0.8666082504638364,0.1607149467156838,0.010386497553180865,0.9234547695749441,0.8939790053041362,0.861123855560068,21.31824541091919
SWI,tree,swi12,37,GLM,random,0.6628590013009106,0.04555828878813836,0.001997403375611705,0.9076410714285714,0.9104374692759676,0.9265849322824217,9.353203535079956
SWI,tree,swi12,37,GLM,tgb,0.66413989792855,0.06177460241404227,0.001997403375611705,0.8808785714285715,0.8759995957100021,0.9633338382424773,9.799880981445312
SWI,tree,swi12,37,BRT,random,0.6940958671069748,0.03663573005452456,0.001997403375611705,0.8970732142857143,0.8769390200454742,0.8963138365670715,23.481249570846558
SWI,tree,swi12,37,BRT,tgb,0.7035274692284599,0.07389304394071868,0.001997403375611705,0.8743285714285713,0.8395022856826768,0.938114870244285,21.783808708190918
SWI,tree,swi13,3357,GLM,random,0.7533328369519269,0.39777446944451067,0.3321681813642265,0.8950351989967,0.881908533888279,0.720538241295428,22.952342987060547
SWI,tree,swi13,3357,GLM,tgb,0.7910026553707525,0.4563767316606592,0.3321681813642265,0.7776727593188915,0.7558173822648283,0.7778561519779148,21.43340301513672
SWI,tree,swi13,3357,BRT,random,0.7585120418802028,0.40983463340866355,0.3321681813642265,0.902453387246292,0.8868421519636186,0.7343308585680006,23.518566846847534
SWI,tree,swi13,3357,BRT,tgb,0.8131715705462739,0.4807219007208725,0.3321681813642265,0.837346011749521,0.8147528688953907,0.7914581381563884,23.83484196662903
SWI,tree,swi14,2142,GLM,random,0.7984787630018684,0.3079060199550381,0.09767302506741236,0.9276173912925081,0.9146003651543738,0.7668668849137618,22.10525369644165
SWI,tree,swi14,2142,GLM,tgb,0.8108187541519404,0.33435850192938077,0.09767302506741236,0.8460314944012373,0.807658586600583,0.7934148412503672,20.89609122276306
SWI,tree,swi14,2142,BRT,random,0.810434653692808,0.32149976463938995,0.09767302506741236,0.9336466246759472,0.9165777898987978,0.783446416767722,22.63482165336609
SWI,tree,swi14,2142,BRT,tgb,0.8202541128965635,0.34650178959439065,0.09767302506741236,0.8746171925037579,0.8439938422454221,0.813427198217877,23.309032917022705
SWI,tree,swi15,297,GLM,random,0.7848443781698855,0.12453825809125518,0.013382602616598422,0.9541881355932205,0.9436341102592939,0.8672958261486325,14.548118352890015
SWI,tree,swi15,297,GLM,tgb,0.8217045655415604,0.15902179892680549,0.013382602616598422,0.8924237570621468,0.8751290474591757,0.8855521771284689,16.782124519348145
SWI,tree,swi15,297,BRT,random,0.7769239136839338,0.13380457364098125,0.013382602616598422,0.9641793220338982,0.942187692239018,0.8677240870271892,22.35623550415039
SWI,tree,swi15,297,BRT,tgb,0.8164386086572906,0.16117549794805383,0.013382602616598422,0.9064660734463278,0.8673333792943172,0.8778667994774111,21.277146339416504
SWI,tree,swi16,734,GLM,random,0.8371408040304176,0.24664425971416326,0.03944871666833117,0.9399752585965894,0.932454399625944,0.8391695185352022,16.72891664505005
SWI,tree,swi16,734,GLM,tgb,0.8661681288512311,0.28885551385604813,0.03944871666833117,0.8280972136799924,0.8167591191347032,0.8802000270994526,16.340320348739624
SWI,tree,swi16,734,BRT,random,0.848444504107541,0.26078858524523185,0.03944871666833117,0.9459252539371914,0.9331442697294412,0.8476750678279478,19.908538818359375
SWI,tree,swi16,734,BRT,tgb,0.8727780980282223,0.29880630300759875,0.03944871666833117,0.8359837107445719,0.8195942773078546,0.8830600544829375,22.198700189590454
SWI,tree,swi17,458,GLM,random,0.9867657587132085,0.5972727324314493,0.030760011984420254,0.9859780697563305,0.9653074833954675,0.9343318099809457,10.11118483543396
SWI,tree,swi17,458,GLM,tgb,0.9901386351927309,0.6915530150699317,0.030760011984420254,0.9757480172001912,0.947261944791373,0.9358222421392135,10.868120431900024
SWI,tree,swi17,458,BRT,random,0.9839592658758038,0.7077423260639635,0.030760011984420254,0.9882527472527473,0.9745550539670361,0.9437177440413789,20.133649587631226
SWI,tree,swi17,458,BRT,tgb,0.9889493299075988,0.7568773703843275,0.030760011984420254,0.9770759794553273,0.9415611094859436,0.9453629282703071,24.59114980697632
SWI,tree,swi18,382,GLM,random,0.9491377251966018,0.12867731129793747,0.0025966243882952164,0.9788147983595351,0.9416377580408014,0.8786760032846276,9.637604713439941
SWI,tree,swi18,382,GLM,tgb,0.9481941909097211,0.14185088070050333,0.0025966243882952164,0.9660822624743677,0.921958489778067,0.8933886771135551,13.371688604354858
SWI,tree,swi18,382,BRT,random,0.941535534656592,0.13309722023841414,0.0025966243882952164,0.9847041182501709,0.9664015625956027,0.9018513051478051,22.288445472717285
SWI,tree,swi18,382,BRT,tgb,0.927617441135014,0.11854698183844868,0.0025966243882952164,0.9732199248120301,0.9414242269067081,0.9052078902687951,24.73831081390381
SWI,tree,swi19,36,GLM,random,0.8737137019053537,0.10626064309068964,0.0018975332068311196,0.96925,0.9593340608167255,0.9366740324830584,6.199158430099487
SWI,tree,swi19,36,GLM,tgb,0.8940943513476507,0.13485892988625622,0.0018975332068311196,0.9360624999999999,0.9222849755799203,0.9706007879480193,6.33202338218689
SWI,tree,swi19,36,BRT,random,0.8820292175305183,0.07680070991098567,0.0018975332068311196,0.9630017857142856,0.9165567112094963,0.8865316836427521,20.084047317504883
SWI,tree,swi19,36,BRT,tgb,0.9194464046849161,0.07144519510561294,0.0018975332068311196,0.9338446428571429,0.8937117294069946,0.930305344886769,22.301053524017334
SWI,tree,swi20,613,GLM,random,0.7506460026620385,0.14230318293814292,0.0270648157395386,0.9293755231240837,0.911113486725576,0.7431850417420514,12.104421615600586
SWI,tree,swi20,613,GLM,tgb,0.8044064540419578,0.18439987543653388,0.0270648157395386,0.7848143942423031,0.7580629896341471,0.7875398215004398,16.756688594818115
SWI,tree,swi20,613,BRT,random,0.7595487564401411,0.14702152060166307,0.0270648157395386,0.9318380514460882,0.9108216744142069,0.7540069615803672,23.180650234222412
SWI,tree,swi20,613,BRT,tgb,0.7969180502726809,0.18363693761537095,0.0270648157395386,0.8095587231773956,0.7726617351823446,0.7791446110340041,21.775692462921143
SWI,tree,swi21,426,GLM,random,0.7153077251433825,0.10757234108886522,0.022370917806851093,0.8882979343365254,0.8697145457134635,0.7164028966651025,12.504629850387573
SWI,tree,swi21,426,GLM,tgb,0.7632163653079989,0.13830318040183937,0.022370917806851093,0.7826639124487004,0.7457647149049397,0.7570166234321827,16.15084147453308
SWI,tree,swi21,426,BRT,random,0.7374202822409994,0.12618436093269061,0.022370917806851093,0.904268248974008,0.8886060268236193,0.7446491959627493,22.941044330596924
SWI,tree,swi21,426,BRT,tgb,0.7681836755541935,0.15276526121822942,0.022370917806851093,0.8053116142270863,0.7662205625714075,0.7738638241708287,21.302991151809692
SWI,tree,swi22,560,GLM,random,0.8543316108162005,0.19327439337806562,0.018176370718066513,0.9540276785714286,0.9262772297923154,0.7842176390547424,13.358460187911987
SWI,tree,swi22,560,GLM,tgb,0.8543645856737098,0.2117226313005543,0.018176370718066513,0.8932589285714286,0.8375955878912509,0.8142314632747502,16.53472399711609
SWI,tree,swi22,560,BRT,random,0.8718686460523506,0.2138106773904765,0.018176370718066513,0.9619107142857143,0.9364789614947897,0.8128410758448726,21.07508945465088
SWI,tree,swi22,560,BRT,tgb,0.8689595929449454,0.23436977502233064,0.018176370718066513,0.9203026785714286,0.8648846362645347,0.8357564068713911,21.45221996307373
SWI,tree,swi23,986,GLM,random,0.7463170853655086,0.29112958305522174,0.14910616198941376,0.8903992283238477,0.8614153548757086,0.6972361962873906,17.11844491958618
SWI,tree,swi23,986,GLM,tgb,0.8673069787333062,0.5242996461942715,0.14910616198941376,0.700247443982977,0.6639911480634102,0.7825955348028726,17.90647006034851
SWI,tree,swi23,986,BRT,random,0.788248760255213,0.3601608643623684,0.14910616198941376,0.9069033200020511,0.8744944618776147,0.7298819230521857,21.011419773101807
SWI,tree,swi23,986,BRT,tgb,0.8787258379479826,0.5368537734659231,0.14910616198941376,0.7514872532430908,0.7126877984377444,0.8101237482637444,21.19421148300171
SWI,tree,swi24,293,GLM,random,0.5993426522264469,0.056700072643560154,0.027763906921002696,0.8535822618351843,0.8125849281800441,0.6571929560863682,13.882587671279907
SWI,tree,swi24,293,GLM,tgb,0.6620548861373151,0.10344270897543449,0.027763906921002696,0.7084716247808298,0.6495243918011174,0.7288283408856439,13.724953174591064
SWI,tree,swi24,293,BRT,random,0.6645834026153499,0.09534483261125974,0.027763906921002696,0.8849901227352426,0.8281826643574137,0.6722347388202516,20.873300790786743
SWI,tree,swi24,293,BRT,tgb,0.7039588668048613,0.1449712581035602,0.027763906921002696,0.7365155464640561,0.6657265936209213,0.7424464367519276,21.644336462020874
SWI,tree,swi25,279,GLM,random,0.9737488448064648,0.41544927021985584,0.023769100169779286,0.9500721103896103,0.9380390211626345,0.9543565800689103,11.235192060470581
SWI,tree,swi25,279,GLM,tgb,0.9824268735627244,0.4651708569352557,0.023769100169779286,0.8765106493506494,0.8676729887975998,0.9791563239070067,12.501838684082031
SWI,tree,swi25,279,BRT,random,0.9712583550044059,0.4762891348570347,0.023769100169779286,0.964418116883117,0.9438556845553426,0.9593847844029476,20.05007839202881
SWI,tree,swi25,279,BRT,tgb,0.9804560596617165,0.5123404276293735,0.023769100169779286,0.9104355519480519,0.8713362481420612,0.9751001858754226,18.30952286720276
SWI,tree,swi26,89,GLM,random,0.7944013248287094,0.06353731912916345,0.0021971437131728753,0.9302104575163399,0.7323356465837629,0.6702461712514479,7.469486951828003
SWI,tree,swi26,89,GLM,tgb,0.8046150626472917,0.08481954959486941,0.0021971437131728753,0.8904218954248366,0.6136046691327757,0.5969321348210364,8.294025897979736
SWI,tree,swi26,89,BRT,random,0.8162846561905716,0.14148698248939423,0.0021971437131728753,0.9597143790849673,0.7888062519659579,0.7090785313630661,20.288969039916992
SWI,tree,swi26,89,BRT,tgb,0.8220216376557083,0.1453788843761485,0.0021971437131728753,0.9084849673202614,0.6206307197198907,0.6983789626893975,15.665497303009033
SWI,tree,swi27,468,GLM,random,0.7406662374853875,0.16480234193878057,0.03904923599320883,0.924309597346145,0.9075242196998626,0.7369537448250455,12.47408652305603
SWI,tree,swi27,468,GLM,tgb,0.8094926854007307,0.23315571292797677,0.03904923599320883,0.839239224433768,0.7954040503618575,0.7573931172783072,13.21800708770752
SWI,tree,swi27,468,BRT,random,0.7414017110192381,0.17472712540037255,0.03904923599320883,0.9359419354838711,0.9104343983246019,0.7453722883571157,18.158729314804077
SWI,tree,swi27,468,BRT,tgb,0.8022995575463518,0.2444532562156263,0.03904923599320883,0.8792263669640814,0.8345269817649485,0.768367302504964,12.08933687210083
SWI,tree,swi28,5528,GLM,random,0.8096509768044522,0.5275237913072305,0.4240487366423649,0.8993680016855817,0.8882577077889431,0.7611297196250809,17.06299352645874
SWI,tree,swi28,5528,GLM,tgb,0.8423892220268961,0.5845451218587037,0.4240487366423649,0.7834062670910623,0.7815544508348884,0.8349793601759584,11.097215414047241
SWI,tree,swi28,5528,BRT,random,0.8177010057957219,0.5353044066435716,0.4240487366423649,0.9052999752072202,0.8929769230437573,0.768445435442257,10.783721685409546
SWI,tree,swi28,5528,BRT,tgb,0.8478153961406448,0.5852777515186168,0.4240487366423649,0.8174925194537407,0.8033530215991643,0.83628697191989,9.848423957824707
SWI,tree,swi29,154,GLM,random,0.6693564006859679,0.0600289390919519,0.009987016878058523,0.8630546236559141,0.8438957200237358,0.6787765386385177,9.440099239349365
SWI,tree,swi29,154,GLM,tgb,0.6716079895087259,0.06653681330713311,0.009987016878058523,0.7463661290322581,0.7209261232627584,0.7352845017514869,8.598441123962402
SWI,tree,swi29,154,BRT,random,0.6907717139110259,0.06513675762399009,0.009987016878058523,0.8936905376344086,0.8635937950649168,0.7203814466168351,11.741043090820312
SWI,tree,swi29,154,BRT,tgb,0.6676293755674367,0.06224876866462675,0.009987016878058523,0.7754074193548387,0.7257389530292973,0.7461940002541911,8.413999319076538
SWI,tree,swi30,2800,GLM,random,0.7261033854505569,0.2723446565007528,0.15180265654648956,0.9025490178571429,0.8864680246524024,0.7229159106720321,12.679351568222046
SWI,tree,swi30,2800,GLM,tgb,0.764020602105759,0.324371195936382,0.15180265654648956,0.8028086607142857,0.7877981294571391,0.7853275180818695,7.571846008300781
SWI,tree,swi30,2800,BRT,random,0.7247500263374791,0.2736142960737807,0.15180265654648956,0.9122738392857143,0.8991160211055931,0.7335925714004868,8.507150650024414
SWI,tree,swi30,2800,BRT,tgb,0.766168268605105,0.3252073391257482,0.15180265654648956,0.8372808928571427,0.8177270702876461,0.7841217216585672,9.139426469802856
