region,group,species,n_pres,model,bg,pa_auc,pa_cor,pa_prev,cv_rand_auc,cv_spat_auc,cv_spat_tg_auc,secs
AWT,bird,awt01,178,GLM,random,0.5490883590462834,0.07775684189290309,0.27058823529411763,0.7637096031746032,0.5654640906219527,0.4692702813080878,13.7867112159729
AWT,bird,awt01,178,GLM,tgb,0.721555049088359,0.3385785650797793,0.27058823529411763,0.610138253968254,0.5463367474875416,0.5374504004478422,0.9867007732391357
AWT,bird,awt01,178,BRT,random,0.5801849579242637,0.10938183829036555,0.27058823529411763,0.8347539682539683,0.6924078715626802,0.5545334358058468,13.931398391723633
AWT,bird,awt01,178,BRT,tgb,0.7412780504908837,0.3966654132150999,0.27058823529411763,0.6625059523809524,0.6124627196082612,0.5952293361018444,5.095507621765137
AWT,bird,awt02,149,GLM,random,0.6599392097264437,0.3812393961443021,0.3088235294117647,0.8088075862068965,0.5501359619535726,0.5898494555326579,11.58203911781311
AWT,bird,awt02,149,GLM,tgb,0.7685106382978724,0.5434534212914094,0.3088235294117647,0.7371637931034483,0.6103798036785164,0.7054786297923343,1.0759916305541992
AWT,bird,awt02,149,BRT,random,0.706099290780142,0.5073296596778069,0.3088235294117647,0.8844498850574712,0.6298969404138901,0.624912938459007,14.212954044342041
AWT,bird,awt02,149,BRT,tgb,0.7693617021276596,0.5684259241902136,0.3088235294117647,0.8019011494252875,0.6808100734501499,0.772467134072001,4.812150239944458
AWT,bird,awt03,219,GLM,random,0.524964179433484,0.07105276149056801,0.37941176470588234,0.8372753171247357,0.6523273089408039,0.5403354985283324,13.358308553695679
AWT,bird,awt03,219,GLM,tgb,0.6362100003673904,0.2507077871190244,0.37941176470588234,0.715601532769556,0.6134472576303023,0.5867807056531212,1.0034575462341309
AWT,bird,awt03,219,BRT,random,0.5741577574488409,0.1303073097043295,0.37941176470588234,0.8652871035940803,0.7315037830313886,0.6269715066951903,13.870326042175293
AWT,bird,awt03,219,BRT,tgb,0.6466806275028472,0.250812704595004,0.37941176470588234,0.7626141649048626,0.6456737351584801,0.5912931475166036,5.11156702041626
AWT,bird,awt04,216,GLM,random,0.4937404367784115,-0.008900151856728348,0.4647058823529412,0.8492031712473572,0.7127191929066411,0.6158686738313354,14.655521869659424
AWT,bird,awt04,216,GLM,tgb,0.4763875365141188,-0.05492455210996303,0.4647058823529412,0.7805094080338266,0.6872453518008594,0.5759612343301639,0.8974826335906982
AWT,bird,awt04,216,BRT,random,0.46939769091667827,-0.05517407279376457,0.4647058823529412,0.8596828224101479,0.7418231929101473,0.6268224744572307,13.830856084823608
AWT,bird,awt04,216,BRT,tgb,0.45799137571289467,-0.07106140278813586,0.4647058823529412,0.7629999735729387,0.6625030153145681,0.624984519903912,5.526991605758667
AWT,bird,awt05,114,GLM,random,0.7633432575702563,0.30177189342376004,0.13823529411764707,0.9151385375494072,0.8607678737033178,0.7519146771793597,9.80455732345581
AWT,bird,awt05,114,GLM,tgb,0.7623266284220463,0.30112205839146794,0.13823529411764707,0.8871276679841896,0.836107505271916,0.7563660048649561,0.8738977909088135
AWT,bird,awt05,114,BRT,random,0.7588410427710407,0.35296474470728306,0.13823529411764707,0.9090357707509881,0.8731495565786427,0.7954647400217657,14.526548385620117
AWT,bird,awt05,114,BRT,tgb,0.7173044804298888,0.26706451123382857,0.13823529411764707,0.8636199604743082,0.8594672500112578,0.8005373676429379,4.646635055541992
AWT,bird,awt06,265,GLM,random,0.6488413547237076,0.27534247716923793,0.55,0.8756641509433962,0.7329616922962063,0.7036007178277727,13.961764574050903
AWT,bird,awt06,265,GLM,tgb,0.827968263954423,0.6001158603238071,0.55,0.7906094339622641,0.677821736704541,0.7085827407517035,0.980231523513794
AWT,bird,awt06,265,BRT,random,0.662315193457062,0.261962553461309,0.55,0.8861443396226415,0.7850188334764232,0.7362798328667494,13.689722061157227
AWT,bird,awt06,265,BRT,tgb,0.825801265247632,0.5493244396378616,0.55,0.7933632075471698,0.733433101433403,0.7871168717574019,5.101576089859009
AWT,bird,awt07,158,GLM,random,0.5220935220935221,0.03472870519849499,0.23823529411764705,0.7989040322580646,0.6701108247150434,0.5436227394551922,13.420220375061035
AWT,bird,awt07,158,GLM,tgb,0.5843462510129177,0.12142410045366045,0.23823529411764705,0.6817047379032258,0.6052542438953704,0.5545471810677778,1.02662992477417
AWT,bird,awt07,158,BRT,random,0.5265503598836934,0.035910156115492975,0.23823529411764705,0.8332580645161289,0.6927880525618348,0.5501407765345352,13.645678758621216
AWT,bird,awt07,158,BRT,tgb,0.5549358882692216,0.06138564995266703,0.23823529411764705,0.681778629032258,0.6316641898331756,0.572829660202448,5.000216484069824
AWT,bird,awt08,231,GLM,random,0.6510733163136888,0.31108796902844515,0.40294117647058825,0.782334158186864,0.6168123026911162,0.629158447452319,14.555323362350464
AWT,bird,awt08,231,GLM,tgb,0.9220092769048218,0.7433320577712582,0.40294117647058825,0.6247601063829787,0.5842955254044979,0.7737466544348552,0.8781437873840332
AWT,bird,awt08,231,BRT,random,0.7657042177555644,0.4520534239154569,0.40294117647058825,0.8155458140610545,0.6482750745456456,0.6141961895036772,13.780967712402344
AWT,bird,awt08,231,BRT,tgb,0.909640070475711,0.6938312992678852,0.40294117647058825,0.6568386447733581,0.6342825942854627,0.7748752718103062,5.367211580276489
AWT,bird,awt09,112,GLM,random,0.6557971014492754,0.1857821615189038,0.13529411764705881,0.8062693675889328,0.6717078408132602,0.5769208640307243,10.375296115875244
AWT,bird,awt09,112,GLM,tgb,0.7247116237799467,0.26853621817349443,0.13529411764705881,0.6962557312252964,0.6224189193500897,0.5744414577974359,1.0304811000823975
AWT,bird,awt09,112,BRT,random,0.6392339544513458,0.15399560310303173,0.13529411764705881,0.7866478260869565,0.6756895618870754,0.5591745865561859,12.704707145690918
AWT,bird,awt09,112,BRT,tgb,0.6833776989056493,0.2174693257466788,0.13529411764705881,0.6552164031620553,0.6314154441897966,0.6010152284453527,1.8274946212768555
AWT,bird,awt10,122,GLM,random,0.6803015323776569,0.2931616439134048,0.3,0.8811221666666669,0.7294222224802609,0.6341816592697941,11.25311803817749
AWT,bird,awt10,122,GLM,tgb,0.6953369583127369,0.3137282775855855,0.3,0.8326018333333334,0.7307686703852863,0.6529776433824248,0.8647861480712891
AWT,bird,awt10,122,BRT,random,0.6663783160322954,0.2393617515644923,0.3,0.8754402499999999,0.7675638460656952,0.658754689165163,10.97885012626648
AWT,bird,awt10,122,BRT,tgb,0.6872219476025705,0.3013643132478445,0.3,0.8153129166666666,0.7454654779676694,0.6698817912530202,1.778519630432129
AWT,bird,awt11,82,GLM,random,0.5422253587391201,0.03145224822122399,0.03823529411764706,0.7696595588235293,0.6136660854182645,0.5346562098679979,9.339450359344482
AWT,bird,awt11,82,GLM,tgb,0.6798400376382028,0.1126200762543944,0.03823529411764706,0.6131294117647059,0.5973799018188826,0.5988800079842317,0.8302929401397705
AWT,bird,awt11,82,BRT,random,0.4194307221830158,-0.046917453026681225,0.03823529411764706,0.7706720588235294,0.6510334382609664,0.5379903580988219,11.236867904663086
AWT,bird,awt11,82,BRT,tgb,0.5746883086332628,0.05230460463032159,0.03823529411764706,0.6291955882352942,0.6107346273627223,0.5662597031294453,1.8229422569274902
AWT,bird,awt12,32,GLM,random,0.8545524691358024,0.28076775194773046,0.047058823529411764,0.8699285714285715,0.6849533244295195,0.6335044633527392,7.090777397155762
AWT,bird,awt12,32,GLM,tgb,0.8690200617283951,0.29431048905971685,0.047058823529411764,0.8471119047619048,0.7138032584600937,0.6805418055762883,0.7435879707336426
AWT,bird,awt12,32,BRT,random,0.808449074074074,0.15375927654864646,0.047058823529411764,0.8809071428571429,0.7875650322381385,0.7009217917660749,12.029693365097046
AWT,bird,awt12,32,BRT,tgb,0.7544367283950617,0.12208892613848325,0.047058823529411764,0.8434642857142857,0.7653951509317724,0.7313835323243671,1.760425329208374
AWT,bird,awt13,122,GLM,random,0.7670538803756797,0.43774000514698963,0.3,0.9199809999999999,0.798365906415631,0.7216451285872092,10.154705286026001
AWT,bird,awt13,122,GLM,tgb,0.767918932278794,0.4083206935179491,0.3,0.881071,0.8006053724033377,0.7459161011056543,0.8107140064239502
AWT,bird,awt13,122,BRT,random,0.747116493656286,0.3709527125528178,0.3,0.9105388333333334,0.8416465898321832,0.7845303481682736,10.22856092453003
AWT,bird,awt13,122,BRT,tgb,0.775045312242544,0.43079899732924326,0.3,0.8753755,0.8250097001490637,0.7657359534503421,1.7270803451538086
AWT,bird,awt14,99,GLM,random,0.8229370629370629,0.44047270757302054,0.19117647058823528,0.9472942105263158,0.8855194327550058,0.8204101713465901,9.899871349334717
AWT,bird,awt14,99,GLM,tgb,0.8803356643356643,0.5449428457336162,0.19117647058823528,0.9270036842105263,0.8834516473502607,0.8312594352330764,0.876072883605957
AWT,bird,awt14,99,BRT,random,0.7830489510489511,0.3683550790701712,0.19117647058823528,0.9416236842105263,0.8216549810597045,0.7460128700371764,9.98065710067749
AWT,bird,awt14,99,BRT,tgb,0.8670209790209792,0.603590858525995,0.19117647058823528,0.9260957894736842,0.8370227628256268,0.7461107807598857,1.663846492767334
AWT,bird,awt15,254,GLM,random,0.7719922860109777,0.4853401927366532,0.6294117647058823,0.8934803137254901,0.7492103715549676,0.6992804611587149,12.864538192749023
AWT,bird,awt15,254,GLM,tgb,0.7607550808485387,0.4981545763882718,0.6294117647058823,0.8345801176470588,0.7287646808500432,0.7142496945101426,1.0001351833343506
AWT,bird,awt15,254,BRT,random,0.7949117341640707,0.49405631973463604,0.6294117647058823,0.9187725490196078,0.8380626309332152,0.7947128143869175,7.729700088500977
AWT,bird,awt15,254,BRT,tgb,0.7405058596647381,0.48134973282484544,0.6294117647058823,0.8487508235294119,0.8206405359063424,0.7960573519705152,1.8742756843566895
AWT,bird,awt16,144,GLM,random,0.7008605072463767,0.2839418777344891,0.18823529411764706,0.9275219211822658,0.7947502865269043,0.7170299730651293,9.291706562042236
AWT,bird,awt16,144,GLM,tgb,0.7829483695652175,0.3801667138192023,0.18823529411764706,0.909542857142857,0.8465129249233796,0.7701980992098179,0.7327423095703125
AWT,bird,awt16,144,BRT,random,0.634284420289855,0.10109920552869235,0.18823529411764706,0.9217323891625616,0.8034027259474634,0.7307632081460207,9.677825689315796
AWT,bird,awt16,144,BRT,tgb,0.6963881340579711,0.26783643195254686,0.18823529411764706,0.8839950738916256,0.8251885823367161,0.7534089456550395,1.7770743370056152
AWT,bird,awt17,184,GLM,random,0.8019745196837492,0.4825001336370653,0.3029411764705882,0.8577978228228229,0.6097102299112549,0.5475269797198264,1.0691680908203125
AWT,bird,awt17,184,GLM,tgb,0.7780099135635574,0.42353766769706863,0.3029411764705882,0.780653078078078,0.5826756868281546,0.5941442859207111,0.2605714797973633
AWT,bird,awt17,184,BRT,random,0.7606406947687517,0.4063803197766499,0.3029411764705882,0.8929453453453453,0.738179388983937,0.6236632319769817,5.8370866775512695
AWT,bird,awt17,184,BRT,tgb,0.7605587644914178,0.4384552896225474,0.3029411764705882,0.8211901651651651,0.6562819218989852,0.607007816723445,5.042559385299683
AWT,bird,awt18,242,GLM,random,0.5660709791089857,0.12662043678301654,0.40294117647058825,0.7557517006802721,0.5618666548901243,0.4801538191324776,1.4498698711395264
AWT,bird,awt18,242,GLM,tgb,0.678904030779188,0.31990014640647035,0.40294117647058825,0.5435480867346938,0.4881869664088233,0.5063850227586546,0.37162113189697266
AWT,bird,awt18,242,BRT,random,0.6072417388802992,0.17554354883174356,0.40294117647058825,0.8222614158163266,0.6838207328771831,0.5495434068588138,7.002002477645874
AWT,bird,awt18,242,BRT,tgb,0.7128114774729424,0.3661234373867393,0.40294117647058825,0.6367184311224491,0.592988123030749,0.572859679007111,4.889828681945801
AWT,bird,awt19,78,GLM,random,0.6899343297101449,0.2739130607600953,0.18823529411764706,0.9065625,0.7887126512087036,0.6945945078086875,1.1939148902893066
AWT,bird,awt19,78,GLM,tgb,0.7128057065217391,0.293813604014609,0.18823529411764706,0.8645349999999998,0.8025094375856014,0.730327020269885,0.21394968032836914
AWT,bird,awt19,78,BRT,random,0.6364356884057971,0.12591566573865376,0.18823529411764706,0.9154295833333335,0.8329739133389437,0.7610204198587267,7.202124357223511
AWT,bird,awt19,78,BRT,tgb,0.6809329710144927,0.19984902147068542,0.18823529411764706,0.8823895833333333,0.843893110943559,0.8131362380761594,4.604739665985107
AWT,bird,awt20,104,GLM,random,0.5390865384615384,0.06329325197338707,0.23529411764705882,0.7089380952380953,0.6165608515249884,0.4894627053022981,1.3923237323760986
AWT,bird,awt20,104,GLM,tgb,0.625,0.17351583929585593,0.23529411764705882,0.5186766666666667,0.47903319713564335,0.4153418622906118,0.2794184684753418
AWT,bird,awt20,104,BRT,random,0.5263942307692309,0.015164466254944413,0.23529411764705882,0.7704311904761905,0.663547256758565,0.5212917432350603,8.459742307662964
AWT,bird,awt20,104,BRT,tgb,0.6001442307692307,0.07922000881288932,0.23529411764705882,0.590322619047619,0.5761468130784904,0.554814268623538,5.710099220275879
AWT,plant,awt21,17,GLM,random,0.6176829268292683,0.2608664185756545,0.19607843137254902,0.9290416666666665,0.7734381596820525,0.7277483725625858,0.7921864986419678
AWT,plant,awt21,17,GLM,tgb,0.5817073170731707,0.23793999220003964,0.19607843137254902,0.8774749999999999,0.7378553866384122,0.7298443992231204,0.1556541919708252
AWT,plant,awt21,17,BRT,random,0.5054878048780488,0.2759705053862074,0.19607843137254902,0.9403333333333332,0.7111593800065676,0.6739779778282167,5.602757215499878
AWT,plant,awt21,17,BRT,tgb,0.672560975609756,0.37221179502567,0.19607843137254902,0.8568333333333333,0.7310738827971335,0.7610524614902794,3.5380687713623047
AWT,plant,awt22,9,GLM,random,0.7018006148440932,0.29414149579196214,0.3235294117647059,0.7441500000000001,0.6765740362670416,0.5813942825413919,0.7744638919830322
AWT,plant,awt22,9,GLM,tgb,0.6750109793588055,0.2844192622291613,0.3235294117647059,0.58755,0.530712295075169,0.5341771548436308,0.1583251953125
AWT,plant,awt22,9,BRT,random,0.5404040404040404,0.19351062919885595,0.3235294117647059,0.705825,0.4901208526428543,0.47709202674204687,5.168083190917969
AWT,plant,awt22,9,BRT,tgb,0.7740447957839263,0.19978186375019666,0.3235294117647059,0.73155,0.4924055190049853,0.5044972966303226,3.602668285369873
AWT,plant,awt23,56,GLM,random,0.6098615916955017,0.14348860217731652,0.3333333333333333,0.7423424242424244,0.6351555143909807,0.5096930054072911,1.0657169818878174
AWT,plant,awt23,56,GLM,tgb,0.5717993079584776,0.09874428327507466,0.3333333333333333,0.5549575757575756,0.5177878336177384,0.5009067969067968,0.21943187713623047
AWT,plant,awt23,56,BRT,random,0.5800173010380623,0.11765080388960472,0.3333333333333333,0.7551386363636363,0.6748599667980065,0.578517413803128,8.762315511703491
AWT,plant,awt23,56,BRT,tgb,0.5190311418685122,0.21003709463859044,0.3333333333333333,0.5502636363636364,0.5415878443454796,0.51325431711146,4.859564542770386
AWT,plant,awt24,10,GLM,random,0.5407407407407406,0.1043653725583059,0.2647058823529412,0.5919000000000001,0.5589781008798397,0.360801154873691,0.5517659187316895
AWT,plant,awt24,10,GLM,tgb,0.5437037037037037,0.052697703357443185,0.2647058823529412,0.55925,0.48862046255263425,0.31453739765455624,0.13805294036865234
AWT,plant,awt24,10,BRT,random,0.5965432098765432,0.006974370476061342,0.2647058823529412,0.598625,0.41872343230335834,0.370214352410261,7.1283440589904785
AWT,plant,awt24,10,BRT,tgb,0.5698765432098766,0.015683990715389666,0.2647058823529412,0.565275,0.5921471848682128,0.6054845462607042,3.5359654426574707
AWT,plant,awt25,12,GLM,random,0.7110042735042735,0.2094376939100574,0.23529411764705882,0.8041666666666666,0.6674999000216678,0.56874959215445,1.4840025901794434
AWT,plant,awt25,12,GLM,tgb,0.7681623931623931,0.4432573449904189,0.23529411764705882,0.7006666666666665,0.5883644404803238,0.5665450121654502,0.6147234439849854
AWT,plant,awt25,12,BRT,random,0.5763888888888888,-0.03977553215552656,0.23529411764705882,0.7849833333333333,0.49687490287769887,0.4334692041651518,14.872857093811035
AWT,plant,awt25,12,BRT,tgb,0.7719017094017094,0.37790096215524427,0.23529411764705882,0.5663499999999999,0.48470926273151294,0.5171577127089335,4.152777671813965
AWT,plant,awt26,34,GLM,random,0.6693313953488372,0.21161944248946749,0.1568627450980392,0.8010833333333334,0.6655238657502568,0.46347662993268285,3.85758900642395
AWT,plant,awt26,34,GLM,tgb,0.659156976744186,0.23708877035584616,0.1568627450980392,0.7736357142857143,0.6310337477584873,0.5268719569360805,0.7881407737731934
AWT,plant,awt26,34,BRT,random,0.6518895348837209,0.25218171143060697,0.1568627450980392,0.7549678571428572,0.6775879741986344,0.5413134178721959,15.343705654144287
AWT,plant,awt26,34,BRT,tgb,0.657703488372093,0.20596084732879905,0.1568627450980392,0.6080059523809525,0.614552004830507,0.5180863317126574,4.701814413070679
AWT,plant,awt27,41,GLM,random,0.6770370370370371,0.23311105385313485,0.2647058823529412,0.8204930555555556,0.7189121151393165,0.6121685825820765,5.484091520309448
AWT,plant,awt27,41,GLM,tgb,0.6148148148148148,0.1976815972696508,0.2647058823529412,0.7200986111111111,0.656742347785109,0.5839117834775667,0.9004232883453369
AWT,plant,awt27,41,BRT,random,0.7002469135802469,0.2045331661606361,0.2647058823529412,0.7974173611111111,0.7841790634026248,0.6622412668456041,16.175040245056152
AWT,plant,awt27,41,BRT,tgb,0.72,0.31079148354143304,0.2647058823529412,0.6674402777777778,0.6555088169553723,0.5481366472884546,5.091534614562988
AWT,plant,awt28,31,GLM,random,0.8238636363636364,0.41832276171134014,0.13725490196078433,0.8562714285714286,0.5659849451888124,0.48434434383246355,6.617930173873901
AWT,plant,awt28,31,GLM,tgb,0.7662337662337663,0.31513735047357355,0.13725490196078433,0.8236642857142857,0.5184443100899823,0.4884832813125974,0.77789306640625
AWT,plant,awt28,31,BRT,random,0.7751623376623376,0.3179515200834209,0.13725490196078433,0.851852380952381,0.6662602920186083,0.5419656229772316,13.689350366592407
AWT,plant,awt28,31,BRT,tgb,0.7150974025974026,0.29650968175726683,0.13725490196078433,0.7585952380952381,0.5549384489378861,0.45636763215393056,4.469721078872681
AWT,plant,awt29,44,GLM,random,0.6988505747126438,0.2024764084096477,0.14705882352941177,0.8771513888888889,0.8579915715849294,0.7530184747891375,7.536785840988159
AWT,plant,awt29,44,GLM,tgb,0.6950191570881226,0.24666589253370574,0.14705882352941177,0.8290902777777778,0.8086660523792546,0.7339092938250535,0.742772102355957
AWT,plant,awt29,44,BRT,random,0.8099616858237548,0.09603655477807876,0.14705882352941177,0.8410486111111112,0.8242352016535419,0.7603189001212078,15.699496746063232
AWT,plant,awt29,44,BRT,tgb,0.7172413793103448,0.2960314691401169,0.14705882352941177,0.7639541666666666,0.795045542580467,0.751519718494131,5.813454627990723
AWT,plant,awt30,66,GLM,random,0.6583223539745279,0.23857785852884042,0.3235294117647059,0.754834065934066,0.582810938110929,0.39735379038597785,9.855090141296387
AWT,plant,awt30,66,GLM,tgb,0.7426438296003514,0.38965234330151255,0.3235294117647059,0.5778972527472528,0.47627849238966763,0.42546028368450167,0.8427937030792236
AWT,plant,awt30,66,BRT,random,0.5270092226613966,0.0771880748070627,0.3235294117647059,0.7533590659340659,0.6492511686003517,0.45658256257460916,15.965513944625854
AWT,plant,awt30,66,BRT,tgb,0.5094422485726833,0.04544741537100557,0.3235294117647059,0.5656596153846154,0.5455236979876475,0.44457048600664484,6.137739419937134
AWT,plant,awt31,14,GLM,random,0.6693548387096774,0.22244529825156564,0.6078431372549019,0.7792166666666668,0.6773365714815663,0.5846873808270887,5.686278343200684
AWT,plant,awt31,14,GLM,tgb,0.7012096774193548,0.254672369916442,0.6078431372549019,0.6670833333333334,0.5850826600544456,0.5470410167281492,0.5913307666778564
AWT,plant,awt31,14,BRT,random,0.6048387096774193,0.0919391609829378,0.6078431372549019,0.6185,0.5292132098041884,0.49961369193260013,13.820588827133179
AWT,plant,awt31,14,BRT,tgb,0.6431451612903226,0.16485540594486342,0.6078431372549019,0.5899166666666666,0.667953199051071,0.5980984936619705,4.670780181884766
AWT,plant,awt32,74,GLM,random,0.6061912225705329,0.16729037439610497,0.43137254901960786,0.7952400000000001,0.6617271545075917,0.46218325296395424,9.794849634170532
AWT,plant,awt32,74,GLM,tgb,0.5466300940438872,0.07219469097302905,0.43137254901960786,0.6670985714285714,0.6372412912320702,0.5664538625702521,0.8455522060394287
AWT,plant,awt32,74,BRT,random,0.6332288401253918,0.09173455571445997,0.43137254901960786,0.7897390476190476,0.6364384007834206,0.42610743726061495,16.43797779083252
AWT,plant,awt32,74,BRT,tgb,0.6152037617554859,0.18535631990991241,0.43137254901960786,0.6133742857142856,0.4811660227520777,0.46608871756223175,5.88659405708313
AWT,plant,awt33,18,GLM,random,0.6196581196581197,0.12984580843810054,0.23529411764705882,0.7056083333333334,0.6086945228402383,0.5951693453516411,4.835863351821899
AWT,plant,awt33,18,GLM,tgb,0.7889957264957266,0.407098360197973,0.23529411764705882,0.4598750000000001,0.5032639908616297,0.5619682972359165,0.7042267322540283
AWT,plant,awt33,18,BRT,random,0.5913461538461539,0.12619376664300996,0.23529411764705882,0.6681666666666667,0.45102084239596146,0.43826744560674397,16.646819591522217
AWT,plant,awt33,18,BRT,tgb,0.7900641025641025,0.25701261612610377,0.23529411764705882,0.6079916666666666,0.5805146296336336,0.5841290917851462,4.233497858047485
AWT,plant,awt34,28,GLM,random,0.8812260536398467,0.489461675023964,0.14705882352941177,0.8720600000000001,0.7525702094683936,0.7073779585501718,5.36973762512207
AWT,plant,awt34,28,GLM,tgb,0.846743295019157,0.44516475838169517,0.14705882352941177,0.7403233333333333,0.7300077166996112,0.7293015296386569,0.7000842094421387
AWT,plant,awt34,28,BRT,random,0.9042145593869731,0.09493801845162321,0.14705882352941177,0.90213,0.8015349583964225,0.7622100585573306,12.502760887145996
AWT,plant,awt34,28,BRT,tgb,0.9019157088122606,0.30686976307955927,0.14705882352941177,0.8807599999999999,0.7966637904090638,0.7310138062550533,3.432938575744629
AWT,plant,awt35,44,GLM,random,0.666923076923077,0.18836661407796945,0.5098039215686274,0.7134847222222221,0.4815802044347649,0.36547938791761114,9.349149465560913
AWT,plant,awt35,44,GLM,tgb,0.41923076923076924,-0.1812473382045838,0.5098039215686274,0.39084861111111113,0.3014663408581476,0.3949266812723599,0.717475414276123
AWT,plant,awt35,44,BRT,random,0.6407692307692308,0.018971861288857163,0.5098039215686274,0.7602986111111112,0.5586060593928949,0.43791556258618697,12.754262924194336
AWT,plant,awt35,44,BRT,tgb,0.658076923076923,0.2183220235998972,0.5098039215686274,0.5832583333333333,0.5605701340479108,0.5754476474519267,2.957655668258667
AWT,plant,awt36,56,GLM,random,0.5024990388312188,-0.05845858515471961,0.5,0.8252469696969695,0.6216375035974926,0.6004122456950522,9.029345035552979
AWT,plant,awt36,56,GLM,tgb,0.586312956555171,0.13562345695526357,0.5,0.605030303030303,0.482146795882301,0.4876570797699193,0.7759594917297363
AWT,plant,awt36,56,BRT,random,0.4532871972318339,-0.15383505350804144,0.5,0.7837318181818181,0.67234972920656,0.6008115443282961,12.919557809829712
AWT,plant,awt36,56,BRT,tgb,0.5697808535178777,0.15283405547906662,0.5,0.5668227272727273,0.5050269860654171,0.5400101228890738,2.960265874862671
AWT,plant,awt37,28,GLM,random,0.871252204585538,0.5077074050956283,0.20588235294117646,0.87828,0.8108432467499326,0.7278919590247716,5.965653896331787
AWT,plant,awt37,28,GLM,tgb,0.8271604938271605,0.4671861589282763,0.20588235294117646,0.80497,0.7809255007564824,0.7404423137626264,0.7351875305175781
AWT,plant,awt37,28,BRT,random,0.7895355673133451,0.4770714479767666,0.20588235294117646,0.8153599999999999,0.7816811543254926,0.7098122782888407,10.92213249206543
AWT,plant,awt37,28,BRT,tgb,0.8547912992357437,0.43155153079178854,0.20588235294117646,0.7939466666666666,0.7923581557135254,0.7193948976370851,2.505124092102051
AWT,plant,awt38,42,GLM,random,0.7601744186046512,0.35786276281695184,0.1568627450980392,0.7621416666666667,0.6758506343871931,0.5003399299710064,8.305205583572388
AWT,plant,awt38,42,GLM,tgb,0.7180232558139534,0.27257360385371987,0.1568627450980392,0.6284430555555556,0.5481604315886497,0.4338308824984172,0.7802333831787109
AWT,plant,awt38,42,BRT,random,0.7965116279069768,0.17633276118297903,0.1568627450980392,0.7409250000000001,0.7235003809617415,0.5741650805149068,11.152539730072021
AWT,plant,awt38,42,BRT,tgb,0.7848837209302326,0.08170226297655785,0.1568627450980392,0.6337347222222222,0.6435579253673099,0.5668757520450229,2.224409580230713
AWT,plant,awt39,20,GLM,random,0.6482142857142857,0.21934745856641652,0.3137254901960784,0.67675,0.7140508562392124,0.5237954122727067,5.867804050445557
AWT,plant,awt39,20,GLM,tgb,0.6933035714285715,0.31162832128156626,0.3137254901960784,0.62525,0.6760314346785119,0.500388050078428,0.552560567855835
AWT,plant,awt39,20,BRT,random,0.7308035714285714,0.24345108640966684,0.3137254901960784,0.6922499999999999,0.6945994152737711,0.5240712436711167,10.954504013061523
AWT,plant,awt39,20,BRT,tgb,0.7080357142857143,0.31085605969350677,0.3137254901960784,0.57535,0.6635814217127836,0.5355953308890748,2.1113247871398926
AWT,plant,awt40,57,GLM,random,0.8093983311374615,0.49805590874698363,0.3235294117647059,0.7584878787878788,0.6562202358106654,0.4550438833582034,6.653031587600708
AWT,plant,awt40,57,GLM,tgb,0.722880983750549,0.35433788663660065,0.3235294117647059,0.5961189393939395,0.5364930157318534,0.45552863560527285,0.7660660743713379
AWT,plant,awt40,57,BRT,random,0.7856829161176988,0.25573511304340923,0.3235294117647059,0.7806965909090909,0.6727030290187865,0.5139924514087003,8.557501316070557
AWT,plant,awt40,57,BRT,tgb,0.7369345630215196,0.25045223593114363,0.3235294117647059,0.6343511363636363,0.6090276511773094,0.5078528990099962,1.6048259735107422
CAN,bird,can01,16,GLM,random,0.7038868491979517,0.057481035590373944,0.015784777983666187,0.6246083333333334,0.48575897984990035,0.4268947548103349,8.198835134506226
CAN,bird,can01,16,GLM,tgb,0.8670402282297941,0.2027689326819807,0.015784777983666187,0.4673916666666667,0.4055270538735695,0.5281853338091704,6.166974067687988
CAN,bird,can01,16,BRT,random,0.5630792528566622,0.000706240228867016,0.015784777983666187,0.6892083333333333,0.611273421332661,0.4437014823367694,16.072925090789795
CAN,bird,can01,16,BRT,tgb,0.7990131668702989,0.04966138147952641,0.015784777983666187,0.3660916666666666,0.32358100130585166,0.3006388740350733,9.570223331451416
CAN,bird,can02,740,GLM,random,0.703026845574861,0.28240877445264134,0.18406423718344658,0.9832371621621622,0.8807179620949595,0.6089691292204051,15.1500084400177
CAN,bird,can02,740,GLM,tgb,0.7063993286395305,0.2784232059929288,0.18406423718344658,0.9726520270270269,0.8035790505691031,0.6056465769680863,6.909841775894165
CAN,bird,can02,740,BRT,random,0.6986796805323716,0.25762756464626196,0.18406423718344658,0.9851608108108107,0.8239430321270296,0.552844858961065,11.0397469997406
CAN,bird,can02,740,BRT,tgb,0.7067289216201894,0.2671086473260335,0.18406423718344658,0.9748581081081081,0.6651356668295969,0.5038136063654164,6.895376920700073
CAN,bird,can03,165,GLM,random,0.5182245135090002,0.004000383278415988,0.04824651705442317,0.900569696969697,0.7772420027785331,0.5236695515175287,16.046828508377075
CAN,bird,can03,165,GLM,tgb,0.6131655979298412,0.0889390672409745,0.04824651705442317,0.5696878787878787,0.4985585687979962,0.5443786561883359,11.068460702896118
CAN,bird,can03,165,BRT,random,0.5143324521673769,0.011254067983698254,0.04824651705442317,0.9039212121212122,0.7569524334845886,0.5100723491479663,16.30859661102295
CAN,bird,can03,165,BRT,tgb,0.6282107749514729,0.09150133591343963,0.04824651705442317,0.5400303030303031,0.5256124022468325,0.5206559967880621,11.350017070770264
CAN,bird,can04,42,GLM,random,0.5008602530230584,0.00010296440195432105,0.06087433944135612,0.9556479166666666,0.7927556654930592,0.5835141143146682,7.85792875289917
CAN,bird,can04,42,GLM,tgb,0.6262427387444153,0.10885611082630385,0.06087433944135612,0.9367076388888889,0.7477777975897804,0.5568013468581305,3.4790894985198975
CAN,bird,can04,42,BRT,random,0.5441942992861585,0.07192714281419475,0.06087433944135612,0.9496729166666666,0.7114503157623501,0.38762731028631137,10.429421663284302
CAN,bird,can04,42,BRT,tgb,0.6435727816157712,0.1032850419606552,0.06087433944135612,0.9009020833333334,0.6235933680947774,0.3972579849071538,7.692239761352539
CAN,bird,can05,138,GLM,random,0.6267808222127487,0.10218431829370202,0.05806053119209389,0.9582988095238095,0.7105424486086535,0.5184157372568718,14.510738134384155
CAN,bird,can05,138,GLM,tgb,0.5903854848919377,0.08147018211751791,0.05806053119209389,0.8995723544973544,0.7430726367764433,0.564415973802274,6.617870330810547
CAN,bird,can05,138,BRT,random,0.6287012276780909,0.09441122208435154,0.05806053119209389,0.9650392857142857,0.7114643582728258,0.5064818979290102,13.628074407577515
CAN,bird,can05,138,BRT,tgb,0.6119028795101344,0.09623406814328152,0.05806053119209389,0.9120604497354498,0.6305243310877626,0.5023678262976276,9.595352411270142
CAN,bird,can06,27,GLM,random,0.8874325170835423,0.1010297846081048,0.003637361883192643,0.9897533333333334,0.9993036211699164,0.9719298245614035,6.74462366104126
CAN,bird,can06,27,GLM,tgb,0.8822145313430043,0.102942623459856,0.003637361883192643,0.9848866666666668,0.9993036211699164,1.0,2.9728264808654785
CAN,bird,can06,27,BRT,random,0.9043224156349827,0.12319019567184153,0.003637361883192643,0.9894399999999999,1.0,0.975438596491228,8.377239227294922
CAN,bird,can06,27,BRT,tgb,0.9062068687666839,0.11586024890452253,0.003637361883192643,0.97698,0.9986072423398329,0.968421052631579,6.132633924484253
CAN,bird,can07,221,GLM,random,0.6445120847775715,0.0816645321151159,0.02285361334156887,0.9795686868686868,0.8925243905915281,0.5925291334156886,12.28936219215393
CAN,bird,can07,221,GLM,tgb,0.6677352658178617,0.08697767487809124,0.02285361334156887,0.9713142424242426,0.8729572210681878,0.5692396759400473,5.596547365188599
CAN,bird,can07,221,BRT,random,0.6832866368264598,0.08262310721741001,0.02285361334156887,0.9832174747474749,0.8535291141755224,0.6553063055121505,10.14018726348877
CAN,bird,can07,221,BRT,tgb,0.7047408765697851,0.0997598234954809,0.02285361334156887,0.972695505050505,0.7690121059589283,0.6191780094128859,7.475100755691528
CAN,bird,can08,322,GLM,random,0.5343471080752845,0.061386531335425175,0.1784366206849221,0.9748879326923078,0.8401704083514543,0.6183875380854844,16.700949907302856
CAN,bird,can08,322,GLM,tgb,0.548597170726692,0.07940008642625292,0.1784366206849221,0.9562695673076924,0.5978584433937013,0.49651404385440395,7.4728803634643555
CAN,bird,can08,322,BRT,random,0.5361696053925191,0.03885132914432052,0.1784366206849221,0.9770555288461539,0.8472105684310756,0.6345931051005408,13.281754493713379
CAN,bird,can08,322,BRT,tgb,0.5483077051592631,0.05917907435397913,0.1784366206849221,0.9585720673076924,0.7589923535137089,0.564812423017249,9.706029415130615
CAN,bird,can09,119,GLM,random,0.6893056175335448,0.07176831734694827,0.011186603527554732,0.9794317028985506,0.9096904015436691,0.6971632918003643,8.120816707611084
CAN,bird,can09,119,GLM,tgb,0.7636078116111362,0.09850361960266213,0.011186603527554732,0.9675164855072463,0.8909989180428528,0.6183327311721223,3.4949893951416016
CAN,bird,can09,119,BRT,random,0.7505824984756253,0.0847387372205303,0.011186603527554732,0.9811188405797102,0.8841880597557872,0.7079120519962072,10.79258394241333
CAN,bird,can09,119,BRT,tgb,0.7878138593760113,0.11823038068534088,0.011186603527554732,0.9690384057971014,0.7420989949174062,0.6150448690291042,7.884160995483398
CAN,bird,can10,234,GLM,random,0.6928574857831452,0.20415948895129238,0.08585546633724521,0.976986170212766,0.9268818324854986,0.7209964962909292,10.833537578582764
CAN,bird,can10,234,GLM,tgb,0.7155547033844396,0.2135411945219578,0.08585546633724521,0.9664020814061056,0.899555539192769,0.7150128695955877,6.449191093444824
CAN,bird,can10,234,BRT,random,0.6794542144062526,0.15430219642005963,0.08585546633724521,0.9751269657724329,0.851057720247558,0.6326195164175844,12.505116939544678
CAN,bird,can10,234,BRT,tgb,0.703117536001229,0.17624469590433758,0.08585546633724521,0.9625143848288621,0.7419608157793941,0.6046273205846258,10.406586647033691
CAN,bird,can11,478,GLM,random,0.5843118134037546,0.1604139791153157,0.30965616635783405,0.9657625986842104,0.8651952050472527,0.6807238762760742,17.751708507537842
CAN,bird,can11,478,GLM,tgb,0.5709763305187339,0.11306820245754591,0.30965616635783405,0.8685290350877194,0.7062435415724679,0.6656465388363595,14.041054010391235
CAN,bird,can11,478,BRT,random,0.5834824645407697,0.13210257091319527,0.30965616635783405,0.9694934649122807,0.8406231082127539,0.6246327603165527,18.398507833480835
CAN,bird,can11,478,BRT,tgb,0.5581237256040426,0.08117496269411076,0.30965616635783405,0.888387423245614,0.6631904261844205,0.6014692584344538,15.040903091430664
CAN,bird,can12,312,GLM,random,0.5474496860710651,0.043902357306871115,0.14034726511564066,0.8562519969278034,0.735595788273565,0.5079468653838136,18.34116840362549
CAN,bird,can12,312,GLM,tgb,0.8266038522513757,0.3982954792420272,0.14034726511564066,0.4174376088069637,0.48880415492385526,0.6044692349120749,16.982621908187866
CAN,bird,can12,312,BRT,random,0.5592174243344016,0.08001266124628909,0.14034726511564066,0.8890336661546339,0.757110162947264,0.5165676561352568,21.533823013305664
CAN,bird,can12,312,BRT,tgb,0.8251016272461349,0.41065821349374243,0.14034726511564066,0.4096423707117255,0.38820321408853187,0.6117370554398948,9.99513053894043
CAN,bird,can13,39,GLM,random,0.3556750800927483,-0.11547393036120858,0.0504426600782376,0.7783357142857144,0.44312674925296597,0.3457871936106282,10.07570195198059
CAN,bird,can13,39,GLM,tgb,0.536715862985842,0.049788880447552475,0.0504426600782376,0.4310375000000001,0.3781429269514574,0.5063571675574721,6.17738938331604
CAN,bird,can13,39,BRT,random,0.43117771248424197,-0.031833660852986334,0.0504426600782376,0.8679732142857143,0.6656370126021225,0.5385899315719244,19.47879672050476
CAN,bird,can13,39,BRT,tgb,0.588307589586861,0.05735487125702954,0.0504426600782376,0.4853875,0.41630973988937237,0.5503474010478547,11.999279737472534
CAN,bird,can14,18,GLM,random,0.506882630019053,0.0036879856939412148,0.027451787797680323,0.7270083333333334,0.40329260789392724,0.26051344610332156,6.7445151805877686
CAN,bird,can14,18,GLM,tgb,0.7783975195822455,0.20345275152957787,0.027451787797680323,0.595075,0.5536382146600636,0.4894653370214692,4.706248044967651
CAN,bird,can14,18,BRT,random,0.5105954943193847,0.011553865071619464,0.027451787797680323,0.7744833333333333,0.6448815108791243,0.4978849543073006,16.949317693710327
CAN,bird,can14,18,BRT,tgb,0.7777493649001481,0.07938730989774453,0.027451787797680323,0.5217833333333333,0.5746588998862479,0.6803647412245694,10.67536187171936
CAN,bird,can15,721,GLM,random,0.6655739671568844,0.23256028191738123,0.20760414521995746,0.9490774329501915,0.7817998174969143,0.4745280097630597,21.483097076416016
CAN,bird,can15,721,GLM,tgb,0.5894135566966772,0.12343681610400918,0.20760414521995746,0.8152998036398469,0.7334534368061489,0.5457619100328126,14.471667051315308
CAN,bird,can15,721,BRT,random,0.656108730725678,0.22471912767679791,0.20760414521995746,0.9581153591954024,0.8236683701943006,0.5190017748480019,20.87747359275818
CAN,bird,can15,721,BRT,tgb,0.5737916462071226,0.11079745736015481,0.20760414521995746,0.8586024473180076,0.7009574296535515,0.4991865327165977,7.426485061645508
CAN,bird,can16,57,GLM,random,0.4431324341004045,-0.03018885084508551,0.021686912360167458,0.7656015151515152,0.3328723725741624,0.2504147889921091,11.173265218734741
CAN,bird,can16,57,GLM,tgb,0.7539449848820534,0.13987731569872214,0.021686912360167458,0.47240984848484846,0.33207097108605893,0.28988952142374147,8.823525667190552
CAN,bird,can16,57,BRT,random,0.48483832010975497,0.01181245378971673,0.021686912360167458,0.8558719696969697,0.7008193165673038,0.5860715690827282,22.03663396835327
CAN,bird,can16,57,BRT,tgb,0.7054162652233948,0.08587737443375523,0.021686912360167458,0.5225,0.43206150776844765,0.6412514330104677,10.311835765838623
CAN,bird,can17,313,GLM,random,0.46108999027447733,-0.05411978015458753,0.18928007686500584,0.9212085765488991,0.6928077684693743,0.466019443925963,20.77464532852173
CAN,bird,can17,313,GLM,tgb,0.731887526107071,0.30273907351376,0.18928007686500584,0.7383992575524833,0.697098638821787,0.5298707152990006,12.287702798843384
CAN,bird,can17,313,BRT,random,0.4949846922617608,-0.007908144437854758,0.18928007686500584,0.9370218637992831,0.7715950260681417,0.5252938300566973,19.488961696624756
CAN,bird,can17,313,BRT,tgb,0.7065159007047643,0.28066347520366497,0.18928007686500584,0.7377225806451613,0.5821188690645821,0.5507195250508731,6.129562616348267
CAN,bird,can18,612,GLM,random,0.7556570550998448,0.23209563318969123,0.08125729188113376,0.9713639011062242,0.8488256414347672,0.6609256342513826,17.690265417099
CAN,bird,can18,612,GLM,tgb,0.7305024956139377,0.22642426773534705,0.08125729188113376,0.9413429028388645,0.7690101344648915,0.6153885093235036,16.671278953552246
CAN,bird,can18,612,BRT,random,0.7393596033566248,0.22696758428255331,0.08125729188113376,0.9735263361322138,0.8522980634778303,0.6497017697031552,9.934523105621338
CAN,bird,can18,612,BRT,tgb,0.738636489817673,0.23391811480379426,0.08125729188113376,0.943599600159936,0.7868692648648568,0.6385991202437948,4.248969316482544
CAN,bird,can19,109,GLM,random,0.5291110996539952,0.008038162729388315,0.0016471072678608193,0.9666673160173159,0.7629071674265656,0.5186190191080046,16.638179779052734
CAN,bird,can19,109,GLM,tgb,0.556768577713618,0.006124195226730094,0.0016471072678608193,0.908464935064935,0.6830750745817191,0.5300526763103852,5.017109394073486
CAN,bird,can19,109,BRT,random,0.5440798217272749,-0.0016481577930584795,0.0016471072678608193,0.9679664502164502,0.8139780654106825,0.623809873898425,8.354804039001465
CAN,bird,can19,109,BRT,tgb,0.596699491304049,0.010789757875018555,0.0016471072678608193,0.919990909090909,0.5839150297729656,0.4868328563405108,3.9110400676727295
CAN,bird,can20,380,GLM,random,0.6058034603920895,0.0671817058011598,0.061286116258321324,0.9140881578947369,0.7651503482804045,0.5092408517811601,20.444637537002563
CAN,bird,can20,380,GLM,tgb,0.7543838226416015,0.21386700076031573,0.061286116258321324,0.7026631578947369,0.6281867268085201,0.577503457615888,5.686105489730835
CAN,bird,can20,380,BRT,random,0.6424246225005228,0.11065474492019911,0.061286116258321324,0.9297539473684212,0.784232295685977,0.5784893350204845,6.489513635635376
CAN,bird,can20,380,BRT,tgb,0.7762995791707104,0.23359415888524382,0.061286116258321324,0.7034605263157895,0.6026793669016188,0.6240273756480184,3.92746901512146
NSW,ba,nsw01,26,GLM,random,0.6782592592592592,0.2028914583477541,0.21052631578947367,0.8902599999999999,0.8778881181143202,0.775604152288935,10.190351247787476
NSW,ba,nsw01,26,GLM,tgb,0.6807037037037037,0.22899799790402778,0.21052631578947367,0.79787,0.6072604426388466,0.6734219001610305,0.818382978439331
NSW,ba,nsw01,26,BRT,random,0.5583703703703704,0.05169554783929611,0.21052631578947367,0.8969733333333334,0.8790534886521826,0.7763690476190477,13.594513893127441
NSW,ba,nsw01,26,BRT,tgb,0.717888888888889,0.21422061581767893,0.21052631578947367,0.8616733333333334,0.8187657233825879,0.780731826547044,3.844557762145996
NSW,ba,nsw02,6,GLM,random,0.6051811654011225,0.14719198717471366,0.1824561403508772,0.7020500000000001,0.6892333178908154,0.6208523592085236,5.93951416015625
NSW,ba,nsw02,6,GLM,tgb,0.6477488445031364,0.2715826640347611,0.1824561403508772,0.6547499999999999,0.6279821118181949,0.6949771689497717,0.6510367393493652
NSW,ba,nsw02,6,BRT,random,0.5780166721690327,0.024186629172091315,0.1824561403508772,0.8278000000000001,0.7491115314907656,0.5914764079147641,9.663260698318481
NSW,ba,nsw02,6,BRT,tgb,0.6035304555959062,0.15444256968741574,0.1824561403508772,0.68555,0.5771525104266924,0.5657534246575343,2.377753257751465
NSW,ba,nsw03,12,GLM,random,0.7046578194119177,0.12037697672715655,0.03684210526315789,0.8525166666666667,0.8653414685446912,0.7750870209539564,7.774485111236572
NSW,ba,nsw03,12,GLM,tgb,0.7115968427443837,0.16285834973897748,0.03684210526315789,0.7946666666666667,0.7974990271005988,0.734891094568514,0.7756946086883545
NSW,ba,nsw03,12,BRT,random,0.6017000607164542,0.033234152373274484,0.03684210526315789,0.8790333333333333,0.7937076127513775,0.6871781947890818,11.922495365142822
NSW,ba,nsw03,12,BRT,tgb,0.691213461705265,0.0500534192790327,0.03684210526315789,0.7933999999999999,0.7407726478623338,0.8079796491590846,4.918473720550537
NSW,ba,nsw04,49,GLM,random,0.8052568697729988,0.15671241707019304,0.021052631578947368,0.9360933333333332,0.6967454436432222,0.47149867072347695,9.784898281097412
NSW,ba,nsw04,49,GLM,tgb,0.7955495818399044,0.16256507330695233,0.021052631578947368,0.8209466666666666,0.7797743478597927,0.6524517974130378,0.7981884479522705
NSW,ba,nsw04,49,BRT,random,0.8437873357228195,0.1757323632104635,0.021052631578947368,0.9681811111111113,0.6486987940121979,0.4282082545648438,11.0053551197052
NSW,ba,nsw04,49,BRT,tgb,0.8790322580645161,0.22184411611104723,0.021052631578947368,0.9113222222222224,0.5804361765982442,0.5424581734659254,4.740654230117798
NSW,ba,nsw05,22,GLM,random,0.5349999999999999,0.05661482038222026,0.07017543859649122,0.7599500000000001,0.7397727592764557,0.5989684728417123,9.825276613235474
NSW,ba,nsw05,22,GLM,tgb,0.5868396226415095,0.11181582507089988,0.07017543859649122,0.76625,0.7239392415851,0.7808284594904313,0.8849601745605469
NSW,ba,nsw05,22,BRT,random,0.432311320754717,-0.023609022841601417,0.07017543859649122,0.70985,0.7960956301556406,0.5733888646564702,16.917996406555176
NSW,ba,nsw05,22,BRT,tgb,0.5610377358490566,0.04598175256124518,0.07017543859649122,0.465505,0.3949812887087839,0.7124478260393754,4.509419679641724
NSW,ba,nsw06,44,GLM,random,0.4718993459150939,-0.0364996024530722,0.33157894736842103,0.8097666666666667,0.8383122236062782,0.7272159483029048,11.240841627120972
NSW,ba,nsw06,44,GLM,tgb,0.494840922662445,0.03036319647166659,0.33157894736842103,0.6166027777777778,0.49476077978818134,0.5882131877784053,0.8667817115783691
NSW,ba,nsw06,44,BRT,random,0.479565054368204,-0.06558695119421525,0.33157894736842103,0.916563888888889,0.8853843325451468,0.7202569169960473,16.20061492919922
NSW,ba,nsw06,44,BRT,tgb,0.5378216611812413,0.06110122610987159,0.33157894736842103,0.8077736111111111,0.7661236461839508,0.6629139218269653,4.632907390594482
NSW,ba,nsw07,28,GLM,random,0.7351797442101625,0.23060277992586545,0.07719298245614035,0.9111866666666666,0.8863362651465595,0.6365290008661387,10.484199523925781
NSW,ba,nsw07,28,GLM,tgb,0.7692706533010716,0.2764621820347019,0.07719298245614035,0.8456400000000001,0.8192608703976623,0.6674876656527229,0.7913210391998291
NSW,ba,nsw07,28,BRT,random,0.7017801590044938,0.2761518819538696,0.07719298245614035,0.8619433333333333,0.8866113158709416,0.7090568547636151,15.957205057144165
NSW,ba,nsw07,28,BRT,tgb,0.7786467334946422,0.2940466706335358,0.07719298245614035,0.7915166666666666,0.7762434279759491,0.7024073187242634,4.474989652633667
NSW,db,nsw08,129,GLM,random,0.85,0.2435771906074246,0.02849002849002849,0.924592,0.7450814786695273,0.6535074830245128,13.88045597076416
NSW,db,nsw08,129,GLM,tgb,0.86158357771261,0.2761777525617079,0.02849002849002849,0.7608950769230769,0.6664716812770234,0.7471669985368308,1.8571574687957764
NSW,db,nsw08,129,BRT,random,0.8511730205278593,0.2607513142150681,0.02849002849002849,0.9626643076923077,0.8207589710371364,0.6973782172599553,17.27384376525879
NSW,db,nsw08,129,BRT,tgb,0.8832111436950147,0.29643168472356174,0.02849002849002849,0.9071773846153846,0.7287783461182593,0.7402743648492296,7.187887191772461
NSW,db,nsw09,426,GLM,random,0.5932051948051947,0.09845476293168526,0.10968660968660969,0.8353000820793435,0.7840300122808551,0.4989183055580094,20.945905923843384
NSW,db,nsw09,426,GLM,tgb,0.6721038961038961,0.18255860644184202,0.10968660968660969,0.5155145006839945,0.5286814365302444,0.6154409869174351,3.334564447402954
NSW,db,nsw09,426,BRT,random,0.6418077922077922,0.14774955444558094,0.10968660968660969,0.8482505882352941,0.8028683291174753,0.5360531267467835,16.608282566070557
NSW,db,nsw09,426,BRT,tgb,0.7046025974025975,0.21728633799325647,0.10968660968660969,0.6063276470588235,0.5208762485091805,0.6822344680441759,6.85427713394165
NSW,db,nsw10,65,GLM,random,0.9636015325670498,0.21450525604419599,0.008547008547008548,0.9413846153846155,0.9204700087466366,0.8249467386663392,11.550675868988037
NSW,db,nsw10,65,GLM,tgb,0.9614463601532567,0.2621726431924345,0.008547008547008548,0.9153692307692308,0.8867928341225951,0.7929270798628087,1.8925623893737793
NSW,db,nsw10,65,BRT,random,0.9808429118773947,0.3453810688512123,0.008547008547008548,0.9684615384615384,0.9445944763904484,0.884178204811365,14.577324867248535
NSW,db,nsw10,65,BRT,tgb,0.9858716475095785,0.4197222449294381,0.008547008547008548,0.9240076923076923,0.9074734657142025,0.8489288536694419,5.650880336761475
NSW,db,nsw11,48,GLM,random,0.6067658164444787,0.0379094691161908,0.027065527065527065,0.9184266666666667,0.8369699388521047,0.7244353135878558,8.358304023742676
NSW,db,nsw11,48,GLM,tgb,0.767511751560453,0.1591412856105661,0.027065527065527065,0.8382555555555555,0.6958595647177264,0.6622359424025116,1.6333684921264648
NSW,db,nsw11,48,BRT,random,0.5302458195268552,0.023348364198990265,0.027065527065527065,0.9310344444444445,0.8113539373226746,0.6350135416675452,14.259482622146606
NSW,db,nsw11,48,BRT,tgb,0.7457039377359944,0.051547958105384005,0.027065527065527065,0.8670200000000001,0.7379866071964405,0.6223758092460604,5.147618770599365
NSW,db,nsw12,139,GLM,random,0.6779698216735253,0.11374690106255979,0.038461538461538464,0.9011825396825397,0.8280490057408153,0.6689414553164023,14.52010440826416
NSW,db,nsw12,139,GLM,tgb,0.7643895747599451,0.18667266302516114,0.038461538461538464,0.8203335978835978,0.7559031543770457,0.6596945665470886,2.569174289703369
NSW,db,nsw12,139,BRT,random,0.6452126200274347,0.08782238597236235,0.038461538461538464,0.9159855158730158,0.8187320306982467,0.5882561928320188,16.877169132232666
NSW,db,nsw12,139,BRT,tgb,0.7595061728395063,0.20625124235929396,0.038461538461538464,0.8324161375661376,0.715877427542913,0.6389956916884165,6.827616930007935
NSW,db,nsw13,155,GLM,random,0.7891285081240768,0.19085205395694696,0.03561253561253561,0.9372774193548385,0.8277304581662438,0.6842618685627626,14.063672542572021
NSW,db,nsw13,155,GLM,tgb,0.8495125553914328,0.26532376937392244,0.03561253561253561,0.8943516129032257,0.7128888863255481,0.6287298292241525,2.852116346359253
NSW,db,nsw13,155,BRT,random,0.8291875923190547,0.2211002509216336,0.03561253561253561,0.9676612903225807,0.8689922367924725,0.6948447913947119,16.756956100463867
NSW,db,nsw13,155,BRT,tgb,0.83397341211226,0.3067194698546869,0.03561253561253561,0.9193774193548387,0.7433357377542639,0.6981398112750665,6.4895524978637695
NSW,db,nsw14,315,GLM,random,0.701220422268401,0.30229295568315473,0.22934472934472935,0.900357142857143,0.8151773925042424,0.6684223942037223,20.501198291778564
NSW,db,nsw14,315,GLM,tgb,0.7849278423898692,0.4185290438538658,0.22934472934472935,0.770420634920635,0.6872417670256855,0.6645473699384394,2.4933509826660156
NSW,db,nsw14,315,BRT,random,0.6611405150342705,0.22198540686643287,0.22934472934472935,0.9193079365079365,0.8402627229961561,0.6836891536393338,16.771502256393433
NSW,db,nsw14,315,BRT,tgb,0.7992560360960265,0.44186130305371446,0.22934472934472935,0.8427777777777777,0.75152723130508,0.6932953209298424,6.357027053833008
NSW,db,nsw15,236,GLM,random,0.7773986548155638,0.36967486071473343,0.1752136752136752,0.9130633865248227,0.8570224770168142,0.6965539093638184,18.993677854537964
NSW,db,nsw15,236,GLM,tgb,0.797885336366317,0.4060903548232009,0.1752136752136752,0.8783516400709219,0.8057935481056259,0.6802395698836964,2.468874216079712
NSW,db,nsw15,236,BRT,random,0.8100874791131331,0.429393448592607,0.1752136752136752,0.934521409574468,0.8755739867133169,0.6954833257167048,16.854782342910767
NSW,db,nsw15,236,BRT,tgb,0.8279483831107741,0.4550925624078589,0.1752136752136752,0.8957705673758865,0.7840105935780484,0.69058851398696,6.375032901763916
NSW,nb,nsw16,120,GLM,random,0.6343797048022399,0.1626284259807936,0.12576956904133685,0.8499708333333335,0.75554550302507,0.4738150849564445,13.884763956069946
NSW,nb,nsw16,120,GLM,tgb,0.5829100476987801,0.09806370698800042,0.12576956904133685,0.79415,0.7239286281122977,0.5694131002937446,1.1826469898223877
NSW,nb,nsw16,120,BRT,random,0.6268098099084014,0.13245622599581172,0.12576956904133685,0.8935458333333333,0.8541159255045845,0.5882721643514592,16.79705810546875
NSW,nb,nsw16,120,BRT,tgb,0.6223283758495026,0.1367043711136185,0.12576956904133685,0.7729916666666667,0.6968111846301075,0.6182068616763586,4.71757960319519
NSW,nb,nsw17,148,GLM,random,0.5955025776866332,0.11200640593727286,0.12401055408970976,0.8317811494252874,0.8260574967956391,0.5954855749288948,12.82372236251831
NSW,nb,nsw17,148,GLM,tgb,0.5364436469281381,0.040736731604229345,0.12401055408970976,0.487358275862069,0.4823558290866011,0.5016788407274237,1.4176409244537354
NSW,nb,nsw17,148,BRT,random,0.5720470534620752,0.08203326997799143,0.12401055408970976,0.8432928735632185,0.8244875917205157,0.5356836438415387,15.630188226699829
NSW,nb,nsw17,148,BRT,tgb,0.5347275627332023,0.04390280815428688,0.12401055408970976,0.5278345977011495,0.48407985643380974,0.6045885693254115,4.20940089225769
NSW,ot,nsw18,69,GLM,random,0.6122671670836808,0.1510493317614975,0.21204819277108433,0.723167032967033,0.6147978411325098,0.6537586688777507,10.027713298797607
NSW,ot,nsw18,69,GLM,tgb,0.6738128996385877,0.21837501101956003,0.21204819277108433,0.6922016483516483,0.6103557181257125,0.6653337646465337,1.0532050132751465
NSW,ot,nsw18,69,BRT,random,0.6876146788990827,0.19370355430250447,0.21204819277108433,0.7404637362637363,0.638161810150036,0.6640710880065257,15.89058256149292
NSW,ot,nsw18,69,BRT,tgb,0.728185988323603,0.27221672363225946,0.21204819277108433,0.737643956043956,0.7015688155647488,0.7641253810220812,4.419741868972778
NSW,ot,nsw19,47,GLM,random,0.8191508104298801,0.14572921807036407,0.005301204819277108,0.8166233333333333,0.781861712310259,0.8186221941085159,8.28278636932373
NSW,ot,nsw19,47,GLM,tgb,0.8494097956307258,0.1146012470303536,0.005301204819277108,0.8100155555555555,0.7555720899841832,0.7865922008067402,0.9585139751434326
NSW,ot,nsw19,47,BRT,random,0.9421247357293868,0.17090183376693427,0.005301204819277108,0.847591111111111,0.7422798680566067,0.7981905493067087,13.54393458366394
NSW,ot,nsw19,47,BRT,tgb,0.9642353770260748,0.2403393012160323,0.005301204819277108,0.8635877777777778,0.8051043439677386,0.8444393140999772,4.214438199996948
NSW,ot,nsw20,18,GLM,random,0.7632549134021166,0.19137141473841568,0.01783132530120482,0.7787083333333333,0.703571874377091,0.7087859524648921,7.494377136230469
NSW,ot,nsw20,18,GLM,tgb,0.5857226215420523,0.20468052598152744,0.01783132530120482,0.7411,0.7647113469638498,0.7662432428462307,0.8411002159118652
NSW,ot,nsw20,18,BRT,random,0.8721587141606769,0.14903546442344476,0.01783132530120482,0.8896833333333334,0.7775099588913541,0.8119315177154944,12.135790348052979
NSW,ot,nsw20,18,BRT,tgb,0.8755404079250988,0.2440088764071801,0.01783132530120482,0.8767750000000001,0.7370969391290888,0.7739023297491039,4.200262546539307
NSW,ot,nsw21,37,GLM,random,0.7738006792613034,0.1988543203684131,0.026987951807228915,0.7097089285714285,0.6330302051626745,0.5978339756548043,7.30162787437439
NSW,ot,nsw21,37,GLM,tgb,0.7375645652020095,0.139479205271255,0.026987951807228915,0.7055928571428571,0.6030809637119665,0.604092916042524,0.9844644069671631
NSW,ot,nsw21,37,BRT,random,0.9066457935328663,0.2710682308138376,0.026987951807228915,0.8201303571428571,0.734123816921308,0.7116800788930048,15.680455684661865
NSW,ot,nsw21,37,BRT,tgb,0.8720105427014788,0.23759787648628497,0.026987951807228915,0.7672,0.6859346727417664,0.727086018444841,5.987270832061768
NSW,ot,nsw22,17,GLM,random,0.5553398058252428,0.0677728975418481,0.007228915662650603,0.87585,0.8310801803629699,0.8440259477617532,6.440113306045532
NSW,ot,nsw22,17,GLM,tgb,0.5403559870550161,0.11959217169351602,0.007228915662650603,0.870575,0.8491775494102435,0.8581473190540545,0.8080098628997803
NSW,ot,nsw22,17,BRT,random,0.8031715210355987,0.01495323395865254,0.007228915662650603,0.8284166666666668,0.804350828413037,0.8229505995444363,12.337514638900757
NSW,ot,nsw22,17,BRT,tgb,0.8616181229773463,0.13147161931766818,0.007228915662650603,0.9026916666666667,0.8817751465630326,0.8960439096146078,4.767697334289551
NSW,ot,nsw23,60,GLM,random,0.7754218913270639,0.35605824570340444,0.23132530120481928,0.774475,0.7752949763709412,0.7642560190232084,8.937277555465698
NSW,ot,nsw23,60,GLM,tgb,0.7313257575757576,0.2748993591041731,0.23132530120481928,0.7562749999999999,0.7385035513843994,0.7389978912224604,0.8993184566497803
NSW,ot,nsw23,60,BRT,random,0.7263414315569487,0.20108946471474473,0.23132530120481928,0.7964583333333333,0.7960277999588167,0.7545265132587735,18.773683786392212
NSW,ot,nsw23,60,BRT,tgb,0.7757771682340648,0.28511649578522724,0.23132530120481928,0.8064333333333333,0.7564103242827701,0.7673760441985131,5.145893096923828
NSW,ot,nsw24,68,GLM,random,0.6371829949647069,0.10720819499327676,0.08867469879518072,0.6963423076923076,0.6405350695817635,0.6336166514078532,8.388808727264404
NSW,ot,nsw24,68,GLM,tgb,0.6355189340813463,0.12133924515116094,0.08867469879518072,0.6847653846153847,0.6071525869300513,0.6523628130129767,0.8404033184051514
NSW,ot,nsw24,68,BRT,random,0.6476387004805371,0.07138639613424459,0.08867469879518072,0.7129445054945055,0.6282995710675616,0.6162220906603031,18.75213599205017
NSW,ot,nsw24,68,BRT,tgb,0.6828253971903525,0.15528259763015012,0.08867469879518072,0.7034576923076923,0.6066140474648458,0.6311563109963849,5.316858530044556
NSW,ot,nsw25,23,GLM,random,0.5875800781701703,0.019568025257212626,0.041927710843373496,0.7034849999999999,0.6732963505312106,0.6545094009622738,8.078470468521118
NSW,ot,nsw25,23,GLM,tgb,0.5589196096116932,0.015413966561839692,0.041927710843373496,0.73095,0.5966178194696289,0.6145778999268566,1.300323724746704
NSW,ot,nsw25,23,BRT,random,0.6385699252989199,0.04356738301497541,0.041927710843373496,0.5615399999999999,0.3891849317482524,0.3474513448590949,18.72610354423523
NSW,ot,nsw25,23,BRT,tgb,0.70264402506996,0.07016821314128752,0.041927710843373496,0.526435,0.3884665751372846,0.3845288026231597,5.149016380310059
NSW,ou,nsw26,10,GLM,random,0.3567039719113452,-0.03373045534224454,0.0053475935828877,0.38345,0.39850368886999854,0.4100825825825826,7.920174598693848
NSW,ou,nsw26,10,GLM,tgb,0.2576256308975203,-0.045364765208635416,0.0053475935828877,0.32120000000000004,0.3264055143454858,0.3560960960960961,0.9532694816589355
NSW,ou,nsw26,10,BRT,random,0.7801184990125082,-0.0035860692472703863,0.0053475935828877,0.7562,0.6790926385072347,0.6767717717717717,15.112132787704468
NSW,ou,nsw26,10,BRT,tgb,0.8327847267939434,0.01498462166852242,0.0053475935828877,0.8128500000000001,0.8095891880509203,0.7721846846846847,3.94685435295105
NSW,ou,nsw27,23,GLM,random,0.5307922388680815,0.04092025101196966,0.33995416348357527,0.61727,0.6445502325965228,0.6302083719297562,12.440777778625488
NSW,ou,nsw27,23,GLM,tgb,0.4895365168539326,-0.024119984038705397,0.33995416348357527,0.6136800000000001,0.6678913548282817,0.6707970201936484,1.1818287372589111
NSW,ou,nsw27,23,BRT,random,0.4962676862255514,-0.0025867392630993576,0.33995416348357527,0.639775,0.6567711031753438,0.5507256452509336,17.230819702148438
NSW,ou,nsw27,23,BRT,tgb,0.5435393258426966,0.07331144395623548,0.33995416348357527,0.6144149999999999,0.609109628599026,0.585297314339018,4.174408435821533
NSW,ou,nsw28,53,GLM,random,0.5851827164366374,0.19489850402613046,0.39113827349121466,0.5997763636363637,0.5001099924130917,0.519235385210995,13.015165567398071
NSW,ou,nsw28,53,GLM,tgb,0.5879960006273526,0.15883273126508962,0.39113827349121466,0.5313263636363637,0.48672099208649033,0.5326906697638405,1.2162461280822754
NSW,ou,nsw28,53,BRT,random,0.6540567165934755,0.22297519657245807,0.39113827349121466,0.7092709090909091,0.6310577993241078,0.5766356949283779,17.226486682891846
NSW,ou,nsw28,53,BRT,tgb,0.5755004117001254,0.08845525698687931,0.39113827349121466,0.5577390909090909,0.5492325288398063,0.5785017421602788,4.363581657409668
NSW,ou,nsw29,12,GLM,random,0.6311644719855408,0.12057212837836487,0.013750954927425516,0.4385,0.48706181994973236,0.5877524502524503,8.084132671356201
NSW,ou,nsw29,12,GLM,tgb,0.6167053963335916,0.10168298703940919,0.013750954927425516,0.5612166666666667,0.657772011254481,0.7139523314523315,0.7570247650146484
NSW,ou,nsw29,12,BRT,random,0.5666580600740168,0.15827829939239324,0.013750954927425516,0.5858166666666668,0.6487159254857398,0.6835273735273735,14.754234790802002
NSW,ou,nsw29,12,BRT,tgb,0.6574576125311989,0.12030675203286142,0.013750954927425516,0.5462499999999999,0.6551863417067963,0.7214174339174338,3.5503594875335693
NSW,ou,nsw30,2,GLM,random,0.5372463034800697,-0.01062945361504587,0.5294117647058824,,,,0.9075078964233398
NSW,ou,nsw30,2,GLM,tgb,0.5642323044920448,-0.029443768197332076,0.5294117647058824,,,,0.0985405445098877
NSW,ou,nsw30,2,BRT,random,0.38057523284796013,0.021005757877999756,0.5294117647058824,,,,1.6254072189331055
NSW,ou,nsw30,2,BRT,tgb,0.45263863121005987,-0.026576160234879,0.5294117647058824,,,,0.30689215660095215
NSW,ou,nsw31,24,GLM,random,0.5378062787136294,0.057620963239322205,0.4988540870893812,0.6503,0.5940312091296295,0.5733409095424115,7.383312225341797
NSW,ou,nsw31,24,GLM,tgb,0.5198497553505397,0.02405931242014032,0.4988540870893812,0.598155,0.5315391949330016,0.5225803732195651,0.9281814098358154
NSW,ou,nsw31,24,BRT,random,0.5211336981287118,0.015039075665088143,0.4988540870893812,0.697945,0.611194874004497,0.5303446652677835,14.936886072158813
NSW,ou,nsw31,24,BRT,tgb,0.49626956261905647,0.003959735395203631,0.4988540870893812,0.6467750000000001,0.5165246026949527,0.525548227027755,4.43639349937439
NSW,ou,nsw32,28,GLM,random,0.7427067881613336,0.11267880961537494,0.01680672268907563,0.8189033333333333,0.6609456627914453,0.6260541783797597,8.224177122116089
NSW,ou,nsw32,28,GLM,tgb,0.6757434484707212,0.0638985249273373,0.01680672268907563,0.7505666666666666,0.6123712955620307,0.5764243831104297,0.8916654586791992
NSW,ou,nsw32,28,BRT,random,0.8174048174048174,0.20807335820055883,0.01680672268907563,0.8766,0.6551469784620217,0.57336620098248,15.488960981369019
NSW,ou,nsw32,28,BRT,tgb,0.7365967365967366,0.1640103949747527,0.01680672268907563,0.8147366666666667,0.6839744159889731,0.6392651276372207,4.580862760543823
NSW,ou,nsw33,15,GLM,random,0.5207470099033178,0.012865389814619398,0.3919022154316272,0.4033666666666667,0.2385473965144312,0.2312621853952499,7.868697643280029
NSW,ou,nsw33,15,GLM,tgb,0.5177569132210761,0.01345095775189962,0.3919022154316272,0.4356333333333334,0.4201136561830177,0.3999708289022804,0.8697912693023682
NSW,ou,nsw33,15,BRT,random,0.4951879279438126,0.04198301946673414,0.3919022154316272,0.5304333333333332,0.5002954803633798,0.3850238210117243,15.522266864776611
NSW,ou,nsw33,15,BRT,tgb,0.5362766561854104,0.06241424289058724,0.3919022154316272,0.3657333333333333,0.2960485109205779,0.27355391770714355,4.668089151382446
NSW,rt,nsw34,6,GLM,random,0.5477287828578442,0.04045519450755829,0.32722007722007723,0.5901,0.6308950914340712,0.16666666666666663,4.197434663772583
NSW,rt,nsw34,6,GLM,tgb,0.5342026298971996,0.046532129936511776,0.32722007722007723,0.4575,0.6260827718960539,0.16666666666666663,0.4720885753631592
NSW,rt,nsw34,6,BRT,random,0.5157755742055078,-0.0009431940605081334,0.32722007722007723,0.64365,0.762752646775746,0.8333333333333334,8.647660493850708
NSW,rt,nsw34,6,BRT,tgb,0.527604609726472,0.01760855799014945,0.32722007722007723,0.51205,0.6785370548604428,0.6666666666666667,2.629060983657837
NSW,rt,nsw35,6,GLM,random,0.4124233811594699,-0.02167466229008037,0.027992277992277992,0.7554000000000001,0.6882322975038206,0.5714285714285714,3.8801097869873047
NSW,rt,nsw35,6,GLM,tgb,0.42790124302297705,-0.011131547845412166,0.027992277992277992,0.6355999999999999,0.23637289862455424,0.1428571428571429,0.40352869033813477
NSW,rt,nsw35,6,BRT,random,0.595161456014793,-0.018168362821358697,0.027992277992277992,0.85775,0.9093224656138563,0.7142857142857143,9.061665296554565
NSW,rt,nsw35,6,BRT,tgb,0.43105160428723077,-0.05513527378067403,0.027992277992277992,0.6393000000000001,0.8853795211411105,0.7142857142857143,2.3210623264312744
NSW,rt,nsw36,7,GLM,random,0.7735707591377695,0.3574518779352127,0.0637065637065637,0.9660500000000001,0.9679954376984948,0.9302884615384616,5.996460437774658
NSW,rt,nsw36,7,GLM,tgb,0.7281630740393628,0.3681047350296294,0.0637065637065637,0.8028000000000001,0.7897436416591626,0.5248397435897436,0.8153054714202881
NSW,rt,nsw36,7,BRT,random,0.8749765698219306,0.19385693078224478,0.0637065637065637,0.90565,0.9247352915065641,0.8365384615384616,13.259530305862427
NSW,rt,nsw36,7,BRT,tgb,0.9244611059044049,0.572504585933885,0.0637065637065637,0.77675,0.793750199353755,0.6891025641025641,3.4848530292510986
NSW,rt,nsw37,6,GLM,random,0.5211727389415481,0.06460653671878056,0.18532818532818532,0.7205999999999999,0.5242782481045175,0.5476190476190476,5.769589185714722
NSW,rt,nsw37,6,GLM,tgb,0.5477574545813586,0.029215942906207017,0.18532818532818532,0.7362500000000001,0.6067468798015883,0.6803751803751803,0.7184162139892578
NSW,rt,nsw37,6,BRT,random,0.4770098983017377,-0.008906533067740127,0.18532818532818532,0.77745,0.75183848598809,0.6262626262626263,12.478441715240479
NSW,rt,nsw37,6,BRT,tgb,0.4885435179699842,0.0027310448959994627,0.18532818532818532,0.8100999999999999,0.8103136162248954,0.7489177489177489,3.1870126724243164
NSW,rt,nsw38,9,GLM,random,0.5589039401249458,-0.052398532294273124,0.08204633204633205,0.8664000000000002,0.13340336134453779,0.125,5.120704889297485
NSW,rt,nsw38,9,GLM,tgb,0.32132120987196133,-0.06336800685287462,0.08204633204633205,0.90105,0.8828781512605042,0.625,0.52313232421875
NSW,rt,nsw38,9,BRT,random,0.43037669326405636,-0.01837908206780468,0.08204633204633205,0.8123000000000001,0.9585084033613446,0.875,9.687649726867676
NSW,rt,nsw38,9,BRT,tgb,0.4879940619781035,-0.02383323072311065,0.08204633204633205,0.78895,0.8151260504201681,0.75,2.744396686553955
NSW,rt,nsw39,16,GLM,random,0.5504683349643507,0.03510936444076263,0.3996138996138996,0.5337249999999999,0.6653106963070556,0.5050000000000001,7.957069635391235
NSW,rt,nsw39,16,GLM,tgb,0.5453539307516659,-0.002282996973141048,0.3996138996138996,0.45255,0.4234098163580703,0.44606837606837607,0.9403846263885498
NSW,rt,nsw39,16,BRT,random,0.5587748730136539,0.04489725786630394,0.3996138996138996,0.6052083333333333,0.6629266089161328,0.5332478632478632,18.629379510879517
NSW,rt,nsw39,16,BRT,tgb,0.47411148391506286,-0.08105856828209404,0.3996138996138996,0.41234166666666666,0.41638600175018814,0.4547008547008547,3.4809374809265137
NSW,rt,nsw40,14,GLM,random,0.6600766119575548,0.2451411259320397,0.3465250965250965,0.6465,0.5961158381077032,0.3256898656898657,8.642790794372559
NSW,rt,nsw40,14,GLM,tgb,0.6351345235205292,0.2119497993279105,0.3465250965250965,0.6626,0.6256071283393758,0.5328571428571428,1.0802559852600098
NSW,rt,nsw40,14,BRT,random,0.6333282587854826,0.06030246374363186,0.3465250965250965,0.8574333333333334,0.7299858141030632,0.6258241758241759,17.112103939056396
NSW,rt,nsw40,14,BRT,tgb,0.6273786943051229,0.15408761775869995,0.3465250965250965,0.7083999999999999,0.6177949426467336,0.5021978021978022,3.5016117095947266
NSW,ru,nsw41,5,GLM,random,0.5794386598836748,0.054674448701634785,0.18811881188118812,0.8032,0.6502672587506906,0.83,5.8867528438568115
NSW,ru,nsw41,5,GLM,tgb,0.5567203917653212,0.021981165896021962,0.18811881188118812,0.6788000000000001,0.5279864962939348,0.5,0.7527031898498535
NSW,ru,nsw41,5,BRT,random,0.5757381258023107,-0.011345988741141773,0.18811881188118812,0.7458,0.8640213766709024,0.57,9.943102836608887
NSW,ru,nsw41,5,BRT,tgb,0.5285107529437867,0.010465744761330675,0.18811881188118812,0.7781,0.6116308298695209,0.47000000000000003,2.7820863723754883
NSW,ru,nsw42,11,GLM,random,0.9292817679558011,0.12694865611203637,0.0044004400440044,0.9463333333333332,0.9246467817896389,0.6,5.161964654922485
NSW,ru,nsw42,11,GLM,tgb,0.44088397790055245,-0.00693800774033116,0.0044004400440044,0.8844666666666667,0.9068550497121926,0.7,0.6300876140594482
NSW,ru,nsw42,11,BRT,random,0.7917127071823203,0.03958852944741269,0.0044004400440044,0.874,0.8843537414965986,0.7,9.129173278808594
NSW,ru,nsw42,11,BRT,tgb,0.8337016574585635,0.15212817269672543,0.0044004400440044,0.9224333333333334,0.9162742019884877,0.7,2.382587432861328
NSW,ru,nsw43,42,GLM,random,0.5687697076585965,0.10293716718875437,0.2376237623762376,0.67895,0.7313460873066349,0.6810990446335274,11.298006534576416
NSW,ru,nsw43,42,GLM,tgb,0.5172291700069478,0.011180566398210093,0.2376237623762376,0.5533625000000001,0.5717185660943785,0.4338539334228989,1.253356695175171
NSW,ru,nsw43,42,BRT,random,0.6601731601731602,0.15535694979582151,0.2376237623762376,0.7504027777777778,0.7882995402541062,0.5946951037468279,16.418997287750244
NSW,ru,nsw43,42,BRT,tgb,0.5044826572604351,-0.0004590127962172051,0.2376237623762376,0.5672583333333333,0.5559318309639956,0.5298458725182863,5.2658607959747314
NSW,ru,nsw44,16,GLM,random,0.9851851851851853,0.43982715364948655,0.009900990099009901,0.7936583333333334,0.6775210084033614,0.9,5.434950828552246
NSW,ru,nsw44,16,GLM,tgb,0.9369135802469136,0.26264884703589586,0.009900990099009901,0.8003750000000001,0.7841386554621849,0.9,0.5667526721954346
NSW,ru,nsw44,16,BRT,random,0.9767901234567902,0.5785087903909006,0.009900990099009901,0.7950333333333333,0.17752100840336138,0.19999999999999996,9.30968689918518
NSW,ru,nsw44,16,BRT,tgb,0.9548148148148148,0.37798145893462104,0.009900990099009901,0.8347166666666667,0.8067226890756303,1.0,2.3735592365264893
NSW,ru,nsw45,22,GLM,random,0.6383108705050847,0.1601364932353524,0.15181518151815182,0.7173550000000001,0.7357456146688024,0.6739570517202096,9.248233079910278
NSW,ru,nsw45,22,GLM,tgb,0.4980544747081712,-0.02051465324931045,0.15181518151815182,0.5628599999999999,0.5184020489176826,0.7003827751196172,0.811882495880127
NSW,ru,nsw45,22,BRT,random,0.71809620481588,0.1551898503101395,0.15181518151815182,0.7634649999999998,0.7080289963179102,0.5743740031897927,18.320683002471924
NSW,ru,nsw45,22,BRT,tgb,0.5926709148668208,0.08341471406764837,0.15181518151815182,0.58158,0.4990567860516647,0.7049265208475735,4.577152252197266
NSW,ru,nsw46,14,GLM,random,0.9661429105873551,0.5578833638511347,0.019801980198019802,0.99175,0.9787779850746268,0.9743589743589743,5.71741795539856
NSW,ru,nsw46,14,GLM,tgb,0.8786008230452674,0.4153696305452099,0.019801980198019802,0.9338666666666666,0.05993470149253732,0.02564102564102566,0.464984655380249
NSW,ru,nsw46,14,BRT,random,0.9915824915824916,0.6000728706958434,0.019801980198019802,0.9818833333333334,0.9972014925373134,0.9871794871794871,7.692762136459351
NSW,ru,nsw46,14,BRT,tgb,0.9948871430352911,0.7556748909906673,0.019801980198019802,0.97285,0.9020522388059702,0.9487179487179488,2.7529196739196777
NSW,sr,nsw47,41,GLM,random,0.9088594704684319,0.29834848968164795,0.025793650793650792,0.9934666666666665,0.9800004827141228,0.7711809323612812,7.10737419128418
NSW,sr,nsw47,41,GLM,tgb,0.9268369105436316,0.35046091660525913,0.025793650793650792,0.9541958333333334,0.9645264014013203,0.8071370089969939,0.966205358505249
NSW,sr,nsw47,41,BRT,random,0.9473601754660818,0.38556194916497244,0.025793650793650792,0.98605,0.9586721075639666,0.7454912444037638,14.577347993850708
NSW,sr,nsw47,41,BRT,tgb,0.9452451825160584,0.4392631230816447,0.025793650793650792,0.961125,0.7863772083613124,0.636484308728135,4.531986474990845
NSW,sr,nsw48,79,GLM,random,0.9002401759361074,0.43816004383570206,0.07341269841269842,0.9417829166666666,0.8301958536229932,0.7225400804029836,9.607924461364746
NSW,sr,nsw48,79,GLM,tgb,0.8876671103651832,0.4694159438416056,0.07341269841269842,0.9031325000000001,0.7465627037374188,0.7554659265344749,1.3803951740264893
NSW,sr,nsw48,79,BRT,random,0.9090514497366746,0.47285128139691945,0.07341269841269842,0.9807075000000001,0.7544472031630816,0.5342804575667479,16.65142512321472
NSW,sr,nsw48,79,BRT,tgb,0.8987354592279646,0.5523927033801248,0.07341269841269842,0.9434995833333334,0.78541593163619,0.7719467567753858,4.437763452529907
NSW,sr,nsw49,110,GLM,random,0.744617077247498,0.31837444715035157,0.16765873015873015,0.9411363636363637,0.8222773844706058,0.5674538130470039,8.588079690933228
NSW,sr,nsw49,110,GLM,tgb,0.7750668237053128,0.3585917031709253,0.16765873015873015,0.8322909090909091,0.6992875249647424,0.5625161114179993,1.383239507675171
NSW,sr,nsw49,110,BRT,random,0.7485736048127173,0.2662324433829253,0.16765873015873015,0.9517545454545455,0.8428375817584138,0.5801766605143434,15.252718687057495
NSW,sr,nsw49,110,BRT,tgb,0.8121883617436932,0.42134135626388547,0.16765873015873015,0.8135363636363637,0.6283467618361611,0.5706847115067258,3.8943848609924316
NSW,sr,nsw50,44,GLM,random,0.8341293964394267,0.19146996142901704,0.020833333333333332,0.7709513888888889,0.7103630737570638,0.615396269513823,10.765037059783936
NSW,sr,nsw50,44,GLM,tgb,0.8205239542625562,0.17747113775587625,0.020833333333333332,0.5516888888888889,0.5605654527828166,0.6823631923558386,1.8970329761505127
NSW,sr,nsw50,44,BRT,random,0.8533796497322332,0.2592460036204673,0.020833333333333332,0.8506722222222223,0.7261335690987863,0.5806013796640783,16.266613721847534
NSW,sr,nsw50,44,BRT,tgb,0.8155063443817242,0.30362288463165416,0.020833333333333332,0.7002458333333333,0.6555328902738851,0.7090687056345182,4.002918720245361
NSW,sr,nsw51,63,GLM,random,0.8020625415834997,0.09044514101338717,0.005952380952380952,0.8754717948717949,0.7869611689763029,0.6228206963248593,11.851532459259033
NSW,sr,nsw51,63,GLM,tgb,0.8685961410512308,0.1243913367936375,0.005952380952380952,0.7942762820512821,0.7161669140090676,0.5896263455135078,1.536097526550293
NSW,sr,nsw51,63,BRT,random,0.9234863606121091,0.1700742348065179,0.005952380952380952,0.9069673076923076,0.7636096488561488,0.5903504716483766,15.984496355056763
NSW,sr,nsw51,63,BRT,tgb,0.9657351962741185,0.23490579412508494,0.005952380952380952,0.7621096153846154,0.6282598389759493,0.5914096682788258,3.5829715728759766
NSW,sr,nsw52,186,GLM,random,0.8016535461375319,0.39999146955126014,0.1636904761904762,0.9372484352773828,0.8634627375054704,0.7007247326824227,16.346722841262817
NSW,sr,nsw52,186,GLM,tgb,0.7741974909234695,0.33539151106989373,0.1636904761904762,0.8803041963015646,0.8684172769254822,0.7260925288429961,1.5677778720855713
NSW,sr,nsw52,186,BRT,random,0.808195837377332,0.4129519307350407,0.1636904761904762,0.9595354196301564,0.9116514106629475,0.7345783000533989,12.53355073928833
NSW,sr,nsw52,186,BRT,tgb,0.8053416729573313,0.40762182941700265,0.1636904761904762,0.9148552631578948,0.8802096656777303,0.7710698713124307,2.3790524005889893
NSW,sr,nsw53,34,GLM,random,0.6409936950201985,0.06853947050560488,0.026785714285714284,0.8106476190476191,0.6498804535086468,0.6042427582606154,11.005332946777344
NSW,sr,nsw53,34,GLM,tgb,0.6903386566995129,0.0908377857135996,0.026785714285714284,0.8032309523809523,0.6917955982065428,0.6585443420264849,1.0768582820892334
NSW,sr,nsw53,34,BRT,random,0.6841846943783743,0.20440754016509932,0.026785714285714284,0.8526095238095237,0.7794776218777486,0.6141944633016061,11.841466665267944
NSW,sr,nsw53,34,BRT,tgb,0.7819307584852946,0.20952491363412326,0.026785714285714284,0.7201428571428571,0.6837148401542007,0.6963886914779771,2.219888210296631
NSW,sr,nsw54,118,GLM,random,0.40541167375338233,-0.04390730224364224,0.012896825396825396,0.758086231884058,0.6787576334226723,0.4374373015873016,11.303994178771973
NSW,sr,nsw54,118,GLM,tgb,0.6523772709702358,0.061421379103056103,0.012896825396825396,0.5287588768115941,0.5508634466110964,0.602418253968254,1.1098170280456543
NSW,sr,nsw54,118,BRT,random,0.6063393892539621,0.03860483852998635,0.012896825396825396,0.7983302536231884,0.7454635088179975,0.42191349206349205,8.05700421333313
NSW,sr,nsw54,118,BRT,tgb,0.6942404329339004,0.0775422033819511,0.012896825396825396,0.4541432971014493,0.4217407249420746,0.6478158730158731,2.3957324028015137
NZ,plant,nz01,23,GLM,random,0.6868238912691521,0.01387358806212949,0.0034518828451882847,0.83544,0.6778871174911881,0.6783649374503278,10.538856029510498
NZ,plant,nz01,23,GLM,tgb,0.5621264603630511,-0.005417189645758729,0.0034518828451882847,0.81838,0.6697673751125712,0.6770590370882752,4.928887367248535
NZ,plant,nz01,23,BRT,random,0.861128737781934,0.014472639962473936,0.0034518828451882847,0.7653450000000002,0.7974190840860935,0.7981867302237391,19.45432448387146
NZ,plant,nz01,23,BRT,tgb,0.8156714091688375,0.010087795804847251,0.0034518828451882847,0.7772600000000001,0.7005921516383035,0.7348798712956105,9.106892347335815
NZ,plant,nz02,80,GLM,random,0.7758431461068682,0.41902715945181024,0.26830543933054396,0.7729937500000001,0.6446918911460502,0.6014677875105018,16.178377628326416
NZ,plant,nz02,80,GLM,tgb,0.7457666085633431,0.3758156560116671,0.26830543933054396,0.71045625,0.5944129339236608,0.6144893308451467,7.453224182128906
NZ,plant,nz02,80,BRT,random,0.6709099718958265,0.22514989808114744,0.26830543933054396,0.8408,0.6973877603600167,0.6320914463375861,16.477144718170166
NZ,plant,nz02,80,BRT,tgb,0.6754226076270018,0.2338123337379841,0.26830543933054396,0.7791749999999998,0.6611128905646924,0.6443046541289452,10.066374778747559
NZ,plant,nz03,32,GLM,random,0.6367691861750665,0.05780990871481681,0.011349372384937238,0.8294547619047619,0.6857547376718183,0.6144780217486432,10.599549770355225
NZ,plant,nz03,32,GLM,tgb,0.6326647977998762,0.059319196348186984,0.011349372384937238,0.7644238095238094,0.5476809275924869,0.5303266054166726,4.619540691375732
NZ,plant,nz03,32,BRT,random,0.6222133077650123,0.02220752858981029,0.011349372384937238,0.8209333333333333,0.6155575905692995,0.5850256372049681,19.947404623031616
NZ,plant,nz03,32,BRT,tgb,0.6247633138474837,0.037743717034224286,0.011349372384937238,0.7018309523809523,0.5973819236480387,0.5917588526439932,9.726670742034912
NZ,plant,nz04,48,GLM,random,0.814458514095276,0.32236114818948836,0.09288702928870293,0.8358655555555554,0.765396325162196,0.7104083508027592,11.323954105377197
NZ,plant,nz04,48,GLM,tgb,0.8738253395519597,0.42340984081831357,0.09288702928870293,0.8064,0.7487630912552639,0.7301913555455577,4.6648781299591064
NZ,plant,nz04,48,BRT,random,0.8347633914472591,0.28616369818862714,0.09288702928870293,0.87425,0.7824946318181288,0.7037436374794792,20.02736186981201
NZ,plant,nz04,48,BRT,tgb,0.8842391331166267,0.3500004868995835,0.09288702928870293,0.8320988888888887,0.7711439820662223,0.7282282132630604,10.061834573745728
NZ,plant,nz05,211,GLM,random,0.7157214039744935,0.2759129378247803,0.16908995815899583,0.8219437430786266,0.7868633238974695,0.6778495400799087,19.588279724121094
NZ,plant,nz05,211,GLM,tgb,0.6797265274619382,0.22883850493217542,0.16908995815899583,0.7588674972314507,0.7422300452460838,0.6784312511765334,8.715389728546143
NZ,plant,nz05,211,BRT,random,0.7153064820168719,0.27797075461340176,0.16908995815899583,0.8374437984496124,0.7962279065826171,0.7141602003650775,16.885802030563354
NZ,plant,nz05,211,BRT,tgb,0.6821474003951236,0.23593740978890226,0.16908995815899583,0.7839070874861573,0.7658538732360103,0.7215343038497757,10.8480384349823
NZ,plant,nz06,35,GLM,random,0.6989195014691381,0.159909177938572,0.07186192468619247,0.8911285714285715,0.7501899555584398,0.7268860757799356,9.732171535491943
NZ,plant,nz06,35,GLM,tgb,0.7033245780544514,0.17149735787075995,0.07186192468619247,0.8483142857142857,0.6815017957393205,0.7079121462071375,4.379041910171509
NZ,plant,nz06,35,BRT,random,0.5701548094730248,0.02341616784804037,0.07186192468619247,0.8281714285714287,0.5946273836023301,0.5880526895372304,18.902358770370483
NZ,plant,nz06,35,BRT,tgb,0.6224581884988414,0.02726029789416854,0.07186192468619247,0.8036285714285715,0.6551392108112734,0.6642057720828045,8.735610008239746
NZ,plant,nz07,65,GLM,random,0.87775373279619,0.07138483983407162,0.002196652719665272,0.8082846153846155,0.6191565087901443,0.6123323852274991,10.349277019500732
NZ,plant,nz07,65,GLM,tgb,0.8725657576166015,0.07290647587827015,0.002196652719665272,0.7742692307692308,0.6374194921478283,0.6844982168856114,5.1203577518463135
NZ,plant,nz07,65,BRT,random,0.9129563346462393,0.17875626640741327,0.002196652719665272,0.8012,0.5669282299509836,0.5833482853044274,18.839973211288452
NZ,plant,nz07,65,BRT,tgb,0.8983084480253994,0.1247508842638103,0.002196652719665272,0.7512538461538462,0.5883727830340009,0.6421533624412654,9.149222612380981
NZ,plant,nz08,124,GLM,random,0.7675715235074634,0.26172501251430724,0.0924163179916318,0.7727396666666666,0.7764858465352616,0.6819629805583205,22.0611789226532
NZ,plant,nz08,124,GLM,tgb,0.7716885057051796,0.2808634328081294,0.0924163179916318,0.7071226666666666,0.7001383795369439,0.6723169530067455,7.989496946334839
NZ,plant,nz08,124,BRT,random,0.7186765629737527,0.21569290107236075,0.0924163179916318,0.784124,0.7564992406406803,0.6790742800877333,16.874030828475952
NZ,plant,nz08,124,BRT,tgb,0.7449104615564339,0.24986234845741345,0.0924163179916318,0.7203313333333333,0.7011228263808115,0.6738241399598031,10.650400876998901
NZ,plant,nz09,36,GLM,random,0.706222521982414,0.07375880695297936,0.011297071129707114,0.7204446428571428,0.6665137942735544,0.6929081694665004,7.217576503753662
NZ,plant,nz09,36,GLM,tgb,0.6877564125170452,0.060597557786123295,0.011297071129707114,0.6756910714285714,0.6371056530773093,0.6703772105341723,4.113177061080933
NZ,plant,nz09,36,BRT,random,0.706255828670397,0.03147582198050351,0.011297071129707114,0.7617946428571429,0.6042239659364348,0.6471243825493337,16.92939853668213
NZ,plant,nz09,36,BRT,tgb,0.71352060508456,0.02221747668105795,0.011297071129707114,0.7198107142857143,0.6258414682912798,0.7155293753900871,9.764917612075806
NZ,plant,nz10,27,GLM,random,0.6342555688125924,0.1097922542748836,0.05397489539748954,0.94597,0.903235474737539,0.8294570643799748,6.226806402206421
NZ,plant,nz10,27,GLM,tgb,0.5876933163106124,0.07986009764957774,0.05397489539748954,0.9286933333333331,0.9031542050771358,0.8564773874731341,2.9917502403259277
NZ,plant,nz10,27,BRT,random,0.6867287383129507,0.1209375352511282,0.05397489539748954,0.9071533333333333,0.8982823817919415,0.8352125099221881,15.388691902160645
NZ,plant,nz10,27,BRT,tgb,0.737391797294193,0.1789113729470333,0.05397489539748954,0.8860766666666666,0.8957544778884017,0.8270825971468255,9.069810628890991
NZ,plant,nz11,21,GLM,random,0.8240667945336604,0.21113400829262963,0.03875523012552301,0.7457999999999999,0.7136757546553969,0.6921474794656971,6.11650824546814
NZ,plant,nz11,21,GLM,tgb,0.8392150021011335,0.24025623948861047,0.03875523012552301,0.709465,0.6867095240244491,0.6866267571806917,3.1103341579437256
NZ,plant,nz11,21,BRT,random,0.7683669657890808,0.07703514223688784,0.03875523012552301,0.8033249999999998,0.7260083757991805,0.7223299125654061,16.27305316925049
NZ,plant,nz11,21,BRT,tgb,0.810797124483225,0.06024874947668048,0.03875523012552301,0.790375,0.7080389527677442,0.7216322675967021,9.175527572631836
NZ,plant,nz12,25,GLM,random,0.5267555034397855,0.03912289797039446,0.19492677824267782,0.88468,0.6872016668607452,0.6234031317838964,6.484661340713501
NZ,plant,nz12,25,GLM,tgb,0.46906690884323965,-0.042669038570530456,0.19492677824267782,0.8684799999999999,0.6577383865769999,0.6352378592452201,3.0081112384796143
NZ,plant,nz12,25,BRT,random,0.44739845386357274,-0.016103523162778924,0.19492677824267782,0.791,0.5908535983188612,0.5323531010363135,16.356953144073486
NZ,plant,nz12,25,BRT,tgb,0.43521102973658,-0.05363405260682236,0.19492677824267782,0.73726,0.5774228299784309,0.5360741189530784,9.581500768661499
NZ,plant,nz13,21,GLM,random,0.6182998762496698,0.12011442526442356,0.14356694560669456,0.8535449999999999,0.785603120429191,0.7766813587345629,5.2665910720825195
NZ,plant,nz13,21,GLM,tgb,0.626847648048499,0.11835313842074127,0.14356694560669456,0.83019,0.7583412536634614,0.8053511848874751,2.5554299354553223
NZ,plant,nz13,21,BRT,random,0.6058719392650065,0.10256111170170684,0.14356694560669456,0.82456,0.7479826220508984,0.7685031034382561,15.115770101547241
NZ,plant,nz13,21,BRT,tgb,0.5818246638579514,0.07541442457994643,0.14356694560669456,0.7922750000000002,0.6849274429052019,0.7360270713516828,8.489739179611206
NZ,plant,nz14,19,GLM,random,0.4251214694230472,-0.10461946662743912,0.33776150627615065,0.7802416666666667,0.7614027314934718,0.7038888533604931,4.952429533004761
NZ,plant,nz14,19,GLM,tgb,0.40905345202484256,-0.12440910113008614,0.33776150627615065,0.7486249999999999,0.7352458887725686,0.7258863294492317,2.636303663253784
NZ,plant,nz14,19,BRT,random,0.42617775212680026,-0.015664396635510575,0.33776150627615065,0.7448166666666667,0.7784243540473523,0.7634333741207587,16.51866340637207
NZ,plant,nz14,19,BRT,tgb,0.4056478824157103,-0.0237760795262068,0.33776150627615065,0.7589166666666666,0.7386121943510399,0.7146141798889735,10.443714380264282
NZ,plant,nz15,32,GLM,random,0.849978437182644,0.07718866587237629,0.0025627615062761505,0.9309642857142858,0.791628381184251,0.7902428641937206,4.370453834533691
NZ,plant,nz15,32,GLM,tgb,0.8437846115322013,0.07600189702020721,0.0025627615062761505,0.9220119047619046,0.7199886816708266,0.7365655828686007,2.394897937774658
NZ,plant,nz15,32,BRT,random,0.9269919388236654,0.16226738426195844,0.0025627615062761505,0.8997190476190478,0.7255187442301919,0.7262011032239416,12.591463088989258
NZ,plant,nz15,32,BRT,tgb,0.8839048282518922,0.10965200741682271,0.0025627615062761505,0.8962071428571429,0.6830117968747601,0.6940602668957073,8.467254638671875
NZ,plant,nz16,40,GLM,random,0.6340946874673783,0.11630363781593409,0.05690376569037657,0.6132124999999999,0.49656506151997243,0.47706793656362667,6.684814691543579
NZ,plant,nz16,40,GLM,tgb,0.6472065898370218,0.12262897616577154,0.05690376569037657,0.533475,0.45197483096460356,0.47778025936647,3.412402629852295
NZ,plant,nz16,40,BRT,random,0.633969883809502,0.10018676693817674,0.05690376569037657,0.5828249999999999,0.48683085996365316,0.4306202059783814,18.086191654205322
NZ,plant,nz16,40,BRT,tgb,0.5993047439763949,0.058446980667663184,0.05690376569037657,0.49250000000000005,0.43817775283102145,0.46324034964662913,11.359025239944458
NZ,plant,nz17,94,GLM,random,0.7323203606650054,0.3616253270241572,0.28959205020920503,0.6725611111111112,0.6078725351119673,0.5559300171754135,10.45146894454956
NZ,plant,nz17,94,GLM,tgb,0.7363438115064604,0.3661245334350278,0.28959205020920503,0.5618657894736843,0.5313245502650563,0.551905561603014,5.717072010040283
NZ,plant,nz17,94,BRT,random,0.6593856743689867,0.22362882280142193,0.28959205020920503,0.7287622807017543,0.6825288694170866,0.5943358212739958,16.4968900680542
NZ,plant,nz17,94,BRT,tgb,0.6700671651694781,0.20317261763782624,0.28959205020920503,0.6143789473684211,0.6105107121505385,0.5918236292014044,10.684160232543945
NZ,plant,nz18,43,GLM,random,0.9542354416242586,0.4255188853048659,0.026673640167364017,0.8849875,0.8750465186249583,0.8706984804260802,7.09002161026001
NZ,plant,nz18,43,GLM,tgb,0.958794238813204,0.4330086950283436,0.026673640167364017,0.8687541666666666,0.8640855366279656,0.8785269392954673,3.921038866043091
NZ,plant,nz18,43,BRT,random,0.9219323366100874,0.32723203134191137,0.026673640167364017,0.8930152777777778,0.8830923410116048,0.8726053537412117,16.281731843948364
NZ,plant,nz18,43,BRT,tgb,0.9372156019850174,0.35626321427997104,0.026673640167364017,0.8668194444444444,0.8283861829512634,0.8254802928162418,8.942277908325195
NZ,plant,nz19,127,GLM,random,0.6605786708515283,0.11346646960203421,0.04184100418410042,0.7822726153846153,0.7223410238063461,0.6911001461780752,12.847135543823242
NZ,plant,nz19,127,GLM,tgb,0.6581919350436682,0.10955969494717022,0.04184100418410042,0.6852321538461539,0.6346931628550647,0.7168281547767474,5.822249412536621
NZ,plant,nz19,127,BRT,random,0.6207090611353712,0.07320503026343973,0.04184100418410042,0.7999652307692308,0.7228476984216654,0.6714570413499013,16.295875787734985
NZ,plant,nz19,127,BRT,tgb,0.6405692207969432,0.09323199292072182,0.04184100418410042,0.7268495384615385,0.6887899687173041,0.7186611347456633,10.856340169906616
NZ,plant,nz20,33,GLM,random,0.9613638630559342,0.37284799467759294,0.024947698744769875,0.9145285714285712,0.8954845897134439,0.8590314601328721,6.520276308059692
NZ,plant,nz20,33,GLM,tgb,0.9392842070320289,0.32959120195757136,0.024947698744769875,0.9067023809523811,0.8823225832232993,0.8712879863136478,3.5877230167388916
NZ,plant,nz20,33,BRT,random,0.9348870102716708,0.2898019400313207,0.024947698744769875,0.9035047619047619,0.898442287522105,0.8800384475649896,14.67540693283081
NZ,plant,nz20,33,BRT,tgb,0.9157989616439801,0.2600837399771919,0.024947698744769875,0.8884476190476189,0.866200018342437,0.8755278805006099,7.7153215408325195
NZ,plant,nz21,21,GLM,random,0.759873115636336,0.21085868091128246,0.04403765690376569,0.762795,0.7094501565099264,0.7047443215489011,7.439480781555176
NZ,plant,nz21,21,GLM,tgb,0.7318742935382516,0.1776286500403684,0.04403765690376569,0.7276849999999999,0.6332868617491769,0.672938385767066,4.024889945983887
NZ,plant,nz21,21,BRT,random,0.7480476054829099,0.11902027276339026,0.04403765690376569,0.7888000000000002,0.7089101639925113,0.7081988738541856,16.13996934890747
NZ,plant,nz21,21,BRT,tgb,0.7365437311680592,0.09460232513856233,0.04403765690376569,0.7004900000000001,0.6120672204426222,0.6549308119751467,9.734333038330078
NZ,plant,nz22,130,GLM,random,0.6814218393806926,0.10883973530725671,0.03603556485355649,0.7357730769230769,0.5777739244734229,0.5717597536357759,10.748981714248657
NZ,plant,nz22,130,GLM,tgb,0.7371628650820905,0.15829117148410896,0.03603556485355649,0.6473923076923078,0.5381700535229481,0.6016931735245628,4.921655893325806
NZ,plant,nz22,130,BRT,random,0.7031559043540498,0.10988005134564563,0.03603556485355649,0.7923115384615385,0.7082341425483386,0.6730315158612378,16.335059881210327
NZ,plant,nz22,130,BRT,tgb,0.7782960004831893,0.20060048130417227,0.03603556485355649,0.6992423076923077,0.6128902233272381,0.6707768185094818,10.753042459487915
NZ,plant,nz23,23,GLM,random,0.4815258520532913,-0.04324740163072691,0.1631276150627615,0.8566100000000001,0.8209134579178397,0.8026943097538778,7.259103536605835
NZ,plant,nz23,23,GLM,tgb,0.48956584730927866,-0.016656928982535527,0.1631276150627615,0.78415,0.7897766117229656,0.7921860180567988,3.4429843425750732
NZ,plant,nz23,23,BRT,random,0.5037015661032247,-0.029947120821537616,0.1631276150627615,0.789585,0.8009435669081311,0.7893207126087137,16.043492078781128
NZ,plant,nz23,23,BRT,tgb,0.5282892406592334,-0.024216753320535613,0.1631276150627615,0.740035,0.7321948890714938,0.7312336550609131,10.501646041870117
NZ,plant,nz24,22,GLM,random,0.7485370759006645,0.10921934975866668,0.0031380753138075313,0.8340350000000001,0.7447749247349235,0.7521010534907876,4.173809289932251
NZ,plant,nz24,22,GLM,tgb,0.7506147254284715,0.10852568827237909,0.0031380753138075313,0.810045,0.7393178887653407,0.7569904023763613,2.491837978363037
NZ,plant,nz24,22,BRT,random,0.7910650577124869,0.1709354484648428,0.0031380753138075313,0.885565,0.7383341187564486,0.7752632877331435,12.778664588928223
NZ,plant,nz24,22,BRT,tgb,0.795583683105981,0.05954744505453123,0.0031380753138075313,0.8310700000000001,0.780486107600797,0.8104588169878424,8.353994607925415
NZ,plant,nz25,113,GLM,random,0.8239168419852171,0.1895513676828579,0.02557531380753138,0.8750494071146244,0.8513673974193395,0.79797074692311,10.60027527809143
NZ,plant,nz25,113,GLM,tgb,0.8637658786908684,0.23025996685283678,0.02557531380753138,0.8429974308300394,0.830706527942073,0.8205609214997107,6.210079193115234
NZ,plant,nz25,113,BRT,random,0.8329863184026359,0.2064103231282492,0.02557531380753138,0.8594306324110672,0.8252798152827333,0.7882143308311773,17.204327821731567
NZ,plant,nz25,113,BRT,tgb,0.8587469769966913,0.2305532367150243,0.02557531380753138,0.8202418972332015,0.7962925945146997,0.7910595777931905,9.963382482528687
NZ,plant,nz26,22,GLM,random,0.8862778031454082,0.21235194442723113,0.012447698744769874,0.9632,0.9021686497311812,0.8722456351595425,3.3277244567871094
NZ,plant,nz26,22,GLM,tgb,0.9027066816558208,0.21386871645900732,0.012447698744769874,0.95641,0.8873405713649194,0.8688378722952155,2.5951828956604004
NZ,plant,nz26,22,BRT,random,0.6989665583424345,0.06454248049187694,0.012447698744769874,0.95177,0.879745930900884,0.8742704607429967,11.295132398605347
NZ,plant,nz26,22,BRT,tgb,0.8209680599281339,0.10350197739064389,0.012447698744769874,0.9283950000000001,0.890198908372267,0.8659993979530403,6.741142511367798
NZ,plant,nz27,40,GLM,random,0.5620624586141828,0.04923053940466509,0.057635983263598325,0.7367250000000001,0.6918166213225106,0.7094115059730887,7.704842805862427
NZ,plant,nz27,40,GLM,tgb,0.5474507343835837,0.04849045310724896,0.057635983263598325,0.6968874999999999,0.6307508358460281,0.6758460172413934,4.544179201126099
NZ,plant,nz27,40,BRT,random,0.5382942828496369,0.021216731387888953,0.057635983263598325,0.765125,0.7255427701099457,0.7083847566447796,17.537983655929565
NZ,plant,nz27,40,BRT,tgb,0.5358730299746634,0.022231292461514833,0.057635983263598325,0.7111624999999999,0.6855762822460761,0.7238610597644237,10.11033034324646
NZ,plant,nz28,18,GLM,random,0.6283887870772502,0.03536572923350356,0.003608786610878661,0.7148666666666668,0.6188829226163193,0.6805899393947058,6.054030895233154
NZ,plant,nz28,18,GLM,tgb,0.6898409228014201,0.06119841432466992,0.003608786610878661,0.683525,0.5883610613098913,0.6733406277868028,3.482560396194458
NZ,plant,nz28,18,BRT,random,0.7429029173408677,0.02990183116594508,0.003608786610878661,0.8713333333333333,0.7132571240992008,0.7412537777140525,14.981936931610107
NZ,plant,nz28,18,BRT,tgb,0.7858288849381408,0.029245413985647884,0.003608786610878661,0.817,0.6863861198089474,0.7283072841007466,8.507002353668213
NZ,plant,nz29,21,GLM,random,0.6264664378908951,0.16288413428539225,0.1768828451882845,0.64291,0.5101225665512905,0.4812523915484337,6.1781556606292725
NZ,plant,nz29,21,GLM,tgb,0.5911215694249395,0.11795094055262736,0.1768828451882845,0.5671999999999999,0.40432005930687903,0.41692416390091,3.2098593711853027
NZ,plant,nz29,21,BRT,random,0.6651543300823607,0.08548376789506718,0.1768828451882845,0.667735,0.5779008686613876,0.5772804848223111,17.407186031341553
NZ,plant,nz29,21,BRT,tgb,0.6070501633076639,0.08643460380689312,0.1768828451882845,0.6217349999999999,0.49083729496546386,0.5555378488426692,9.964852333068848
NZ,plant,nz30,101,GLM,random,0.7514479093362662,0.42013823561351227,0.39173640167364016,0.7625428571428571,0.6542163235161826,0.5879559218289061,8.37924313545227
NZ,plant,nz30,101,GLM,tgb,0.7301299927561771,0.3889899738390271,0.39173640167364016,0.6613711904761905,0.5879760646922784,0.5643790041699689,5.1610705852508545
NZ,plant,nz30,101,BRT,random,0.7854151077906111,0.38396079768116487,0.39173640167364016,0.7699021428571429,0.6870681042665392,0.6084409043846083,16.71894407272339
NZ,plant,nz30,101,BRT,tgb,0.7747351699658013,0.3669043372300126,0.39173640167364016,0.6420861904761905,0.5805099520640733,0.5697631455118566,11.188490629196167
NZ,plant,nz31,47,GLM,random,0.9407198952879581,0.07170436167665716,0.0010460251046025104,0.9262477777777779,0.5365129549262243,0.5688120156213206,5.402688980102539
NZ,plant,nz31,47,GLM,tgb,0.9006387434554974,0.058279030175520816,0.0010460251046025104,0.9209200000000001,0.595537795639662,0.6462039236639252,2.823593854904175
NZ,plant,nz31,47,BRT,random,0.945488219895288,0.06386713605261411,0.0010460251046025104,0.8766222222222222,0.42541965539972154,0.430633140908689,13.948936223983765
NZ,plant,nz31,47,BRT,tgb,0.9122997382198953,0.03902940675292419,0.0010460251046025104,0.8924644444444445,0.5551771712219664,0.6252157655011542,7.852864503860474
NZ,plant,nz32,105,GLM,random,0.7689468051099734,0.21342399445793703,0.05852510460251046,0.8522000000000001,0.7209981265504462,0.6280306920457359,8.871838331222534
NZ,plant,nz32,105,GLM,tgb,0.7094810888025831,0.16212696155954862,0.05852510460251046,0.8036857142857142,0.6542186780032331,0.6191371688218792,4.524569272994995
NZ,plant,nz32,105,BRT,random,0.7370326561641223,0.1995914087732331,0.05852510460251046,0.862957142857143,0.7195471957518805,0.6233924185273139,17.079426050186157
NZ,plant,nz32,105,BRT,tgb,0.6810072213742072,0.13853355701004583,0.05852510460251046,0.7754809523809524,0.6250882587023577,0.593931752015837,11.389500617980957
NZ,plant,nz33,19,GLM,random,0.8163590548441122,0.1845968396723937,0.04084728033472804,0.7726583333333334,0.6919729900064836,0.6963188649019219,4.631936550140381
NZ,plant,nz33,19,GLM,tgb,0.8165618090760306,0.20494285097501502,0.04084728033472804,0.7486666666666667,0.6860423195695876,0.6943263135931788,2.5189425945281982
NZ,plant,nz33,19,BRT,random,0.6382987034830371,0.04511128689838976,0.04084728033472804,0.71975,0.616166752230488,0.6093840188927624,16.55435013771057
NZ,plant,nz33,19,BRT,tgb,0.724372517892677,0.05572239140221824,0.04084728033472804,0.72305,0.585248229959465,0.5957245013446497,9.891641855239868
NZ,plant,nz34,42,GLM,random,0.5776398892324013,0.041757727558123126,0.02792887029288703,0.6391097222222222,0.4584537752159398,0.44396217793286497,7.294278621673584
NZ,plant,nz34,42,GLM,tgb,0.5357330695932785,0.01774988725246547,0.02792887029288703,0.5957152777777778,0.4386402945143034,0.48417286670867926,4.331816911697388
NZ,plant,nz34,42,BRT,random,0.5737061059611137,0.020602577435127504,0.02792887029288703,0.6428708333333333,0.579687034377889,0.5667558149210598,17.87220525741577
NZ,plant,nz34,42,BRT,tgb,0.5609746230802372,0.021329519749398094,0.02792887029288703,0.6371694444444443,0.5265800138025132,0.5811870938090842,9.94872236251831
NZ,plant,nz35,24,GLM,random,0.7194355304285581,0.33922432282642684,0.5533995815899582,0.7217849999999999,0.5231759887121463,0.5394084832668791,5.678266525268555
NZ,plant,nz35,24,GLM,tgb,0.6920875691257042,0.3012880428308955,0.5533995815899582,0.673635,0.4871527696961212,0.5909329925253429,3.6244728565216064
NZ,plant,nz35,24,BRT,random,0.6587321918028743,0.17031170242235594,0.5533995815899582,0.7273949999999999,0.5134379247076594,0.5098132234482262,17.15047025680542
NZ,plant,nz35,24,BRT,tgb,0.644111333425175,0.14646381917177032,0.5533995815899582,0.66943,0.5349920554037538,0.582244946895826,9.244578123092651
NZ,plant,nz36,170,GLM,random,0.5407539716008785,0.05271554979069776,0.3581589958158996,0.7547294117647059,0.6846449981470334,0.5672690691587607,11.42441463470459
NZ,plant,nz36,170,GLM,tgb,0.5051773436262474,-0.015241557752508208,0.3581589958158996,0.6710794117647059,0.6280471246176245,0.5666197218507392,6.538578987121582
NZ,plant,nz36,170,BRT,random,0.520609236063937,0.0570332242914547,0.3581589958158996,0.7674529411764706,0.7241220604784793,0.597968093349796,16.673031330108643
NZ,plant,nz36,170,BRT,tgb,0.5036882491314474,0.01445684818308005,0.3581589958158996,0.660385294117647,0.6428913919887514,0.5791934612361447,10.918043851852417
NZ,plant,nz37,22,GLM,random,0.4993617796173589,-0.026453097642757117,0.1305439330543933,0.799565,0.6492229365823599,0.624721777915396,6.135278224945068
NZ,plant,nz37,22,GLM,tgb,0.45068869093340486,-0.0752419226597021,0.1305439330543933,0.7632749999999999,0.679525708358951,0.6949860762078719,3.0646133422851562
NZ,plant,nz37,22,BRT,random,0.519114172666642,-0.019372814723579768,0.1305439330543933,0.780225,0.566053546031729,0.5366661032295018,17.43388319015503
NZ,plant,nz37,22,BRT,tgb,0.5098801128003072,-0.027502741411303013,0.1305439330543933,0.6784800000000001,0.41825997376067486,0.4207126412823044,9.687043190002441
NZ,plant,nz38,147,GLM,random,0.8262633894582415,0.3202123910425437,0.07065899581589959,0.7916791954022988,0.6747265592451461,0.6501086297096509,10.99372386932373
NZ,plant,nz38,147,GLM,tgb,0.813195237391245,0.29360898701940263,0.07065899581589959,0.7207660919540231,0.6172342081109095,0.6525706805555432,5.9475061893463135
NZ,plant,nz38,147,BRT,random,0.8090084574558466,0.3083153407605821,0.07065899581589959,0.8270894252873562,0.7524203298095328,0.7171720407795819,16.716081619262695
NZ,plant,nz38,147,BRT,tgb,0.8049822212596819,0.272992960738627,0.07065899581589959,0.746660459770115,0.6733162394847951,0.696576947239174,10.884788513183594
NZ,plant,nz39,21,GLM,random,0.642968163322331,0.006254727737665056,0.0017259414225941423,0.73591,0.5685711785801453,0.5826310853251847,6.5711188316345215
NZ,plant,nz39,21,GLM,tgb,0.6364890588707847,0.0056318504073097995,0.0017259414225941423,0.7111049999999999,0.5568610091164158,0.6012180936925428,3.959564685821533
NZ,plant,nz39,21,BRT,random,0.6318389003462613,-0.0009267994095168671,0.0017259414225941423,0.7441549999999999,0.6977066502123839,0.7607765903878967,15.569900751113892
NZ,plant,nz39,21,BRT,tgb,0.608403149216268,-0.00015580539929109332,0.0017259414225941423,0.7689250000000001,0.6752463578866458,0.7390582751387607,10.105888843536377
NZ,plant,nz40,19,GLM,random,0.5480608797576703,-0.05579247656734426,0.040742677824267784,0.9769333333333334,0.6404883010673659,0.6365527109203332,4.247851371765137
NZ,plant,nz40,19,GLM,tgb,0.5630198243390668,-0.0448772256040597,0.040742677824267784,0.9701166666666665,0.5719354309831826,0.5613376792607974,2.842397928237915
NZ,plant,nz40,19,BRT,random,0.5177345606226473,-0.010295686172208423,0.040742677824267784,0.9237,0.7325088921767854,0.7310059190324214,10.540977716445923
NZ,plant,nz40,19,BRT,tgb,0.639939740918706,-0.0022377006156426484,0.040742677824267784,0.881375,0.6266899084310666,0.6206018679822911,5.993407249450684
NZ,plant,nz41,20,GLM,random,0.9817059748427672,0.20863946842927852,0.0020920502092050207,0.9390000000000001,0.7736976483320028,0.8135550179660151,5.037667274475098
NZ,plant,nz41,20,GLM,tgb,0.9842531446540881,0.21373006360446864,0.0020920502092050207,0.9244,0.7425981601821288,0.8137571618310061,2.4291584491729736
NZ,plant,nz41,20,BRT,random,0.9585482180293501,0.016890377532454245,0.0020920502092050207,0.9606,0.821141833664183,0.849110003661523,12.602455854415894
NZ,plant,nz41,20,BRT,tgb,0.9605607966457024,0.030297311274581774,0.0020920502092050207,0.9228500000000001,0.6801466403634637,0.6969469723551445,8.303224563598633
NZ,plant,nz42,27,GLM,random,0.6289868946529862,0.23651087930356857,0.3057008368200837,0.6251466666666666,0.5352124202846129,0.5143022497763539,7.019198894500732
NZ,plant,nz42,27,GLM,tgb,0.5736046228769257,0.1356440976104451,0.3057008368200837,0.5493633333333333,0.4840388285146517,0.506030227490913,3.833338499069214
NZ,plant,nz42,27,BRT,random,0.5827946109395414,0.12723495239468793,0.3057008368200837,0.5792866666666666,0.4785240501356477,0.4602830593280819,18.891018629074097
NZ,plant,nz42,27,BRT,tgb,0.5326616565094187,0.062078801826779294,0.3057008368200837,0.5131533333333334,0.41206237925459777,0.45016920281947603,10.690961599349976
NZ,plant,nz43,137,GLM,random,0.6289463438903831,0.026899919595743515,0.0024581589958158996,0.8486948412698414,0.8380599693124988,0.7806760647753641,9.714601039886475
NZ,plant,nz43,137,GLM,tgb,0.6096977904601693,0.024363274579279122,0.0024581589958158996,0.80182791005291,0.7692929428302079,0.7732528058319907,6.020542144775391
NZ,plant,nz43,137,BRT,random,0.6267158320049172,0.03390394571821269,0.0024581589958158996,0.8694465608465608,0.8163852737366433,0.7641073798169729,18.09061312675476
NZ,plant,nz43,137,BRT,tgb,0.5895423072160602,0.029108124215539096,0.0024581589958158996,0.8308366402116402,0.7813328024602183,0.7833115722884414,10.708004236221313
NZ,plant,nz44,65,GLM,random,0.8888467253575999,0.509902855518216,0.1459205020920502,0.8088000000000001,0.7792494352621718,0.71072341326032,7.384524583816528
NZ,plant,nz44,65,GLM,tgb,0.8478592295552966,0.44681412689219413,0.1459205020920502,0.7574615384615384,0.7368887560758541,0.7034042055914844,4.783440113067627
NZ,plant,nz44,65,BRT,random,0.8251201693564849,0.40556853705195606,0.1459205020920502,0.8094384615384616,0.7614101520599422,0.7073480783914411,18.139031648635864
NZ,plant,nz44,65,BRT,tgb,0.8085795213857557,0.3373516403055731,0.1459205020920502,0.7613153846153846,0.7274424005096932,0.7136524402303757,10.93302035331726
NZ,plant,nz45,26,GLM,random,0.9084123471030814,0.3186484445180819,0.015742677824267783,0.9431533333333333,0.8862582406950626,0.9054180302933926,5.56830358505249
NZ,plant,nz45,26,GLM,tgb,0.908470074864256,0.3260346005486527,0.015742677824267783,0.92913,0.808449262373172,0.876285436170041,3.1237058639526367
NZ,plant,nz45,26,BRT,random,0.8487776278974437,0.14751370362767777,0.015742677824267783,0.9240166666666667,0.8606317418553918,0.8305386750986313,14.116674184799194
NZ,plant,nz45,26,BRT,tgb,0.8607493416475432,0.19453233922213958,0.015742677824267783,0.9227233333333335,0.9130521190378502,0.8964011910281138,7.494408130645752
NZ,plant,nz46,36,GLM,random,0.8926232161387675,0.0919496688025695,0.0011506276150627616,0.9323642857142858,0.8217966557006917,0.7930816029268883,6.198272466659546
NZ,plant,nz46,36,GLM,tgb,0.878999704871524,0.08785824663455453,0.0011506276150627616,0.9194446428571428,0.802492210328248,0.7866867099704855,3.8456242084503174
NZ,plant,nz46,36,BRT,random,0.8688725140186027,0.1293004243540009,0.0011506276150627616,0.9008107142857144,0.7020166449600973,0.6659853790518835,14.36902379989624
NZ,plant,nz46,36,BRT,tgb,0.84512062186426,0.09143402587986121,0.0011506276150627616,0.88975,0.7062061026627995,0.6764801206260191,8.52007532119751
NZ,plant,nz47,87,GLM,random,0.7734087652041189,0.33779298107163935,0.13263598326359832,0.8228918300653595,0.7517809905125283,0.7128331303585607,8.474575281143188
NZ,plant,nz47,87,GLM,tgb,0.7274186352320127,0.2904353230277075,0.13263598326359832,0.7644238562091503,0.7256028930480305,0.7418026378179526,4.63609766960144
NZ,plant,nz47,87,BRT,random,0.7639471114266194,0.2670942601683552,0.13263598326359832,0.786878431372549,0.747426828148192,0.7122420956062718,17.588669538497925
NZ,plant,nz47,87,BRT,tgb,0.7408302594116026,0.23719646617139684,0.13263598326359832,0.7125156862745097,0.7006218116919494,0.7291948551378422,8.444637537002563
NZ,plant,nz48,43,GLM,random,0.6554165919320971,0.12012098979118072,0.04649581589958159,0.7491944444444444,0.723516557724985,0.6898981349476438,7.47933292388916
NZ,plant,nz48,43,GLM,tgb,0.6710002536502091,0.1299604957025063,0.04649581589958159,0.6737638888888888,0.6713969993036528,0.6795336453557208,3.8808834552764893
NZ,plant,nz48,43,BRT,random,0.6442205667191059,0.09659432182571774,0.04649581589958159,0.800911111111111,0.7288483400054777,0.6982798201857852,17.7107937335968
NZ,plant,nz48,43,BRT,tgb,0.658997619538137,0.06561488380870037,0.04649581589958159,0.7070458333333333,0.6983032812494742,0.710898180689095,9.081973552703857
NZ,plant,nz49,37,GLM,random,0.9134416425375099,0.15164895233372092,0.00653765690376569,0.9234857142857142,0.7401068531234757,0.7352060369483974,8.362783908843994
NZ,plant,nz49,37,GLM,tgb,0.9190148986575414,0.16401945246292055,0.00653765690376569,0.9210964285714287,0.7360184437956843,0.7387510905440778,3.8146398067474365
NZ,plant,nz49,37,BRT,random,0.8729057120294814,0.14902056310324502,0.00653765690376569,0.9355482142857143,0.8603369258990791,0.8108166712082615,13.049561500549316
NZ,plant,nz49,37,BRT,tgb,0.8823016583311397,0.1728192538776438,0.00653765690376569,0.9205553571428572,0.8029590535284239,0.7794787122843507,7.822206497192383
NZ,plant,nz50,131,GLM,random,0.7267262882528127,0.16159818243195206,0.050156903765690375,0.8603213675213677,0.8434065262349962,0.7640884013917422,11.769073247909546
NZ,plant,nz50,131,GLM,tgb,0.7079051760355285,0.154387302463892,0.050156903765690375,0.8399682336182337,0.8289234093330313,0.7800667088929338,3.7988762855529785
NZ,plant,nz50,131,BRT,random,0.7446901337067439,0.19548923476144764,0.050156903765690375,0.881575641025641,0.839402612285407,0.7630855538987227,7.752852916717529
NZ,plant,nz50,131,BRT,tgb,0.742777597137043,0.19556593411657452,0.050156903765690375,0.8535203703703704,0.8216891764855163,0.7700967493070124,4.769210338592529
NZ,plant,nz51,42,GLM,random,0.6420666725729358,0.0763387685042156,0.029393305439330542,0.7958125,0.48979018097758475,0.47532234400375495,6.144609689712524
NZ,plant,nz51,42,GLM,tgb,0.6664098014918316,0.09066565714712707,0.029393305439330542,0.759,0.4837652843238077,0.5165468929066426,2.2403929233551025
NZ,plant,nz51,42,BRT,random,0.6530598596532406,0.03995986746313663,0.029393305439330542,0.8169194444444445,0.6012363195368284,0.5574784436148272,8.153213024139404
NZ,plant,nz51,42,BRT,tgb,0.6449563818195834,0.04859702210415879,0.029393305439330542,0.7702180555555557,0.6115923255882653,0.6259384795798628,4.8455970287323
NZ,plant,nz52,174,GLM,random,0.8233344251873742,0.18960772228390083,0.029027196652719665,0.8261772268907563,0.7488991655223642,0.7382024129344009,8.714314222335815
NZ,plant,nz52,174,GLM,tgb,0.8285539727715865,0.2071774883766148,0.029027196652719665,0.7825261344537815,0.6871858210989069,0.7513477755679606,1.7858905792236328
NZ,plant,nz52,174,BRT,random,0.8020780651375857,0.19134423121277022,0.029027196652719665,0.833700924369748,0.7816799264173151,0.7808532308405489,6.900084495544434
NZ,plant,nz52,174,BRT,tgb,0.8195250192287629,0.20765938778962362,0.029027196652719665,0.7923368907563025,0.7139283218239527,0.7786937564141048,4.142077922821045
SA,plant,sa01,120,GLM,random,0.6034063260340633,0.1424960665739409,0.09868421052631579,0.7123791666666668,0.5295280023407374,0.47967899458370644,6.930992126464844
SA,plant,sa01,120,GLM,tgb,0.618978102189781,0.13643377950102956,0.09868421052631579,0.5617041666666667,0.42503495698088417,0.44065311868942214,0.3499314785003662
SA,plant,sa01,120,BRT,random,0.6715328467153285,0.17977355504471498,0.09868421052631579,0.7066208333333334,0.5364007213335202,0.45442063875538075,5.726236343383789
SA,plant,sa01,120,BRT,tgb,0.6209245742092457,0.14201318111974634,0.09868421052631579,0.6131791666666666,0.49916759149188517,0.4646374290318345,2.395265579223633
SA,plant,sa02,150,GLM,random,0.666329625884732,0.22306468064540858,0.1513157894736842,0.8238100000000002,0.7116773930002045,0.6401427915166594,6.885023355484009
SA,plant,sa02,150,GLM,tgb,0.6080215706100438,0.15352724438659732,0.1513157894736842,0.76842,0.6334170793575555,0.6401686765692812,0.3914921283721924
SA,plant,sa02,150,BRT,random,0.6066734074823054,0.11448703876635755,0.1513157894736842,0.8177133333333334,0.6780498264303828,0.575794987936159,5.640710353851318
SA,plant,sa02,150,BRT,tgb,0.6006066734074823,0.07630955458503691,0.1513157894736842,0.7607533333333334,0.5985391184849433,0.537366736539213,2.3748016357421875
SA,plant,sa03,28,GLM,random,0.8828125,0.34378845226107285,0.05263157894736842,0.8189866666666668,0.6376731730745764,0.6157936514792618,3.6252405643463135
SA,plant,sa03,28,GLM,tgb,0.8845486111111112,0.3419910072532473,0.05263157894736842,0.7868233333333333,0.6083917427052764,0.5669584753252822,0.54581618309021
SA,plant,sa03,28,BRT,random,0.8550347222222222,0.6009964735276124,0.05263157894736842,0.7516133333333334,0.4892520538957427,0.4331174967481988,6.317943096160889
SA,plant,sa03,28,BRT,tgb,0.868923611111111,0.46637373062700554,0.05263157894736842,0.7879533333333334,0.5641535978495523,0.46648151782348296,1.9450247287750244
SA,plant,sa04,60,GLM,random,0.926961926961927,0.4286148903839486,0.05921052631578947,0.8217916666666667,0.7091083886918342,0.7142520310299503,4.451938152313232
SA,plant,sa04,60,GLM,tgb,0.9463869463869464,0.46626483185441997,0.05921052631578947,0.7970166666666667,0.7490955424173705,0.7464185575308668,0.6263735294342041
SA,plant,sa04,60,BRT,random,0.9316239316239315,0.49695531563191586,0.05921052631578947,0.8141083333333332,0.6400501218994441,0.6161745283192677,7.001928329467773
SA,plant,sa04,60,BRT,tgb,0.9324009324009324,0.4256549584134708,0.05921052631578947,0.7620083333333334,0.5949250942696147,0.5801681540149275,2.314495325088501
SA,plant,sa05,61,GLM,random,0.9024630541871921,0.3303326091011415,0.046052631578947366,0.8780647435897435,0.6808193486668742,0.6078218405231169,5.408233642578125
SA,plant,sa05,61,GLM,tgb,0.8620689655172413,0.2809876762432465,0.046052631578947366,0.8443384615384616,0.530544927616824,0.4860360652384995,0.8344368934631348
SA,plant,sa05,61,BRT,random,0.903448275862069,0.4350249585314932,0.046052631578947366,0.8902371794871795,0.6126273145382723,0.5378891680243967,6.15402364730835
SA,plant,sa05,61,BRT,tgb,0.9152709359605912,0.4758140583912932,0.046052631578947366,0.8598147435897434,0.5826192299594771,0.5074519012937444,2.2719523906707764
SA,plant,sa06,32,GLM,random,0.9261083743842364,0.4061648046325021,0.046052631578947366,0.797052380952381,0.5233185221867338,0.5317058887184978,4.520557403564453
SA,plant,sa06,32,GLM,tgb,0.9448275862068966,0.43031342411511264,0.046052631578947366,0.7754380952380953,0.5466759865239481,0.5562647915365992,0.5873448848724365
SA,plant,sa06,32,BRT,random,0.9389162561576355,0.4204797137053776,0.046052631578947366,0.7618142857142857,0.39554140520701675,0.37964530508711763,6.865428447723389
SA,plant,sa06,32,BRT,tgb,0.9162561576354681,0.37637736103574826,0.046052631578947366,0.7883380952380952,0.5429748077768377,0.5275598618266127,2.2962677478790283
SA,plant,sa07,17,GLM,random,0.8767361111111112,0.3466817591158347,0.05263157894736842,0.931175,0.9575289575289575,0.946969696969697,2.684325695037842
SA,plant,sa07,17,GLM,tgb,0.8697916666666667,0.3401671633363955,0.05263157894736842,0.9192499999999999,0.9884169884169884,0.9545454545454546,0.4051954746246338
SA,plant,sa07,17,BRT,random,0.578125,0.20936315943356262,0.05263157894736842,0.9195249999999999,0.9507722007722007,0.9393939393939393,5.562536001205444
SA,plant,sa07,17,BRT,tgb,0.8346354166666667,0.30120258798260674,0.05263157894736842,0.9432750000000001,0.9276061776061776,0.9318181818181818,1.193631649017334
SA,plant,sa08,35,GLM,random,0.982638888888889,0.4306296490911161,0.05263157894736842,0.8726142857142858,0.7390159363976857,0.6687854458697389,4.083338737487793
SA,plant,sa08,35,GLM,tgb,0.9878472222222222,0.4957709832661996,0.05263157894736842,0.8430714285714286,0.7216288371073027,0.709613940656894,0.6685831546783447
SA,plant,sa08,35,BRT,random,0.9513888888888888,0.4698130755937189,0.05263157894736842,0.7973857142857143,0.5468364129962072,0.5035949371939845,7.044739484786987
SA,plant,sa08,35,BRT,tgb,0.9322916666666667,0.38924814514788414,0.05263157894736842,0.8134571428571429,0.7163363704402674,0.6794623276850762,2.2970361709594727
SA,plant,sa09,49,GLM,random,0.8598591549295774,0.3933559323045431,0.06578947368421052,0.7609888888888889,0.672941642988723,0.7209307814805164,0.5468254089355469
SA,plant,sa09,49,GLM,tgb,0.8619718309859155,0.39126682953135244,0.06578947368421052,0.7680044444444445,0.6827950473641449,0.7071924616166421,0.18293356895446777
SA,plant,sa09,49,BRT,random,0.7992957746478873,0.3429152600980653,0.06578947368421052,0.7825155555555556,0.6580162827503357,0.6681895271578778,5.194230794906616
SA,plant,sa09,49,BRT,tgb,0.8507042253521127,0.31256107170542646,0.06578947368421052,0.7638577777777777,0.6923978634585766,0.7024326566462034,2.0157177448272705
SA,plant,sa10,99,GLM,random,0.5573310905522848,0.08902956127048373,0.19078947368421054,0.7185128947368421,0.4593058943026481,0.4282715890165246,0.7216863632202148
SA,plant,sa10,99,GLM,tgb,0.5620970002803476,0.08324964828006626,0.19078947368421054,0.6616610526315789,0.46058363922450385,0.44202289413505624,0.2834033966064453
SA,plant,sa10,99,BRT,random,0.5895710681244744,0.12029916756268355,0.19078947368421054,0.7009339473684211,0.531526063146135,0.444394726728396,7.628442287445068
SA,plant,sa10,99,BRT,tgb,0.5817213344547238,0.10911434863005527,0.19078947368421054,0.6435773684210526,0.5035055609301422,0.4720755259350745,7.0622100830078125
SA,plant,sa11,35,GLM,random,0.7491319444444444,0.19259763761484228,0.05263157894736842,0.8359285714285715,0.8062665755578488,0.8118474819653285,0.5105388164520264
SA,plant,sa11,35,GLM,tgb,0.7560763888888888,0.19726034093595185,0.05263157894736842,0.8140428571428572,0.8259597681508777,0.8335301040739527,0.19664525985717773
SA,plant,sa11,35,BRT,random,0.7855902777777778,0.10272979064547874,0.05263157894736842,0.8446714285714286,0.6719454214809697,0.6716357480082342,8.4740731716156
SA,plant,sa11,35,BRT,tgb,0.8289930555555556,0.1400480224941882,0.05263157894736842,0.7907571428571428,0.667333990677019,0.6814074725354504,5.958071947097778
SA,plant,sa12,203,GLM,random,0.7815085158150852,0.30062021816011314,0.09868421052631579,0.8036101219512195,0.7393922179543168,0.6931756174750747,0.7397913932800293
SA,plant,sa12,203,GLM,tgb,0.8686131386861313,0.38836623282385574,0.09868421052631579,0.7547956097560975,0.7341697626630824,0.714486901495852,0.28801774978637695
SA,plant,sa12,203,BRT,random,0.7868613138686131,0.2754408675420663,0.09868421052631579,0.8083650609756099,0.760086942803691,0.7060651833523218,11.048097372055054
SA,plant,sa12,203,BRT,tgb,0.8690997566909976,0.43241832411935005,0.09868421052631579,0.7551439024390244,0.757524214593303,0.7379078080458572,7.247032880783081
SA,plant,sa13,86,GLM,random,0.8671328671328671,0.3273007702203263,0.05921052631578947,0.7945316993464052,0.5510752149937399,0.5406465099045616,0.6740612983703613
SA,plant,sa13,86,GLM,tgb,0.8477078477078477,0.2966338351645387,0.05921052631578947,0.7462130718954249,0.5370363611650872,0.58990366453797,0.23631787300109863
SA,plant,sa13,86,BRT,random,0.8663558663558664,0.395950123867742,0.05921052631578947,0.8562684640522875,0.5548773802389767,0.5363458284051109,11.090837001800537
SA,plant,sa13,86,BRT,tgb,0.8624708624708625,0.3934344742843689,0.05921052631578947,0.8142431372549019,0.6098230484160875,0.6047927358815681,7.264272451400757
SA,plant,sa14,81,GLM,random,0.858128078817734,0.28656302991448723,0.046052631578947366,0.8381830882352942,0.6801675117978724,0.718996159149222,0.5565731525421143
SA,plant,sa14,81,GLM,tgb,0.7970443349753695,0.25375735117252984,0.046052631578947366,0.7877867647058823,0.6922837849365711,0.7679997908382075,0.19604110717773438
SA,plant,sa14,81,BRT,random,0.8463054187192118,0.2494033241508004,0.046052631578947366,0.8239496323529412,0.522057862717135,0.5314451161840231,8.55043077468872
SA,plant,sa14,81,BRT,tgb,0.825615763546798,0.24727075313261407,0.046052631578947366,0.7908827205882354,0.6279643812848342,0.6643464997771423,5.534865617752075
SA,plant,sa15,88,GLM,random,0.5659367396593674,0.07426177084988195,0.09868421052631579,0.706742156862745,0.5469876922160308,0.48672661743079937,0.7209134101867676
SA,plant,sa15,88,GLM,tgb,0.5469586374695863,0.05370047805166646,0.09868421052631579,0.6377434640522874,0.4829543603763454,0.5195015102186221,0.28726649284362793
SA,plant,sa15,88,BRT,random,0.5576642335766424,0.01416911805082167,0.09868421052631579,0.7474620915032679,0.6404702269849943,0.5268708995650739,13.362368822097778
SA,plant,sa15,88,BRT,tgb,0.5532846715328467,0.043403448180981845,0.09868421052631579,0.6608653594771241,0.5990572081273504,0.5195352786960148,7.811367750167847
SA,plant,sa16,37,GLM,random,0.8088669950738916,0.23187285080423434,0.046052631578947366,0.8105035714285714,0.6137818126224708,0.611951189493937,0.448498010635376
SA,plant,sa16,37,GLM,tgb,0.8758620689655172,0.31436757074163324,0.046052631578947366,0.7806714285714286,0.6975574575353312,0.7053464479512065,0.16613459587097168
SA,plant,sa16,37,BRT,random,0.9142857142857143,0.19051982067426992,0.046052631578947366,0.7844214285714286,0.692369119160184,0.6921508179730376,10.844658136367798
SA,plant,sa16,37,BRT,tgb,0.9064039408866995,0.4423586233315535,0.046052631578947366,0.7931803571428571,0.680360465428149,0.6959434724563779,6.3937461376190186
SA,plant,sa17,36,GLM,random,0.8723404255319149,0.39483378099227584,0.07236842105263158,0.9114571428571429,0.5053692603841452,0.48675364065794363,2.655017137527466
SA,plant,sa17,36,GLM,tgb,0.8652482269503546,0.39221382310705394,0.07236842105263158,0.8805660714285715,0.4118404480511586,0.4618573029191504,0.5908231735229492
SA,plant,sa17,36,BRT,random,0.8565441650548034,0.4215574843280404,0.07236842105263158,0.9332267857142857,0.6761862210978369,0.6235275543694669,14.25747299194336
SA,plant,sa17,36,BRT,tgb,0.7962604771115409,0.4187088215933915,0.07236842105263158,0.8893678571428572,0.686880155197914,0.6725756819502227,6.2709057331085205
SA,plant,sa18,123,GLM,random,0.7609814008705975,0.31380719434529847,0.125,0.7406245,0.5686592378006784,0.508388435426163,7.84835958480835
SA,plant,sa18,123,GLM,tgb,0.6248516026909379,0.12680519647552252,0.125,0.6488481666666667,0.4840311229296703,0.5178665953817126,1.199387550354004
SA,plant,sa18,123,BRT,random,0.6770874554808073,0.2191339595423968,0.125,0.7343808333333334,0.5569838550740623,0.5001212254561219,16.37204146385193
SA,plant,sa18,123,BRT,tgb,0.556390977443609,0.07531776522853205,0.125,0.661382,0.5029228954820664,0.4902269899894153,6.533244371414185
SA,plant,sa19,36,GLM,random,0.8352758352758353,0.29042977763801836,0.05921052631578947,0.8781803571428572,0.6780275144180686,0.6064713846864124,3.3283073902130127
SA,plant,sa19,36,GLM,tgb,0.871017871017871,0.3325503395241244,0.05921052631578947,0.8523714285714284,0.6206033517950279,0.5742374036685844,0.5752460956573486
SA,plant,sa19,36,BRT,random,0.8764568764568765,0.34021378414975756,0.05921052631578947,0.8671214285714285,0.6731380193898232,0.599093302746999,13.886152267456055
SA,plant,sa19,36,BRT,tgb,0.8927738927738927,0.36487412610350367,0.05921052631578947,0.7928089285714286,0.5640801995896255,0.5159069791444705,5.318009614944458
SA,plant,sa20,54,GLM,random,0.767605633802817,0.22479967777366372,0.06578947368421052,0.7463572727272727,0.638292878476457,0.624294712087295,4.664585590362549
SA,plant,sa20,54,GLM,tgb,0.8028169014084507,0.2647628581416318,0.06578947368421052,0.7009199999999999,0.6427525216205476,0.6604570683385272,0.929750919342041
SA,plant,sa20,54,BRT,random,0.7873239436619719,0.180331631982723,0.06578947368421052,0.7243281818181818,0.7066594931743679,0.6685394005353704,16.749678134918213
SA,plant,sa20,54,BRT,tgb,0.7943661971830986,0.11598634961092638,0.06578947368421052,0.694519090909091,0.7171964039570318,0.6922226050886174,6.356106519699097
SA,plant,sa21,27,GLM,random,0.8007747648035419,0.28070942876949534,0.08552631578947369,0.8037833333333333,0.5046656774511635,0.39253206759744624,3.858286142349243
SA,plant,sa21,27,GLM,tgb,0.7670171555063643,0.27011636470675765,0.08552631578947369,0.7408333333333333,0.5110866351480303,0.39918516350881994,0.8320703506469727
SA,plant,sa21,27,BRT,random,0.7542888765910348,0.39462314814937005,0.08552631578947369,0.7932133333333333,0.6395175681867568,0.527237891809851,13.106616020202637
SA,plant,sa21,27,BRT,tgb,0.7570558937465413,0.29302945372006006,0.08552631578947369,0.7915266666666666,0.6113247602912192,0.4677350385835428,4.575392484664917
SA,plant,sa22,57,GLM,random,0.8813668600902644,0.3796833777149615,0.07236842105263158,0.9150666666666666,0.658470999225586,0.5933587832511278,3.953296184539795
SA,plant,sa22,57,GLM,tgb,0.8665377176015474,0.381483318867181,0.07236842105263158,0.8928098484848486,0.6293410152670603,0.5874697250295337,0.7949440479278564
SA,plant,sa22,57,BRT,random,0.8072211476466796,0.1711313521500478,0.07236842105263158,0.8977890151515151,0.6590388113379241,0.611259315954292,12.984997034072876
SA,plant,sa22,57,BRT,tgb,0.8252740167633784,0.2468249795588248,0.07236842105263158,0.8893465909090909,0.5896661218596937,0.5497580237412772,4.782980680465698
SA,plant,sa23,55,GLM,random,0.8888888888888888,0.33059652975562953,0.05263157894736842,0.8751454545454547,0.6767554771239583,0.5623058857498253,4.610836029052734
SA,plant,sa23,55,GLM,tgb,0.8793402777777779,0.3367156431084189,0.05263157894736842,0.8435454545454546,0.5869021369284724,0.5600222406257471,0.789010763168335
SA,plant,sa23,55,BRT,random,0.8315972222222221,0.2934518397523536,0.05263157894736842,0.8569636363636363,0.5121063543420187,0.43766003895740213,14.530380487442017
SA,plant,sa23,55,BRT,tgb,0.8307291666666667,0.18356279803826195,0.05263157894736842,0.8214454545454546,0.4498112012777199,0.4176576236627845,5.686290740966797
SA,plant,sa24,138,GLM,random,0.7473645946928389,0.3033147502791968,0.13815789473684212,0.758033201058201,0.5431805228145277,0.5659254248533343,6.102196216583252
SA,plant,sa24,138,GLM,tgb,0.7778989458378771,0.3511115654925884,0.13815789473684212,0.718987037037037,0.5594560693866992,0.5807499451657259,0.9462141990661621
SA,plant,sa24,138,BRT,random,0.7978916757542711,0.35672622864833453,0.13815789473684212,0.786088888888889,0.6278591311099635,0.6134194831039815,13.640608310699463
SA,plant,sa24,138,BRT,tgb,0.7797164667393675,0.30428259986667455,0.13815789473684212,0.731113425925926,0.6138540358775243,0.6122441804642954,5.340196847915649
SA,plant,sa25,66,GLM,random,0.6682206682206683,0.1330172384564146,0.05921052631578947,0.8179010989010989,0.6767398011181447,0.6447788000130729,4.680214166641235
SA,plant,sa25,66,GLM,tgb,0.6767676767676767,0.15459061841406005,0.05921052631578947,0.77545,0.6144318615513281,0.5979297516648703,0.8296515941619873
SA,plant,sa25,66,BRT,random,0.7886557886557887,0.2523913503031872,0.05921052631578947,0.8278928571428572,0.6667782459879388,0.6077400318883195,14.665510654449463
SA,plant,sa25,66,BRT,tgb,0.7226107226107226,0.13405156572877222,0.05921052631578947,0.7691434065934067,0.6234810053845992,0.5877046887724012,5.054582118988037
SA,plant,sa26,216,GLM,random,0.6764444444444444,0.2575570198296598,0.17763157894736842,0.7322623150105708,0.5030573670872266,0.4566776960696986,8.292087078094482
SA,plant,sa26,216,GLM,tgb,0.6361481481481481,0.1827373995039468,0.17763157894736842,0.6367478858350951,0.5075340140364335,0.5030836063225479,1.0750956535339355
SA,plant,sa26,216,BRT,random,0.7108148148148149,0.2850231000739792,0.17763157894736842,0.7541303911205074,0.5705336411351303,0.5161859873722406,9.84272313117981
SA,plant,sa26,216,BRT,tgb,0.6915555555555555,0.2642496545407193,0.17763157894736842,0.6557806553911204,0.5306451522289378,0.5495935618248854,3.0683648586273193
SA,plant,sa27,38,GLM,random,0.8616938616938616,0.34358249678064445,0.05921052631578947,0.8594446428571431,0.6736480935764019,0.6533267514953575,3.2347829341888428
SA,plant,sa27,38,GLM,tgb,0.8912198912198912,0.37741150012175656,0.05921052631578947,0.8550339285714286,0.654813247416948,0.6096799663883269,0.5232946872711182
SA,plant,sa27,38,BRT,random,0.9261849261849262,0.5728518746287582,0.05921052631578947,0.8607178571428571,0.6948189769462892,0.6845908588745839,9.015393495559692
SA,plant,sa27,38,BRT,tgb,0.9075369075369075,0.5964937653838049,0.05921052631578947,0.8542232142857143,0.6880876275115971,0.6362569242484578,2.958986759185791
SA,plant,sa28,43,GLM,random,0.7246478873239436,0.1807513959838234,0.06578947368421052,0.8307694444444443,0.6948559244324979,0.6265909555077981,3.8942575454711914
SA,plant,sa28,43,GLM,tgb,0.7647887323943662,0.23459235055127278,0.06578947368421052,0.7909027777777777,0.6228845164908596,0.6108296823590934,0.5575294494628906
SA,plant,sa28,43,BRT,random,0.7894366197183098,0.24881177936008275,0.06578947368421052,0.7989222222222222,0.6199006795863926,0.5574429726302013,10.411783695220947
SA,plant,sa28,43,BRT,tgb,0.7866197183098592,0.26015852185812854,0.06578947368421052,0.7593222222222222,0.6362308547479906,0.5669531028014536,3.2493369579315186
SA,plant,sa29,61,GLM,random,0.7909867909867909,0.23836926777000772,0.05921052631578947,0.7273762820512821,0.6202664033224707,0.6013846172708777,4.145349502563477
SA,plant,sa29,61,GLM,tgb,0.7342657342657343,0.19807893235384633,0.05921052631578947,0.6685807692307691,0.5282792517615336,0.6155340019157268,0.6151812076568604
SA,plant,sa29,61,BRT,random,0.8352758352758353,0.42438758381374486,0.05921052631578947,0.6795769230769231,0.6127207886160083,0.5662999988168387,9.493638753890991
SA,plant,sa29,61,BRT,tgb,0.7536907536907537,0.24343044508109873,0.05921052631578947,0.6564038461538462,0.6166023225334704,0.5983832386274269,2.881326198577881
SA,plant,sa30,88,GLM,random,0.6068965517241378,0.07480723933728305,0.046052631578947366,0.7365222222222222,0.5574477315370859,0.5961763337895846,4.142736434936523
SA,plant,sa30,88,GLM,tgb,0.6197044334975369,0.1013478657826891,0.046052631578947366,0.7124931372549019,0.5749628243317694,0.5813847528863448,0.45233893394470215
SA,plant,sa30,88,BRT,random,0.658128078817734,0.013621324216987729,0.046052631578947366,0.7423313725490195,0.5596432122337565,0.5564392276082195,7.722839832305908
SA,plant,sa30,88,BRT,tgb,0.7625615763546798,0.11316584936011434,0.046052631578947366,0.7135437908496731,0.5791229504802063,0.5881527665083649,2.6507418155670166
SWI,tree,swi01,482,GLM,random,0.8269773251743964,0.1268631727795497,0.010686108059522621,0.936491376718213,0.895972930690602,0.6894811205009908,11.59831976890564
SWI,tree,swi01,482,GLM,tgb,0.8462680033435792,0.14419749770380458,0.010686108059522621,0.8649203178694158,0.8238796763213557,0.7482577220889233,12.402644872665405
SWI,tree,swi01,482,BRT,random,0.8505691820873218,0.1458447847167849,0.010686108059522621,0.9427893900343642,0.9153750296967372,0.7500679251905029,18.965753316879272
SWI,tree,swi01,482,BRT,tgb,0.8612641069039626,0.16216154138626238,0.010686108059522621,0.8846273518041237,0.828827675513579,0.7720607964554163,20.500591278076172
SWI,tree,swi02,1245,GLM,random,0.7551057487383724,0.1538813354399104,0.029761310296614402,0.9301895582329317,0.9030587378195621,0.7348066145221279,16.677049160003662
SWI,tree,swi02,1245,GLM,tgb,0.7883121997050156,0.18152200153777315,0.029761310296614402,0.863939357429719,0.8163304988715939,0.7542689154235441,15.705137968063354
SWI,tree,swi02,1245,BRT,random,0.7633442369269137,0.16017173391312411,0.029761310296614402,0.9407582329317268,0.9187841531277587,0.7586243242708892,17.918153524398804
SWI,tree,swi02,1245,BRT,tgb,0.7951790457570974,0.18988069675265898,0.029761310296614402,0.8959903614457831,0.8341356348443997,0.766002302266458,22.339600563049316
SWI,tree,swi03,291,GLM,random,0.6549916457513187,0.05764897689837396,0.014181563966843103,0.8995817650496786,0.8042125793574286,0.7332233114134146,12.08782696723938
SWI,tree,swi03,291,GLM,tgb,0.6712135848216643,0.06821535360338478,0.014181563966843103,0.7811849503214494,0.7352391681930823,0.8057216499428621,14.244008779525757
SWI,tree,swi03,291,BRT,random,0.7003728377763287,0.07329346250580066,0.014181563966843103,0.9296712741087083,0.821921496737392,0.7540453569477922,18.851370334625244
SWI,tree,swi03,291,BRT,tgb,0.7252843369608798,0.08349274731010235,0.014181563966843103,0.8244274108708357,0.6874075017128233,0.8180618780762151,21.5701003074646
SWI,tree,swi04,710,GLM,random,0.8698786973855643,0.1644802932364255,0.011884550084889643,0.9489887323943662,0.9201844257480438,0.7602451943810151,13.519790649414062
SWI,tree,swi04,710,GLM,tgb,0.9078917194530934,0.20534703407494315,0.011884550084889643,0.8639014084507041,0.8062199321960313,0.8005989268891411,14.299713134765625
SWI,tree,swi04,710,BRT,random,0.8779720499479354,0.1743599640278221,0.011884550084889643,0.9552471830985916,0.9324001719124887,0.8062449570069378,18.460455894470215
SWI,tree,swi04,710,BRT,tgb,0.9052146025177811,0.20908950246928104,0.011884550084889643,0.8848669014084507,0.8298843226345302,0.82876561849033,21.48820209503174
SWI,tree,swi05,91,GLM,random,0.9919680439824757,0.34819926991028294,0.0034954559073204832,0.9965932748538012,0.9992272024729522,0.9991193306913254,3.948505401611328
SWI,tree,swi05,91,GLM,tgb,0.9935486642041061,0.4021795150386646,0.0034954559073204832,0.9933938596491227,0.9992272024729522,0.9984588287098194,4.937123775482178
SWI,tree,swi05,91,BRT,random,0.9676402370930333,0.49851070354669574,0.0034954559073204832,0.9972327485380117,0.9976816074188563,0.9944958168207839,11.642980813980103
SWI,tree,swi05,91,BRT,tgb,0.9652406723362826,0.4754829607901087,0.0034954559073204832,0.996654970760234,0.997166409067491,0.9960369881109643,12.424491167068481
SWI,tree,swi06,5822,GLM,random,0.7082352189161776,0.3574950428060791,0.6943972835314092,0.8702147979071724,0.8332417233756704,0.590258538126322,20.744497060775757
SWI,tree,swi06,5822,GLM,tgb,0.8355777681895904,0.5772328146702518,0.6943972835314092,0.7098073438122207,0.6766570932486677,0.7390991144636061,17.16911268234253
SWI,tree,swi06,5822,BRT,random,0.7224838293340252,0.38516616783289287,0.6943972835314092,0.8780209576641154,0.8525176130057985,0.658299272159687,23.674213647842407
SWI,tree,swi06,5822,BRT,tgb,0.8438533608946719,0.5835087579945339,0.6943972835314092,0.7600833596227307,0.7239392880638699,0.7733194629873215,26.321281909942627
SWI,tree,swi07,857,GLM,random,0.9081312954257496,0.2593017078047993,0.022171177469289923,0.9599533115735073,0.9178555883954118,0.7880209827708224,14.094419717788696
SWI,tree,swi07,857,GLM,tgb,0.9262307450950082,0.2966763639431973,0.022171177469289923,0.8820162620699035,0.8062460603056749,0.8080624642362306,15.988441944122314
SWI,tree,swi07,857,BRT,random,0.9210867490920601,0.28184956681574264,0.022171177469289923,0.9642779579763362,0.9381946167581529,0.8529260346248793,17.70975112915039
SWI,tree,swi07,857,BRT,tgb,0.9350584881684871,0.31772032057755323,0.022171177469289923,0.9046646606827146,0.8359768522945717,0.8719815430329358,21.935132265090942
SWI,tree,swi08,1452,GLM,random,0.8475627611751299,0.2756746142092393,0.04763807050833916,0.9485291859225027,0.9185260848893939,0.7712637329635483,14.80057978630066
SWI,tree,swi08,1452,GLM,tgb,0.8649058450466423,0.3035362048434523,0.04763807050833916,0.892990231070032,0.8461429919859077,0.7953239302692695,16.929670095443726
SWI,tree,swi08,1452,BRT,random,0.8634531133482476,0.29448857955586,0.04763807050833916,0.9557576573053679,0.926883922258769,0.7987757213065985,18.52738118171692
SWI,tree,swi08,1452,BRT,tgb,0.8689975887467816,0.3128762575560622,0.04763807050833916,0.909264395070506,0.852490803812359,0.8029990416875158,22.761026620864868
SWI,tree,swi09,937,GLM,random,0.7988295623870921,0.18270226096729314,0.030560271646859084,0.9263359369666627,0.8937797789077857,0.6927941233947026,10.396807670593262
SWI,tree,swi09,937,GLM,tgb,0.8214037306141851,0.20948336157654254,0.030560271646859084,0.8346271333485037,0.7939062056368826,0.7422353676899295,9.88536286354065
SWI,tree,swi09,937,BRT,random,0.8033758402231124,0.18879507160367182,0.030560271646859084,0.9372267209011265,0.9098856888203375,0.72408974160503,21.462822675704956
SWI,tree,swi09,937,BRT,tgb,0.825200936457822,0.2157014999903829,0.030560271646859084,0.8759141597451361,0.8249336487761527,0.7537414216031033,23.39564847946167
SWI,tree,swi10,2830,GLM,random,0.7598015103876616,0.3080334547234579,0.13642265055427943,0.9177917844522968,0.885207063869698,0.7033831039961544,15.506767272949219
SWI,tree,swi10,2830,GLM,tgb,0.8089050256683951,0.3722905256541821,0.13642265055427943,0.7822165194346289,0.7579137706696408,0.7793540674897681,17.74688458442688
SWI,tree,swi10,2830,BRT,random,0.7651682613711269,0.3172151798220434,0.13642265055427943,0.9264308303886926,0.9047298127217489,0.7458897947901473,20.887773752212524
SWI,tree,swi10,2830,BRT,tgb,0.8171245166486875,0.3795419584715023,0.13642265055427943,0.8088378975265018,0.7684041940667605,0.7861467356025807,20.22915482521057
SWI,tree,swi11,749,GLM,random,0.8274519279287672,0.13422420237912056,0.010386497553180865,0.9527301118568232,0.9200497889143959,0.7598148246479163,11.846125364303589
SWI,tree,swi11,749,GLM,tgb,0.8408527213023126,0.1495209507088025,0.010386497553180865,0.9055129082774049,0.8557581101300059,0.7905208352823957,13.83903956413269
SWI,tree,swi11,749,BRT,random,0.8654496300954067,0.1561000484244945,0.010386497553180865,0.9605806174496646,0.9324435213338551,0.8059958271820588,19.73939561843872
SWI,tree,swi11,749,BRT,tgb,0.8666082504638364,0.1607149467156838,0.010386497553180865,0.9234547695749441,0.8606585449772354,0.811463411364983,18.58858323097229
SWI,tree,swi12,37,GLM,random,0.6628590013009106,0.04555828878813836,0.001997403375611705,0.9076410714285714,0.9085088744469664,0.921072690764699,6.1946861743927
SWI,tree,swi12,37,GLM,tgb,0.66413989792855,0.06177460241404227,0.001997403375611705,0.8808785714285715,0.8670956964769502,0.9600871617331524,7.8466973304748535
SWI,tree,swi12,37,BRT,random,0.6940958671069748,0.03663573005452456,0.001997403375611705,0.8970732142857143,0.8831803438334935,0.9007890109840258,18.637659788131714
SWI,tree,swi12,37,BRT,tgb,0.7035274692284599,0.07389304394071868,0.001997403375611705,0.8743285714285713,0.8138766374540035,0.9299813860932815,18.30078673362732
SWI,tree,swi13,3357,GLM,random,0.7533328369519269,0.39777446944451067,0.3321681813642265,0.8950351989967,0.8501813786114247,0.6571802262521738,17.65745973587036
SWI,tree,swi13,3357,GLM,tgb,0.7910026553707525,0.4563767316606592,0.3321681813642265,0.7776727593188915,0.7041865338794038,0.7142940440654024,16.30663537979126
SWI,tree,swi13,3357,BRT,random,0.7585120418802028,0.40983463340866355,0.3321681813642265,0.902453387246292,0.8708017611126568,0.6919887823685997,20.021585702896118
SWI,tree,swi13,3357,BRT,tgb,0.8131715705462739,0.4807219007208725,0.3321681813642265,0.837346011749521,0.7760858057370064,0.7421458845342326,20.89997673034668
SWI,tree,swi14,2142,GLM,random,0.7984787630018684,0.3079060199550381,0.09767302506741236,0.9276173912925081,0.877759097263507,0.6909460114894197,16.534038305282593
SWI,tree,swi14,2142,GLM,tgb,0.8108187541519404,0.33435850192938077,0.09767302506741236,0.8460314944012373,0.7563662293432535,0.69812438453877,16.754570722579956
SWI,tree,swi14,2142,BRT,random,0.810434653692808,0.32149976463938995,0.09767302506741236,0.9336466246759472,0.9079518733934974,0.7575073434428006,19.57159399986267
SWI,tree,swi14,2142,BRT,tgb,0.8202541128965635,0.34650178959439065,0.09767302506741236,0.8746171925037579,0.8190042715277757,0.7700494134902611,20.390455961227417
SWI,tree,swi15,297,GLM,random,0.7848443781698855,0.12453825809125518,0.013382602616598422,0.9541881355932205,0.9285244672891343,0.8474596797619232,11.366169929504395
SWI,tree,swi15,297,GLM,tgb,0.8217045655415604,0.15902179892680549,0.013382602616598422,0.8924237570621468,0.8446283665862936,0.8662759984081465,12.449835538864136
SWI,tree,swi15,297,BRT,random,0.7769239136839338,0.13380457364098125,0.013382602616598422,0.9641793220338982,0.9237764751304978,0.8441787058030327,18.614421844482422
SWI,tree,swi15,297,BRT,tgb,0.8164386086572906,0.16117549794805383,0.013382602616598422,0.9064660734463278,0.8320651993836774,0.8553146507414058,18.71946883201599
SWI,tree,swi16,734,GLM,random,0.8371408040304176,0.24664425971416326,0.03944871666833117,0.9399752585965894,0.9232493205080722,0.8150128510519968,12.57530426979065
SWI,tree,swi16,734,GLM,tgb,0.8661681288512311,0.28885551385604813,0.03944871666833117,0.8280972136799924,0.8029965146881383,0.87227144003521,12.19041919708252
SWI,tree,swi16,734,BRT,random,0.848444504107541,0.26078858524523185,0.03944871666833117,0.9459252539371914,0.9258469211507843,0.8341972191168606,17.15135931968689
SWI,tree,swi16,734,BRT,tgb,0.8727780980282223,0.29880630300759875,0.03944871666833117,0.8359837107445719,0.8068994985163206,0.8724120213712352,19.57552719116211
SWI,tree,swi17,458,GLM,random,0.9867657587132085,0.5972727324314493,0.030760011984420254,0.9859780697563305,0.9444579410438715,0.8889144111211607,8.23951768875122
SWI,tree,swi17,458,GLM,tgb,0.9901386351927309,0.6915530150699317,0.030760011984420254,0.9757480172001912,0.8531293716295323,0.8604865359303275,9.401817321777344
SWI,tree,swi17,458,BRT,random,0.9839592658758038,0.7077423260639635,0.030760011984420254,0.9882527472527473,0.9495892392901393,0.8638478108731495,17.35463309288025
SWI,tree,swi17,458,BRT,tgb,0.9889493299075988,0.7568773703843275,0.030760011984420254,0.9770759794553273,0.7832128604191322,0.8043956328772065,20.27184557914734
SWI,tree,swi18,382,GLM,random,0.9491377251966018,0.12867731129793747,0.0025966243882952164,0.9788147983595351,0.9444500382711661,0.8604589829616038,7.560046672821045
SWI,tree,swi18,382,GLM,tgb,0.9481941909097211,0.14185088070050333,0.0025966243882952164,0.9660822624743677,0.9060591593683617,0.8633850921229748,10.149559736251831
SWI,tree,swi18,382,BRT,random,0.941535534656592,0.13309722023841414,0.0025966243882952164,0.9847041182501709,0.9611994362297314,0.8798545340997718,18.97674560546875
SWI,tree,swi18,382,BRT,tgb,0.927617441135014,0.11854698183844868,0.0025966243882952164,0.9732199248120301,0.914803014866972,0.8720327372324718,21.738420486450195
SWI,tree,swi19,36,GLM,random,0.8737137019053537,0.10626064309068964,0.0018975332068311196,0.96925,0.9552630545323078,0.919067198824183,4.924915790557861
SWI,tree,swi19,36,GLM,tgb,0.8940943513476507,0.13485892988625622,0.0018975332068311196,0.9360624999999999,0.9112136560540994,0.9533287880234038,5.505233526229858
SWI,tree,swi19,36,BRT,random,0.8820292175305183,0.07680070991098567,0.0018975332068311196,0.9630017857142856,0.9287353912743403,0.8973514951739012,16.651853799819946
SWI,tree,swi19,36,BRT,tgb,0.9194464046849161,0.07144519510561294,0.0018975332068311196,0.9338446428571429,0.9195047488736131,0.9474444651264955,19.478210926055908
SWI,tree,swi20,613,GLM,random,0.7506460026620385,0.14230318293814292,0.0270648157395386,0.9293755231240837,0.9066227132870086,0.7319552854407185,9.920451402664185
SWI,tree,swi20,613,GLM,tgb,0.8044064540419578,0.18439987543653388,0.0270648157395386,0.7848143942423031,0.7534990373182666,0.7901295662977648,13.309641122817993
SWI,tree,swi20,613,BRT,random,0.7595487564401411,0.14702152060166307,0.0270648157395386,0.9318380514460882,0.9078598304330832,0.7524969556769523,20.490524768829346
SWI,tree,swi20,613,BRT,tgb,0.7969180502726809,0.18363693761537095,0.0270648157395386,0.8095587231773956,0.7625160757118083,0.7786267571380558,19.251503467559814
SWI,tree,swi21,426,GLM,random,0.7153077251433825,0.10757234108886522,0.022370917806851093,0.8882979343365254,0.8423521167711661,0.6955531949133735,9.926862239837646
SWI,tree,swi21,426,GLM,tgb,0.7632163653079989,0.13830318040183937,0.022370917806851093,0.7826639124487004,0.7173111243587528,0.7254110867480128,13.734147310256958
SWI,tree,swi21,426,BRT,random,0.7374202822409994,0.12618436093269061,0.022370917806851093,0.904268248974008,0.8840889490278299,0.7406326927003142,19.91129755973816
SWI,tree,swi21,426,BRT,tgb,0.7681836755541935,0.15276526121822942,0.022370917806851093,0.8053116142270863,0.7372181532690242,0.7572633080398107,19.045142650604248
SWI,tree,swi22,560,GLM,random,0.8543316108162005,0.19327439337806562,0.018176370718066513,0.9540276785714286,0.9289666275930701,0.7857863698390595,10.709840297698975
SWI,tree,swi22,560,GLM,tgb,0.8543645856737098,0.2117226313005543,0.018176370718066513,0.8932589285714286,0.8469646232433338,0.8258643050628842,13.357482671737671
SWI,tree,swi22,560,BRT,random,0.8718686460523506,0.2138106773904765,0.018176370718066513,0.9619107142857143,0.9272518427223686,0.7869971419169683,18.987218856811523
SWI,tree,swi22,560,BRT,tgb,0.8689595929449454,0.23436977502233064,0.018176370718066513,0.9203026785714286,0.8294636019726458,0.8012251410042562,19.126083374023438
SWI,tree,swi23,986,GLM,random,0.7463170853655086,0.29112958305522174,0.14910616198941376,0.8903992283238477,0.8265855127139246,0.6573283312513991,13.407184839248657
SWI,tree,swi23,986,GLM,tgb,0.8673069787333062,0.5242996461942715,0.14910616198941376,0.700247443982977,0.6137750154023529,0.7029225831748082,14.94066047668457
SWI,tree,swi23,986,BRT,random,0.788248760255213,0.3601608643623684,0.14910616198941376,0.9069033200020511,0.8481589542623235,0.662187236450918,18.299185514450073
SWI,tree,swi23,986,BRT,tgb,0.8787258379479826,0.5368537734659231,0.14910616198941376,0.7514872532430908,0.6571321998057865,0.7389998786026946,18.524149179458618
SWI,tree,swi24,293,GLM,random,0.5993426522264469,0.056700072643560154,0.027763906921002696,0.8535822618351843,0.7735964492933053,0.6399933794702408,11.50349497795105
SWI,tree,swi24,293,GLM,tgb,0.6620548861373151,0.10344270897543449,0.027763906921002696,0.7084716247808298,0.6175398636470194,0.7086138187669192,11.488658428192139
SWI,tree,swi24,293,BRT,random,0.6645834026153499,0.09534483261125974,0.027763906921002696,0.8849901227352426,0.8197360177198278,0.6657371659306845,18.30266237258911
SWI,tree,swi24,293,BRT,tgb,0.7039588668048613,0.1449712581035602,0.027763906921002696,0.7365155464640561,0.6599470532617902,0.7486527711954333,19.075620889663696
SWI,tree,swi25,279,GLM,random,0.9737488448064648,0.41544927021985584,0.023769100169779286,0.9500721103896103,0.8836362231106966,0.9258046812138592,8.477766513824463
SWI,tree,swi25,279,GLM,tgb,0.9824268735627244,0.4651708569352557,0.023769100169779286,0.8765106493506494,0.820899186376757,0.9649623247757799,11.177476167678833
SWI,tree,swi25,279,BRT,random,0.9712583550044059,0.4762891348570347,0.023769100169779286,0.964418116883117,0.890747291720074,0.9235919539543648,16.377918481826782
SWI,tree,swi25,279,BRT,tgb,0.9804560596617165,0.5123404276293735,0.023769100169779286,0.9104355519480519,0.7755925614598812,0.9502862655487212,16.130375385284424
SWI,tree,swi26,89,GLM,random,0.7944013248287094,0.06353731912916345,0.0021971437131728753,0.9302104575163399,0.5953706648844037,0.43253812927178964,5.710436582565308
SWI,tree,swi26,89,GLM,tgb,0.8046150626472917,0.08481954959486941,0.0021971437131728753,0.8904218954248366,0.5185629302210232,0.43604924696873404,7.0057642459869385
SWI,tree,swi26,89,BRT,random,0.8162846561905716,0.14148698248939423,0.0021971437131728753,0.9597143790849673,0.6462418870308851,0.5320049611153364,17.388776779174805
SWI,tree,swi26,89,BRT,tgb,0.8220216376557083,0.1453788843761485,0.0021971437131728753,0.9084849673202614,0.4756544594769713,0.5741647267325249,14.274612665176392
SWI,tree,swi27,468,GLM,random,0.7406662374853875,0.16480234193878057,0.03904923599320883,0.924309597346145,0.8340938722519236,0.6162003977528243,9.971976280212402
SWI,tree,swi27,468,GLM,tgb,0.8094926854007307,0.23315571292797677,0.03904923599320883,0.839239224433768,0.6396039280469243,0.5761306897713326,10.514441013336182
SWI,tree,swi27,468,BRT,random,0.7414017110192381,0.17472712540037255,0.03904923599320883,0.9359419354838711,0.873126848100884,0.6427818224777415,16.30799412727356
SWI,tree,swi27,468,BRT,tgb,0.8022995575463518,0.2444532562156263,0.03904923599320883,0.8792263669640814,0.7019482268456029,0.6161575952271081,11.780948162078857
SWI,tree,swi28,5528,GLM,random,0.8096509768044522,0.5275237913072305,0.4240487366423649,0.8993680016855817,0.8661054411386158,0.6866723450712611,14.210106611251831
SWI,tree,swi28,5528,GLM,tgb,0.8423892220268961,0.5845451218587037,0.4240487366423649,0.7834062670910623,0.7485436523548545,0.7624659274886367,9.688305616378784
SWI,tree,swi28,5528,BRT,random,0.8177010057957219,0.5353044066435716,0.4240487366423649,0.9052999752072202,0.8829280150883154,0.7240899607752043,10.029448509216309
SWI,tree,swi28,5528,BRT,tgb,0.8478153961406448,0.5852777515186168,0.4240487366423649,0.8174925194537407,0.7991767722612487,0.8157451595407998,8.489954710006714
SWI,tree,swi29,154,GLM,random,0.6693564006859679,0.0600289390919519,0.009987016878058523,0.8630546236559141,0.7834765907003493,0.6199410188492612,7.822871208190918
SWI,tree,swi29,154,GLM,tgb,0.6716079895087259,0.06653681330713311,0.009987016878058523,0.7463661290322581,0.6381532538607024,0.6649175660155053,6.767396688461304
SWI,tree,swi29,154,BRT,random,0.6907717139110259,0.06513675762399009,0.009987016878058523,0.8936905376344086,0.826145450874383,0.6591803397520041,11.023648262023926
SWI,tree,swi29,154,BRT,tgb,0.6676293755674367,0.06224876866462675,0.009987016878058523,0.7754074193548387,0.6507639622834133,0.6800168200943033,7.807471990585327
SWI,tree,swi30,2800,GLM,random,0.7261033854505569,0.2723446565007528,0.15180265654648956,0.9025490178571429,0.8653212200341234,0.6659662641753964,11.340969800949097
SWI,tree,swi30,2800,GLM,tgb,0.764020602105759,0.324371195936382,0.15180265654648956,0.8028086607142857,0.7625548526620293,0.7507894916800106,6.776150465011597
SWI,tree,swi30,2800,BRT,random,0.7247500263374791,0.2736142960737807,0.15180265654648956,0.9122738392857143,0.8888108321457938,0.7021499019486737,8.062286376953125
SWI,tree,swi30,2800,BRT,tgb,0.766168268605105,0.3252073391257482,0.15180265654648956,0.8372808928571427,0.7988784893790315,0.7604876711882775,7.934232711791992
