region,group,species,n_pres,model,bg,pa_auc,pa_cor,pa_prev,cv_rand_auc,cv_spat_auc,cv_spat_tg_auc,secs
AWT,bird,awt01,178,GLM,random,0.5490883590462834,0.0777568418869046,0.2705882352941176,0.7637096031746032,0.5814956120617704,0.5133996861756083,9.692947626113892
AWT,bird,awt01,178,GLM,tgb,0.721555049088359,0.3385785650797793,0.2705882352941176,0.610138253968254,0.510519886303719,0.5813416123038104,1.2572317123413086
AWT,bird,awt01,178,BRT,random,0.5801849579242637,0.1093818382903655,0.2705882352941176,0.8347539682539683,0.6718841704516159,0.5674509556190419,22.47002863883972
AWT,bird,awt01,178,BRT,tgb,0.7412780504908837,0.3966654132150999,0.2705882352941176,0.6625059523809524,0.5727595822017927,0.6330010840121961,9.709128141403198
AWT,bird,awt01,178,RF,random,0.5364875525946704,0.0664801834541086,0.2705882352941176,0.8393790079365079,0.6334718620071572,0.5185848979585101,29.129486322402958
AWT,bird,awt01,178,RF,tgb,0.7374430224403927,0.373617674960812,0.2705882352941176,0.6419953571428572,0.5357022977145551,0.598392057771202,29.882612228393555
AWT,bird,awt01,178,MaxEnt,random,0.5480364656381487,0.0579180911100463,0.2705882352941176,0.7911830952380952,0.6406386336134678,0.5447587789794953,333.7050347328186
AWT,bird,awt01,178,MaxEnt,tgb,0.7578015427769984,0.407997114111619,0.2705882352941176,0.6086971428571427,0.4991058033467881,0.6152861641202909,7.731835126876831
AWT,bird,awt02,149,GLM,random,0.6599392097264437,0.3812393961442059,0.3088235294117647,0.8088075862068965,0.6615358898186858,0.7499479417704504,8.82980465888977
AWT,bird,awt02,149,GLM,tgb,0.7685106382978724,0.5434534212914094,0.3088235294117647,0.7371637931034483,0.6191610555839616,0.7840293280350086,1.4450018405914309
AWT,bird,awt02,149,BRT,random,0.706099290780142,0.5073296596778069,0.3088235294117647,0.8844498850574712,0.7108808599379166,0.7689282159694798,22.569332361221317
AWT,bird,awt02,149,BRT,tgb,0.7693617021276596,0.5684259241902136,0.3088235294117647,0.8019011494252875,0.6846524538212364,0.825221047147993,8.834336996078491
AWT,bird,awt02,149,RF,random,0.7020466058763932,0.5068714999416337,0.3088235294117647,0.8873259195402298,0.6850697254655587,0.7646785608553535,27.483647108078003
AWT,bird,awt02,149,RF,tgb,0.8348733535967579,0.612244401672172,0.3088235294117647,0.8058860919540229,0.7018668983635709,0.8226198136661873,26.92550826072693
AWT,bird,awt02,149,MaxEnt,random,0.6747315096251266,0.4886075858523201,0.3088235294117647,0.8532088505747127,0.7174936843036079,0.7885996270189155,246.39636087417605
AWT,bird,awt02,149,MaxEnt,tgb,0.8015400202634245,0.6030538261997969,0.3088235294117647,0.7679342528735632,0.669523303788606,0.8045805959148072,7.743592262268066
AWT,bird,awt03,219,GLM,random,0.524964179433484,0.0710527614905699,0.3794117647058823,0.8372753171247357,0.7374348243920178,0.6435144747211282,10.090583801269531
AWT,bird,awt03,219,GLM,tgb,0.6362100003673904,0.2507077871190244,0.3794117647058823,0.715601532769556,0.6608183977253789,0.6658502201225767,1.444547176361084
AWT,bird,awt03,219,BRT,random,0.5741577574488409,0.1303073097043295,0.3794117647058823,0.8652871035940803,0.7790295063760466,0.6917986393064556,21.992117404937744
AWT,bird,awt03,219,BRT,tgb,0.6466806275028472,0.250812704595004,0.3794117647058823,0.7626141649048626,0.7438140798909553,0.7092652572738052,8.934323072433472
AWT,bird,awt03,219,RF,random,0.549799772217936,0.0849981001353444,0.3794117647058823,0.8729807346723046,0.7662405471700259,0.6657274368454086,31.181697607040405
AWT,bird,awt03,219,RF,tgb,0.6714611117234285,0.3050695659568148,0.3794117647058823,0.7565136627906976,0.7494678418653449,0.7171991392344412,31.973628044128414
AWT,bird,awt03,219,MaxEnt,random,0.5379698005069988,0.055580807128367,0.3794117647058823,0.8431870507399577,0.7838378540960196,0.6729682783959166,283.3834252357483
AWT,bird,awt03,219,MaxEnt,tgb,0.6527425695286381,0.2713453928849433,0.3794117647058823,0.7407455073995772,0.7260008184092606,0.6923003912167547,7.745003461837768
AWT,bird,awt04,216,GLM,random,0.4937404367784115,-0.0089001518567283,0.4647058823529412,0.8492031712473572,0.7385474029962109,0.6095442174301507,11.135848999023438
AWT,bird,awt04,216,GLM,tgb,0.4763875365141188,-0.054924552109963,0.4647058823529412,0.7805094080338266,0.7036656302574669,0.5911723289046593,1.5423038005828855
AWT,bird,awt04,216,BRT,random,0.4693976909166782,-0.0551740727937645,0.4647058823529412,0.8596828224101479,0.6958578436807212,0.5874717554434379,22.29663681983948
AWT,bird,awt04,216,BRT,tgb,0.4579913757128946,-0.0710614027881358,0.4647058823529412,0.7629999735729387,0.6240454342539576,0.57778827993831,9.46121597290039
AWT,bird,awt04,216,RF,random,0.4372131033523438,-0.1042382117135771,0.4647058823529412,0.8628274312896405,0.7180687782142341,0.6079755152571997,30.393272161483765
AWT,bird,awt04,216,RF,tgb,0.4682327166504381,-0.0531342944534957,0.4647058823529412,0.7582027748414376,0.6462927913554394,0.5835355213073715,31.53720235824585
AWT,bird,awt04,216,MaxEnt,random,0.4784740575879816,-0.044058178362087,0.4647058823529412,0.8482262156448204,0.6914605245656409,0.5886988871395534,300.5145080089569
AWT,bird,awt04,216,MaxEnt,tgb,0.509597996939769,0.011452461270202,0.4647058823529412,0.7817102272727272,0.6742321750935928,0.6115791607580832,6.04488730430603
AWT,bird,awt05,114,GLM,random,0.7633432575702563,0.3017718934232953,0.138235294117647,0.9151385375494072,0.8734567531014585,0.7574149634965632,7.773160696029663
AWT,bird,awt05,114,GLM,tgb,0.7623266284220463,0.3011220583914679,0.138235294117647,0.8871276679841896,0.874122444529665,0.7793175333820562,1.0101635456085205
AWT,bird,awt05,114,BRT,random,0.7588410427710407,0.352964744707283,0.138235294117647,0.909035770750988,0.8663001219048219,0.7691389241286075,22.74603748321533
AWT,bird,awt05,114,BRT,tgb,0.7173044804298888,0.2670645112338285,0.138235294117647,0.8636199604743082,0.8481587664787371,0.761858528466355,7.936562538146973
AWT,bird,awt05,114,RF,random,0.7676639314501488,0.2892166493931854,0.138235294117647,0.9173416996047432,0.8915286572340506,0.7679176564184049,25.78461718559265
AWT,bird,awt05,114,RF,tgb,0.7394161644034566,0.2789160677276852,0.138235294117647,0.8700030632411068,0.8768115574664028,0.7797132921112205,25.816823482513428
AWT,bird,awt05,114,MaxEnt,random,0.7667562268535327,0.3579494006749108,0.138235294117647,0.9110800395256916,0.8370683243136551,0.7327763699524976,161.957612991333
AWT,bird,awt05,114,MaxEnt,tgb,0.7433737564447027,0.2851522151400414,0.138235294117647,0.8738005928853756,0.8240476454525538,0.7190172786218887,4.549273252487183
AWT,bird,awt06,265,GLM,random,0.6488413547237076,0.2753424771815434,0.55,0.8756641509433962,0.739660267642065,0.6877934839772463,10.3180193901062
AWT,bird,awt06,265,GLM,tgb,0.827968263954423,0.6001158603238071,0.55,0.7906094339622641,0.637131140356798,0.6758939954302143,1.2454273700714111
AWT,bird,awt06,265,BRT,random,0.662315193457062,0.261962553461309,0.55,0.8861443396226415,0.7656838978858664,0.7060832212960502,22.18323302268982
AWT,bird,awt06,265,BRT,tgb,0.825801265247632,0.5493244396378616,0.55,0.7933632075471698,0.7369999323422194,0.7331301866703483,9.910929441452026
AWT,bird,awt06,265,RF,random,0.6359092656670512,0.2309328173168238,0.55,0.8883547169811319,0.7754037888436794,0.7142139284936391,33.65448880195618
AWT,bird,awt06,265,RF,tgb,0.8028904966621229,0.5329612377592734,0.55,0.7807783018867924,0.7169073775708968,0.7221444829797817,32.79309868812561
AWT,bird,awt06,265,MaxEnt,random,0.6421306490510642,0.1932958476452867,0.55,0.8731792452830188,0.7631361989708972,0.6953168519429885,157.44370698928833
AWT,bird,awt06,265,MaxEnt,tgb,0.8681625948061934,0.6501268719624465,0.55,0.7801283018867926,0.6687686524284918,0.7320073265530896,6.945445537567139
AWT,bird,awt07,158,GLM,random,0.5220935220935221,0.0347287052077204,0.238235294117647,0.7989040322580646,0.6296221729491098,0.5229103890165534,9.782265186309814
AWT,bird,awt07,158,GLM,tgb,0.5843462510129177,0.1214241004536604,0.238235294117647,0.6817047379032258,0.5677827666976354,0.5507994126235236,1.4641737937927246
AWT,bird,awt07,158,BRT,random,0.5265503598836934,0.0359101561154929,0.238235294117647,0.8332580645161289,0.6540919438148227,0.51935136994604,22.710041761398315
AWT,bird,awt07,158,BRT,tgb,0.5549358882692216,0.061385649952667,0.238235294117647,0.681778629032258,0.5855939335330584,0.5646410575213248,9.136336088180542
AWT,bird,awt07,158,RF,random,0.4954239954239954,-0.0161807090842883,0.238235294117647,0.8419035282258065,0.6654329701165185,0.5248763897755039,28.77845549583435
AWT,bird,awt07,158,RF,tgb,0.5517898851232185,0.0851057548541806,0.238235294117647,0.670889868951613,0.5827081800697475,0.5685045872842764,28.7184841632843
AWT,bird,awt07,158,MaxEnt,random,0.5115115115115114,0.026802895409502,0.238235294117647,0.7923966733870967,0.6603371951109178,0.5215823232611463,234.7270541191101
AWT,bird,awt07,158,MaxEnt,tgb,0.5644692311358979,0.0758903647685083,0.238235294117647,0.6166170362903225,0.5521318667567432,0.5622322084379846,5.9470953941345215
AWT,bird,awt08,231,GLM,random,0.6510733163136888,0.3110879690284451,0.4029411764705882,0.782334158186864,0.6659540598659837,0.735301762287835,10.91180157661438
AWT,bird,awt08,231,GLM,tgb,0.9220092769048218,0.7433320577712582,0.4029411764705882,0.6247601063829787,0.6051392085079784,0.8355099242484062,1.3948242664337158
AWT,bird,awt08,231,BRT,random,0.7657042177555644,0.4520534239154569,0.4029411764705882,0.8155458140610545,0.6914520974815888,0.7049259391466753,22.05366849899292
AWT,bird,awt08,231,BRT,tgb,0.909640070475711,0.6938312992678852,0.4029411764705882,0.6568386447733581,0.6172428895802902,0.8264568589502259,9.047789573669434
AWT,bird,awt08,231,RF,random,0.7004962065369817,0.3818336181448115,0.4029411764705882,0.8244630666049954,0.6691692838718722,0.7002973131426252,32.59618520736694
AWT,bird,awt08,231,RF,tgb,0.9384056668224804,0.7593745733561644,0.4029411764705882,0.6728502543940796,0.6273825160252271,0.8480484983241675,30.86315608024597
AWT,bird,awt08,231,MaxEnt,random,0.6947610657653447,0.3230357660208678,0.4029411764705882,0.7995779139685476,0.6690894109335764,0.6489772618314881,302.1952483654022
AWT,bird,awt08,231,MaxEnt,tgb,0.934486354320233,0.7508061755455941,0.4029411764705882,0.6183839731729879,0.6119718444091509,0.8217602587408599,10.263033390045166
AWT,bird,awt09,112,GLM,random,0.6557971014492754,0.1857821615189038,0.1352941176470588,0.8062693675889328,0.7213233017769947,0.5781546974352396,8.909570217132568
AWT,bird,awt09,112,GLM,tgb,0.7247116237799467,0.2685362181734944,0.1352941176470588,0.6962557312252964,0.6419598718941353,0.5616990358606314,1.2097771167755127
AWT,bird,awt09,112,BRT,random,0.6392339544513458,0.1539956031030317,0.1352941176470588,0.7866478260869565,0.659401053547804,0.5414731166195024,22.52581596374512
AWT,bird,awt09,112,BRT,tgb,0.6833776989056493,0.2174693257466788,0.1352941176470588,0.6552164031620553,0.5921833750346439,0.5451853247889205,8.766777515411377
AWT,bird,awt09,112,RF,random,0.6016711032238983,0.1203533831216682,0.1352941176470588,0.8115068181818181,0.6746756637306108,0.535127436479214,26.26530170440674
AWT,bird,awt09,112,RF,tgb,0.6070689145223307,0.1331244775352234,0.1352941176470588,0.643924604743083,0.6129827110424342,0.5659262413487349,26.25033402442932
AWT,bird,awt09,112,MaxEnt,random,0.7134723454599231,0.2625007257272376,0.1352941176470588,0.7974339920948615,0.71172558773033,0.5782371735377162,119.78296160697936
AWT,bird,awt09,112,MaxEnt,tgb,0.7144335995267672,0.2709697314924201,0.1352941176470588,0.6932792490118577,0.6177661657606828,0.5466036720043382,5.604935169219971
AWT,bird,awt10,122,GLM,random,0.6803015323776569,0.2931616439133944,0.3,0.8811221666666669,0.7889851938599206,0.6462548202669505,9.08214235305786
AWT,bird,awt10,122,GLM,tgb,0.6953369583127369,0.3137282775855855,0.3,0.8326018333333334,0.7748457480559596,0.6779288880584267,1.3813045024871826
AWT,bird,awt10,122,BRT,random,0.6663783160322954,0.2393617515644923,0.3,0.8754402499999999,0.7672846367423114,0.655070842241116,22.073041677474976
AWT,bird,awt10,122,BRT,tgb,0.6872219476025705,0.3013643132478445,0.3,0.8153129166666666,0.7737937328611098,0.6899387531575749,8.741170406341553
AWT,bird,awt10,122,RF,random,0.6545971329708353,0.249678961433255,0.3,0.8803226666666667,0.8015124291634619,0.6619043936598601,26.389695167541504
AWT,bird,awt10,122,RF,tgb,0.7160776075135936,0.3550957593813719,0.3,0.817439,0.7737147716687464,0.6701943217902537,26.53267812728882
AWT,bird,awt10,122,MaxEnt,random,0.6862745098039216,0.2952749299116863,0.3,0.8904666666666665,0.7964326103306694,0.6473449602472486,145.0622203350067
AWT,bird,awt10,122,MaxEnt,tgb,0.7206706211896523,0.3620838299702597,0.3,0.850043,0.7688279464438538,0.6713209823880316,4.2543792724609375
AWT,bird,awt11,82,GLM,random,0.5422253587391201,0.0314522482212378,0.038235294117647,0.7696595588235293,0.6728927246761236,0.5465710048011289,7.61414909362793
AWT,bird,awt11,82,GLM,tgb,0.6798400376382028,0.1126200762543944,0.038235294117647,0.6131294117647059,0.6315586741202196,0.5856962567150601,1.119213342666626
AWT,bird,awt11,82,BRT,random,0.4194307221830158,-0.0469174530266812,0.038235294117647,0.7706720588235294,0.6964673391725176,0.5922936590580106,23.290127277374268
AWT,bird,awt11,82,BRT,tgb,0.5746883086332628,0.0523046046303215,0.038235294117647,0.6291955882352942,0.7022999295296605,0.6494771272930008,8.37635326385498
AWT,bird,awt11,82,RF,random,0.3683839096683133,-0.0943677620031538,0.038235294117647,0.7785040441176472,0.6827732901668534,0.5533049176586494,25.63073992729187
AWT,bird,awt11,82,RF,tgb,0.5669254293107504,0.0481853419112459,0.038235294117647,0.6000823529411765,0.6100045801106203,0.5915268817747472,24.439539194107056
AWT,bird,awt11,82,MaxEnt,random,0.4168430957421783,-0.0618930914141612,0.038235294117647,0.7823948529411765,0.6851529491166914,0.5507374679789729,86.9807825088501
AWT,bird,awt11,82,MaxEnt,tgb,0.6071512585274053,0.0756183651630552,0.038235294117647,0.6326375000000001,0.5856615455500617,0.5732305434715632,5.544509172439575
AWT,bird,awt12,32,GLM,random,0.8545524691358024,0.2807677519477304,0.0470588235294117,0.8699285714285715,0.6783427182139827,0.5907634500178752,6.132658243179321
AWT,bird,awt12,32,GLM,tgb,0.8690200617283951,0.2943104890597168,0.0470588235294117,0.8471119047619048,0.684505346879344,0.608640779615808,0.970188856124878
AWT,bird,awt12,32,BRT,random,0.808449074074074,0.1537592765486464,0.0470588235294117,0.8809071428571429,0.7320576922719467,0.6736749921689429,21.71167302131653
AWT,bird,awt12,32,BRT,tgb,0.7544367283950617,0.1220889261384832,0.0470588235294117,0.8434642857142857,0.6447309062549714,0.6045130828318146,7.274184465408325
AWT,bird,awt12,32,RF,random,0.8212770061728395,0.2263756799788029,0.0470588235294117,0.9260166666666668,0.8762617698890767,0.767237604691565,22.39329719543457
AWT,bird,awt12,32,RF,tgb,0.8205054012345678,0.2357172391271562,0.0470588235294117,0.9184869047619048,0.859191025069177,0.7775767313874471,20.7511785030365
AWT,bird,awt12,32,MaxEnt,random,0.8236882716049383,0.242455937548687,0.0470588235294117,0.9252761904761904,0.8163860491344629,0.7337296058906405,66.73546099662781
AWT,bird,awt12,32,MaxEnt,tgb,0.8084490740740741,0.2476727575546289,0.0470588235294117,0.8962928571428572,0.8104295334238893,0.7856504719518009,3.918135404586792
AWT,bird,awt13,122,GLM,random,0.7670538803756797,0.4377400051477833,0.3,0.919981,0.8131884379192306,0.7193181620893742,8.73662543296814
AWT,bird,awt13,122,GLM,tgb,0.767918932278794,0.4083206935179491,0.3,0.881071,0.7849034111616339,0.7150381039562165,1.5296595096588137
AWT,bird,awt13,122,BRT,random,0.747116493656286,0.3709527125528178,0.3,0.9105388333333334,0.8379043896558436,0.7357213571423891,22.736387252807617
AWT,bird,awt13,122,BRT,tgb,0.775045312242544,0.4307989973292432,0.3,0.8753755,0.8213258448096313,0.7250245765272683,9.214816093444824
AWT,bird,awt13,122,RF,random,0.760895534684462,0.4065779020338642,0.3,0.9227009166666664,0.8703662796869731,0.7560700879386955,28.572824716567997
AWT,bird,awt13,122,RF,tgb,0.781183061459878,0.445118952542463,0.3,0.8739070833333333,0.8405749673628687,0.7253448015667362,25.578978776931763
AWT,bird,awt13,122,MaxEnt,random,0.7809359037732739,0.4289088882419192,0.3,0.9177713333333336,0.8468240108742291,0.747018954474377,117.23219990730286
AWT,bird,awt13,122,MaxEnt,tgb,0.7911517548195749,0.4636267044412695,0.3,0.8866443333333335,0.8302547526227049,0.7203208258867292,4.205224752426148
AWT,bird,awt14,99,GLM,random,0.8229370629370629,0.4404727075729684,0.1911764705882352,0.9472942105263158,0.8450305293070697,0.7882163078365922,6.762657880783081
AWT,bird,awt14,99,GLM,tgb,0.8803356643356643,0.5449428457336162,0.1911764705882352,0.9270036842105264,0.8685750879329792,0.833732618998169,1.204782247543335
AWT,bird,awt14,99,BRT,random,0.7830489510489511,0.3683550790701712,0.1911764705882352,0.9416236842105264,0.8320516359857564,0.7752645640387509,21.85788083076477
AWT,bird,awt14,99,BRT,tgb,0.8670209790209792,0.603590858525995,0.1911764705882352,0.9260957894736842,0.8526893602107821,0.8002810217284066,9.010937213897703
AWT,bird,awt14,99,RF,random,0.8174265734265735,0.4213382296388702,0.1911764705882352,0.9496677631578948,0.885218778091552,0.8052808919190934,21.00463175773621
AWT,bird,awt14,99,RF,tgb,0.8972307692307693,0.5582041558235036,0.1911764705882352,0.93351,0.8786749372907152,0.8204559947743391,20.72295355796814
AWT,bird,awt14,99,MaxEnt,random,0.8213426573426574,0.4607536870556341,0.1911764705882352,0.9427831578947368,0.8691056315573928,0.7747606041779074,79.40285396575928
AWT,bird,awt14,99,MaxEnt,tgb,0.9102097902097904,0.6384487920862818,0.1911764705882352,0.9286315789473684,0.8784668869999881,0.8383233386696912,3.712618589401245
AWT,bird,awt15,254,GLM,random,0.7719922860109777,0.4853401930441994,0.6294117647058823,0.8934803137254901,0.8713924342668401,0.7957899093291477,11.191107511520386
AWT,bird,awt15,254,GLM,tgb,0.7607550808485387,0.4981545763882718,0.6294117647058823,0.8345801176470588,0.8376488800836615,0.8173164583233202,1.507859468460083
AWT,bird,awt15,254,BRT,random,0.7949117341640707,0.494056319734636,0.6294117647058823,0.9187725490196078,0.8727673279296436,0.8060609579871585,21.487417221069336
AWT,bird,awt15,254,BRT,tgb,0.7405058596647381,0.4813497328248454,0.6294117647058823,0.8487508235294119,0.8465587330957287,0.82233915152528,8.889728546142578
AWT,bird,awt15,254,RF,random,0.7883474261978933,0.5082805221389552,0.6294117647058823,0.9260568431372548,0.8728336295436179,0.8118839061860055,32.34823822975159
AWT,bird,awt15,254,RF,tgb,0.7538384512683578,0.4991936832644635,0.6294117647058823,0.8605090392156862,0.8572169201290766,0.8254469065667474,38.49644660949707
AWT,bird,awt15,254,MaxEnt,random,0.7668001780151315,0.4076114606417614,0.6294117647058823,0.8998938823529411,0.8587684465354121,0.771280612105744,177.9513919353485
AWT,bird,awt15,254,MaxEnt,tgb,0.7623497997329775,0.5007105537929335,0.6294117647058823,0.8443587058823528,0.8187663847012407,0.8217649670949442,7.400466680526733
AWT,bird,awt16,144,GLM,random,0.7008605072463767,0.2839418777344891,0.188235294117647,0.9275219211822658,0.8684879776396077,0.7620966169608041,6.622899770736694
AWT,bird,awt16,144,GLM,tgb,0.7829483695652175,0.3801667138192023,0.188235294117647,0.909542857142857,0.8710861844148836,0.7898110433390233,1.1563823223114014
AWT,bird,awt16,144,BRT,random,0.634284420289855,0.1010992055286923,0.188235294117647,0.9217323891625616,0.8395999312555388,0.7421398784380824,23.482054948806763
AWT,bird,awt16,144,BRT,tgb,0.6963881340579711,0.2678364319525468,0.188235294117647,0.8839950738916256,0.8500204678559256,0.7744845984104358,7.94628381729126
AWT,bird,awt16,144,RF,random,0.6405966938405797,0.1950449244915167,0.188235294117647,0.9300694581280788,0.882918882918905,0.7767877804356648,30.548718214035038
AWT,bird,awt16,144,RF,tgb,0.7164288949275363,0.2969305514931384,0.188235294117647,0.8948060960591133,0.8649732481993789,0.7784408126855036,28.2210476398468
AWT,bird,awt16,144,MaxEnt,random,0.6784420289855072,0.1907208992315077,0.188235294117647,0.922817487684729,0.8727515409239788,0.7561133458549519,120.75342679023744
AWT,bird,awt16,144,MaxEnt,tgb,0.7725317028985508,0.3750211816406227,0.188235294117647,0.896092487684729,0.871496117230285,0.8109207957946094,4.706968545913696
AWT,bird,awt17,184,GLM,random,0.8019745196837492,0.4825001336370653,0.3029411764705882,0.8577978228228229,0.7528255191625444,0.6608338730681277,9.4274160861969
AWT,bird,awt17,184,GLM,tgb,0.7780099135635574,0.4235376676970686,0.3029411764705882,0.780653078078078,0.7108860101400485,0.6844469011831537,1.844855546951294
AWT,bird,awt17,184,BRT,random,0.7606406947687517,0.4063803197766499,0.3029411764705882,0.8929453453453453,0.8005761193329766,0.6875318611121426,24.212074518203732
AWT,bird,awt17,184,BRT,tgb,0.7605587644914178,0.4384552896225474,0.3029411764705882,0.8211901651651651,0.7504907171157116,0.6737807910965075,10.920707941055298
AWT,bird,awt17,184,RF,random,0.7895620826676498,0.4610114277269898,0.3029411764705882,0.898099924924925,0.8011468281417754,0.6992284357901236,32.174283504486084
AWT,bird,awt17,184,RF,tgb,0.7938634222276842,0.477880246980201,0.3029411764705882,0.8174276276276278,0.7428917943821354,0.6708292281689309,28.40099787712097
AWT,bird,awt17,184,MaxEnt,random,0.8078325345131294,0.5020706650590232,0.3029411764705882,0.8647825825825827,0.7670412911115791,0.6576129008304352,192.10159039497373
AWT,bird,awt17,184,MaxEnt,tgb,0.8113965015771578,0.5052810466578942,0.3029411764705882,0.7950358108108109,0.7427633745068537,0.6870033417146927,5.474545955657959
AWT,bird,awt18,242,GLM,random,0.5660709791089857,0.1266204367557043,0.4029411764705882,0.7557517006802721,0.6081895845242893,0.5222227485808346,10.943331718444824
AWT,bird,awt18,242,GLM,tgb,0.678904030779188,0.3199001464064703,0.4029411764705882,0.5435480867346938,0.4582495248812787,0.6006064984629991,1.8751680850982664
AWT,bird,awt18,242,BRT,random,0.6072417388802992,0.1755435488317435,0.4029411764705882,0.8222614158163266,0.6670111907900373,0.5525548485359175,27.63154244422913
AWT,bird,awt18,242,BRT,tgb,0.7128114774729424,0.3661234373867393,0.4029411764705882,0.6367184311224491,0.567316136705737,0.6157117815479146,10.453011274337769
AWT,bird,awt18,242,RF,random,0.6026212649670992,0.1683610992394781,0.4029411764705882,0.8292967474489796,0.665936806044773,0.5401864636883488,31.278927087783813
AWT,bird,awt18,242,RF,tgb,0.7213692423861062,0.3809971969472597,0.4029411764705882,0.6198586096938776,0.5682785429587455,0.6162560098631862,33.60590052604675
AWT,bird,awt18,242,MaxEnt,random,0.6036819963323865,0.1592263230589822,0.4029411764705882,0.7874130952380952,0.6533282481949213,0.5308460655313023,220.46036171913147
AWT,bird,awt18,242,MaxEnt,tgb,0.7323001689978785,0.3932724597695035,0.4029411764705882,0.573542049319728,0.5099717978708596,0.6146101913598626,7.285643577575684
AWT,bird,awt19,78,GLM,random,0.6899343297101449,0.2739130607605488,0.188235294117647,0.9065625,0.801942923156008,0.6931835574776751,6.61165452003479
AWT,bird,awt19,78,GLM,tgb,0.7128057065217391,0.293813604014609,0.188235294117647,0.8645349999999998,0.8159573034468707,0.7561824296530179,1.090853929519653
AWT,bird,awt19,78,BRT,random,0.6364356884057971,0.1259156657386537,0.188235294117647,0.9154295833333336,0.8491305969569968,0.764094548271019,21.504834175109863
AWT,bird,awt19,78,BRT,tgb,0.6809329710144927,0.1998490214706854,0.188235294117647,0.8823895833333333,0.8397674638256284,0.8081290933055639,8.397217035293579
AWT,bird,awt19,78,RF,random,0.6629585597826086,0.2349105306233208,0.188235294117647,0.9190491666666668,0.8648770520929437,0.7744827021591727,21.76174306869507
AWT,bird,awt19,78,RF,tgb,0.6865092844202898,0.2584458539055398,0.188235294117647,0.8907114583333332,0.870948701262205,0.8261081550493315,21.20725917816162
AWT,bird,awt19,78,MaxEnt,random,0.6705729166666666,0.1908954546326819,0.188235294117647,0.92666125,0.8874099675296655,0.7988924811277752,85.69078731536865
AWT,bird,awt19,78,MaxEnt,tgb,0.7053328804347826,0.2635615685773481,0.188235294117647,0.8913704166666667,0.8586270951135966,0.8327314609961668,4.545332193374634
AWT,bird,awt20,104,GLM,random,0.5390865384615384,0.063293251973387,0.2352941176470588,0.7089380952380953,0.6530266481755644,0.5075167568901975,8.67931079864502
AWT,bird,awt20,104,GLM,tgb,0.625,0.1735158392958559,0.2352941176470588,0.5186766666666667,0.5363266740774617,0.511251807611517,1.5072228908538818
AWT,bird,awt20,104,BRT,random,0.5263942307692309,0.0151644662549444,0.2352941176470588,0.7704311904761905,0.6344536055675807,0.4974539992191815,23.116329431533813
AWT,bird,awt20,104,BRT,tgb,0.6001442307692307,0.0792200088128893,0.2352941176470588,0.590322619047619,0.5550982194034942,0.5393495913829449,9.536569118499756
AWT,bird,awt20,104,RF,random,0.515,0.0265678853888065,0.2352941176470588,0.7709849999999999,0.6369256939536007,0.4626229699939957,22.656886339187626
AWT,bird,awt20,104,RF,tgb,0.5484134615384615,0.0529136045675629,0.2352941176470588,0.539664880952381,0.5043709599933706,0.4926513210720089,23.86024308204651
AWT,bird,awt20,104,MaxEnt,random,0.5191586538461539,0.0395864077205514,0.2352941176470588,0.7394876190476192,0.6943167676164902,0.4943474401475679,108.66320562362672
AWT,bird,awt20,104,MaxEnt,tgb,0.5837019230769231,0.1085432527573991,0.2352941176470588,0.5638507142857142,0.5727538833920797,0.5090483494709974,4.679687023162842
AWT,plant,awt21,17,GLM,random,0.6176829268292683,0.2608664185756545,0.196078431372549,0.9290416666666664,0.8748560140988401,0.8484841415008648,3.528342962265014
AWT,plant,awt21,17,GLM,tgb,0.5817073170731707,0.2379399922000396,0.196078431372549,0.8774749999999999,0.7904888900313018,0.7821841712376357,0.75620436668396
AWT,plant,awt21,17,BRT,random,0.5054878048780488,0.2759705053862074,0.196078431372549,0.9403333333333332,0.6794377702566661,0.5633518777896256,17.28569459915161
AWT,plant,awt21,17,BRT,tgb,0.672560975609756,0.37221179502567,0.196078431372549,0.8568333333333333,0.6164308969216753,0.7305679714238468,5.933939456939697
AWT,plant,awt21,17,RF,random,0.6036585365853658,0.269011836313573,0.196078431372549,0.9425333333333332,0.8452243021488237,0.7854770024216804,15.747156858444214
AWT,plant,awt21,17,RF,tgb,0.7795731707317073,0.4097411050310526,0.196078431372549,0.8687083333333334,0.6639030579677224,0.8375083719199043,14.882792472839355
AWT,plant,awt21,17,MaxEnt,random,0.5841463414634146,0.3120661952268581,0.196078431372549,0.9133,0.857976211181195,0.7680311182955437,32.617228269577026
AWT,plant,awt21,17,MaxEnt,tgb,0.7304878048780488,0.2763532799919747,0.196078431372549,0.8723166666666666,0.79337745247634,0.8091990087863232,1.994325399398804
AWT,plant,awt22,9,GLM,random,0.7018006148440932,0.294141495791962,0.3235294117647059,0.7441500000000001,0.7539946704558087,0.7445090467915071,4.031138181686401
AWT,plant,awt22,9,GLM,tgb,0.6750109793588055,0.2844192622291613,0.3235294117647059,0.58755,0.718548020021642,0.7464519198940748,0.8436851501464844
AWT,plant,awt22,9,BRT,random,0.5404040404040404,0.1935106291988559,0.3235294117647059,0.705825,0.7610423806879794,0.7570167310966094,20.24219846725464
AWT,plant,awt22,9,BRT,tgb,0.7740447957839263,0.1997818637501966,0.3235294117647059,0.73155,0.6734355747757701,0.7083965071877807,6.290181398391724
AWT,plant,awt22,9,RF,random,0.7108036890645587,0.3658753929869601,0.3235294117647059,0.758025,0.800968973484144,0.7708494038752541,16.419885873794556
AWT,plant,awt22,9,RF,tgb,0.7762406675450154,0.4372257434079929,0.3235294117647059,0.5691750000000001,0.7550191719302977,0.8039161139877996,16.743870496749878
AWT,plant,awt22,9,MaxEnt,random,0.6161616161616162,0.2297502121174429,0.3235294117647059,0.7938,0.7070690762837926,0.6736704674421904,32.75215482711792
AWT,plant,awt22,9,MaxEnt,tgb,0.6108915239350022,0.1478679541240169,0.3235294117647059,0.6685000000000001,0.7036412694677032,0.7601957428949733,2.110357999801636
AWT,plant,awt23,56,GLM,random,0.6098615916955017,0.1434886021773165,0.3333333333333333,0.7423424242424244,0.7495002302229823,0.551228098416924,6.466182231903076
AWT,plant,awt23,56,GLM,tgb,0.5717993079584776,0.0987442832750746,0.3333333333333333,0.5549575757575756,0.5467362987033002,0.5233698583593227,1.0766863822937012
AWT,plant,awt23,56,BRT,random,0.5800173010380623,0.1176508038896047,0.3333333333333333,0.7551386363636363,0.7878309316662558,0.6066457999084514,22.91149044036865
AWT,plant,awt23,56,BRT,tgb,0.5190311418685122,0.2100370946385904,0.3333333333333333,0.5502636363636364,0.6011695707981886,0.543931319383696,7.608406066894531
AWT,plant,awt23,56,RF,random,0.6457612456747405,0.2413176896178326,0.3333333333333333,0.7821405303030302,0.7809191857080054,0.5490294559704336,22.11560034751892
AWT,plant,awt23,56,RF,tgb,0.5198961937716263,0.0215295050190029,0.3333333333333333,0.4615450757575757,0.4914194947683219,0.5165013314779939,20.636913299560547
AWT,plant,awt23,56,MaxEnt,random,0.6513840830449827,0.2062056154395019,0.3333333333333333,0.774930303030303,0.7690159833128243,0.5346499214047429,52.79817748069763
AWT,plant,awt23,56,MaxEnt,tgb,0.6518166089965397,0.2328217817531629,0.3333333333333333,0.5770242424242424,0.5932319798840956,0.5237313804888488,2.922614812850952
AWT,plant,awt24,10,GLM,random,0.5407407407407406,0.1043653725583063,0.2647058823529412,0.5919000000000001,0.576056877069361,0.3868167800021688,4.520811080932617
AWT,plant,awt24,10,GLM,tgb,0.5437037037037037,0.0526977033574431,0.2647058823529412,0.55925,0.4965877089942609,0.3903602005919366,0.9579801559448242
AWT,plant,awt24,10,BRT,random,0.5965432098765432,0.0069743704760613,0.2647058823529412,0.598625,0.6147295743055579,0.5638766229987755,20.98343849182129
AWT,plant,awt24,10,BRT,tgb,0.5698765432098766,0.0156839907153896,0.2647058823529412,0.565275,0.5941511078472475,0.6252233235073966,6.925708293914795
AWT,plant,awt24,10,RF,random,0.7096296296296296,0.3445450854837565,0.2647058823529412,0.721225,0.7240506636626007,0.5791225788918248,18.99083018302917
AWT,plant,awt24,10,RF,tgb,0.4940740740740741,0.0597881889973473,0.2647058823529412,0.560575,0.5263673767391059,0.5241134174951929,18.29987359046936
AWT,plant,awt24,10,MaxEnt,random,0.5269135802469136,0.1425091639554034,0.2647058823529412,0.77145,0.7291614266999953,0.4658756324702907,42.54194188117981
AWT,plant,awt24,10,MaxEnt,tgb,0.505679012345679,0.0132117554673161,0.2647058823529412,0.6623,0.5819702832410046,0.4887873068204961,2.518762350082397
AWT,plant,awt25,12,GLM,random,0.7110042735042735,0.2094376939100588,0.2352941176470588,0.8041666666666666,0.7737598435758981,0.6347104406314933,3.60481858253479
AWT,plant,awt25,12,GLM,tgb,0.7681623931623931,0.4432573449904189,0.2352941176470588,0.7006666666666665,0.6049872794815591,0.5494856934001671,0.7277286052703857
AWT,plant,awt25,12,BRT,random,0.5763888888888888,-0.0397755321555265,0.2352941176470588,0.7849833333333333,0.6619869775643888,0.5629960317460317,19.861053943634037
AWT,plant,awt25,12,BRT,tgb,0.7719017094017094,0.3779009621552442,0.2352941176470588,0.5663499999999999,0.6324350805020307,0.6844468275389327,6.662865161895752
AWT,plant,awt25,12,RF,random,0.6818910256410257,0.2562320488401043,0.2352941176470588,0.7770333333333334,0.7962608003405927,0.6547987222329327,17.18665385246277
AWT,plant,awt25,12,RF,tgb,0.8421474358974359,0.4954564069423056,0.2352941176470588,0.6045,0.6364589704066941,0.7139563652721548,16.78397226333618
AWT,plant,awt25,12,MaxEnt,random,0.5400641025641026,0.050713049472617,0.2352941176470588,0.8467833333333333,0.8154352877229127,0.5859142380523958,36.88825726509094
AWT,plant,awt25,12,MaxEnt,tgb,0.7772435897435896,0.4291091595347858,0.2352941176470588,0.59035,0.5986396802907461,0.6053890067047962,2.5220131874084477
AWT,plant,awt26,34,GLM,random,0.6693313953488372,0.2116194424900253,0.1568627450980392,0.8010833333333334,0.6654905921288483,0.5254629997801405,5.986391305923462
AWT,plant,awt26,34,GLM,tgb,0.659156976744186,0.2370887703558461,0.1568627450980392,0.7736357142857143,0.6367214127529307,0.5367795985756448,0.9425325393676758
AWT,plant,awt26,34,BRT,random,0.6518895348837209,0.2521817114306069,0.1568627450980392,0.7549678571428572,0.6141468061770547,0.4550157223843337,21.43952703475952
AWT,plant,awt26,34,BRT,tgb,0.657703488372093,0.205960847328799,0.1568627450980392,0.6080059523809525,0.5451090510920645,0.4745075566242393,6.868834018707275
AWT,plant,awt26,34,RF,random,0.7667151162790699,0.304099486088839,0.1568627450980392,0.8094452380952379,0.7051125293249958,0.5440777018706141,17.618589639663696
AWT,plant,awt26,34,RF,tgb,0.6170058139534884,0.2111594963743154,0.1568627450980392,0.6050547619047619,0.4702881033864433,0.466364912209295,17.27310276031494
AWT,plant,awt26,34,MaxEnt,random,0.7042151162790697,0.2009245841656006,0.1568627450980392,0.8725571428571428,0.8241166357473814,0.5978278375433631,51.81086444854736
AWT,plant,awt26,34,MaxEnt,tgb,0.7093023255813953,0.2358820920362392,0.1568627450980392,0.804257142857143,0.6900316096387669,0.5291193012227245,2.335071563720703
AWT,plant,awt27,41,GLM,random,0.6770370370370371,0.2331110538531212,0.2647058823529412,0.8204930555555556,0.8305973392953533,0.670608202440861,6.422493934631348
AWT,plant,awt27,41,GLM,tgb,0.6148148148148148,0.1976815972696508,0.2647058823529412,0.7200986111111111,0.7650687077280127,0.6602241016348265,0.9212141036987304
AWT,plant,awt27,41,BRT,random,0.7002469135802469,0.2045331661606361,0.2647058823529412,0.7974173611111111,0.8198775106384169,0.7050491478313422,23.470537424087524
AWT,plant,awt27,41,BRT,tgb,0.72,0.310791483541433,0.2647058823529412,0.6674402777777778,0.7430553386804091,0.6561292353103039,7.764598608016968
AWT,plant,awt27,41,RF,random,0.8266666666666667,0.4777847417779931,0.2647058823529412,0.8107631944444444,0.8216934120105263,0.6540977768436784,19.83824229240417
AWT,plant,awt27,41,RF,tgb,0.7214814814814814,0.3350683675750015,0.2647058823529412,0.6462506944444445,0.7769261898442344,0.7027402027895807,20.3221914768219
AWT,plant,awt27,41,MaxEnt,random,0.7392592592592593,0.2562463510791897,0.2647058823529412,0.8250430555555555,0.8090191941158063,0.623708906664911,54.50561547279358
AWT,plant,awt27,41,MaxEnt,tgb,0.7397530864197531,0.3785698583553025,0.2647058823529412,0.7000097222222222,0.779586890944032,0.6024189267930626,2.4352567195892334
AWT,plant,awt28,31,GLM,random,0.8238636363636364,0.4183227617113401,0.1372549019607843,0.8562714285714286,0.7801799897797261,0.6184702860576381,5.096079587936401
AWT,plant,awt28,31,GLM,tgb,0.7662337662337663,0.3151373504735735,0.1372549019607843,0.8236642857142857,0.7330292259720487,0.6126776509573588,0.9143552780151368
AWT,plant,awt28,31,BRT,random,0.7751623376623376,0.3179515200834209,0.1372549019607843,0.851852380952381,0.7971005449419355,0.6106196560718009,21.3876211643219
AWT,plant,awt28,31,BRT,tgb,0.7150974025974026,0.2965096817572668,0.1372549019607843,0.7585952380952381,0.7274776917564841,0.5863482413489705,7.029922962188721
AWT,plant,awt28,31,RF,random,0.8790584415584416,0.4762223212873055,0.1372549019607843,0.8764249999999999,0.8330801145919855,0.6380915348704342,19.02898478507996
AWT,plant,awt28,31,RF,tgb,0.7199675324675324,0.2747038408881115,0.1372549019607843,0.7988833333333334,0.7503124831511705,0.5935175809308462,20.823200941085812
AWT,plant,awt28,31,MaxEnt,random,0.836038961038961,0.3022803132220312,0.1372549019607843,0.8933261904761904,0.8146146397839604,0.6249210081193739,40.85060286521912
AWT,plant,awt28,31,MaxEnt,tgb,0.7150974025974026,0.2488198250578289,0.1372549019607843,0.8085023809523809,0.7557325024878162,0.6053324116974224,2.5193278789520264
AWT,plant,awt29,44,GLM,random,0.6988505747126438,0.2024764084096383,0.1470588235294117,0.8771513888888889,0.8662914218353244,0.6588438118379047,5.348387718200684
AWT,plant,awt29,44,GLM,tgb,0.6950191570881226,0.2466658925337057,0.1470588235294117,0.8290902777777778,0.8389251022609251,0.674996098981001,0.9006309509277344
AWT,plant,awt29,44,BRT,random,0.8099616858237548,0.0960365547780787,0.1470588235294117,0.8410486111111112,0.8312505834308066,0.6856994832891935,22.47353458404541
AWT,plant,awt29,44,BRT,tgb,0.7172413793103448,0.2960314691401169,0.1470588235294117,0.7639541666666666,0.7826050524429923,0.6889605608056539,7.333986759185791
AWT,plant,awt29,44,RF,random,0.8287356321839081,0.38916267514561,0.1470588235294117,0.8760465277777778,0.85065411580063,0.7157677896380347,20.30530476570129
AWT,plant,awt29,44,RF,tgb,0.6620689655172414,0.2278287960790256,0.1470588235294117,0.7910111111111112,0.8051518676048538,0.721675280693023,21.534873008728027
AWT,plant,awt29,44,MaxEnt,random,0.8620689655172413,0.3487647466994188,0.1470588235294117,0.8772513888888888,0.8500463492947459,0.6370750336652279,45.95848655700684
AWT,plant,awt29,44,MaxEnt,tgb,0.7563218390804598,0.3379801950441647,0.1470588235294117,0.7865125,0.7808884293432492,0.6840621513288736,2.6184372901916504
AWT,plant,awt30,66,GLM,random,0.6583223539745279,0.2385778585288775,0.3235294117647059,0.754834065934066,0.7264358454947932,0.4487627595395054,6.634961366653442
AWT,plant,awt30,66,GLM,tgb,0.7426438296003514,0.3896523433015125,0.3235294117647059,0.5778972527472528,0.5885196941209132,0.4102567830695946,1.0754141807556152
AWT,plant,awt30,66,BRT,random,0.5270092226613966,0.0771880748070627,0.3235294117647059,0.7533590659340659,0.729892363836377,0.446417347932314,24.038291215896606
AWT,plant,awt30,66,BRT,tgb,0.5094422485726833,0.0454474153710055,0.3235294117647059,0.5656596153846154,0.4652510757105306,0.400960574307761,7.621756076812744
AWT,plant,awt30,66,RF,random,0.562362758014932,0.0837269017500496,0.3235294117647059,0.7582082417582416,0.735898598425096,0.4229702746223293,20.64869523048401
AWT,plant,awt30,66,RF,tgb,0.4701361440491875,-0.0201928494312889,0.3235294117647059,0.4248255494505494,0.3997058348441046,0.3818861044408315,19.85366725921631
AWT,plant,awt30,66,MaxEnt,random,0.5990338164251208,0.1235642183851264,0.3235294117647059,0.7753648351648351,0.7479868622297621,0.4534162841014568,52.04094862937927
AWT,plant,awt30,66,MaxEnt,tgb,0.4971453667105841,0.0021450206888388,0.3235294117647059,0.6027395604395605,0.5417634187612919,0.4071350104673503,2.0730748176574707
AWT,plant,awt31,14,GLM,random,0.6693548387096774,0.2224452982515671,0.6078431372549019,0.7792166666666668,0.6871738056123942,0.6667629059459554,4.534819841384888
AWT,plant,awt31,14,GLM,tgb,0.7012096774193548,0.254672369916442,0.6078431372549019,0.6670833333333334,0.6953498658938304,0.6630810551412787,0.8739583492279053
AWT,plant,awt31,14,BRT,random,0.6048387096774193,0.0919391609829378,0.6078431372549019,0.6185,0.5869208212782785,0.5680230709473927,20.53600263595581
AWT,plant,awt31,14,BRT,tgb,0.6431451612903226,0.1648554059448634,0.6078431372549019,0.5899166666666666,0.6049680469136698,0.5431684984680416,6.379115581512451
AWT,plant,awt31,14,RF,random,0.720766129032258,0.3648824165168838,0.6078431372549019,0.7053833333333333,0.749162771408467,0.5995037850203433,16.326999187469482
AWT,plant,awt31,14,RF,tgb,0.6048387096774193,0.2009450096904343,0.6078431372549019,0.5166666666666667,0.6076113645246303,0.619692528365673,15.126511573791504
AWT,plant,awt31,14,MaxEnt,random,0.6435483870967742,0.2095713536167941,0.6078431372549019,0.7509666666666666,0.8090192483177417,0.6977002628600766,32.12417125701904
AWT,plant,awt31,14,MaxEnt,tgb,0.6487903225806453,0.2847347902325433,0.6078431372549019,0.5759666666666667,0.6995066783118978,0.6686581162818869,2.186239719390869
AWT,plant,awt32,74,GLM,random,0.6061912225705329,0.1672903743959149,0.4313725490196078,0.7952400000000001,0.7462155189525737,0.4723262174911918,7.029348373413086
AWT,plant,awt32,74,GLM,tgb,0.5466300940438872,0.072194690973029,0.4313725490196078,0.6670985714285714,0.6001044647838238,0.5303671372725292,1.3146367073059082
AWT,plant,awt32,74,BRT,random,0.6332288401253918,0.0917345557144599,0.4313725490196078,0.7897390476190476,0.7151200620464102,0.5430324395681232,23.030951023101807
AWT,plant,awt32,74,BRT,tgb,0.6152037617554859,0.1853563199099124,0.4313725490196078,0.6133742857142856,0.5820136453930098,0.527993569748647,7.923634767532349
AWT,plant,awt32,74,RF,random,0.6040360501567399,0.201090222757169,0.4313725490196078,0.8089752380952382,0.7046455628243963,0.5213276102393667,19.194164752960205
AWT,plant,awt32,74,RF,tgb,0.5873824451410659,0.1665180915529401,0.4313725490196078,0.5762011904761905,0.5137679875051131,0.5320720835149467,21.00644087791443
AWT,plant,awt32,74,MaxEnt,random,0.5803291536050157,0.0957569914082718,0.4313725490196078,0.8036395238095239,0.7190648921900928,0.5093287396480332,55.72555279731751
AWT,plant,awt32,74,MaxEnt,tgb,0.6336206896551724,0.2210604600178671,0.4313725490196078,0.6507757142857142,0.6071096592913366,0.5496304177563475,1.80926775932312
AWT,plant,awt33,18,GLM,random,0.6196581196581197,0.1298458084381004,0.2352941176470588,0.7056083333333334,0.7849743226035526,0.6814780409357352,4.670586585998535
AWT,plant,awt33,18,GLM,tgb,0.7889957264957266,0.407098360197973,0.2352941176470588,0.4598750000000001,0.4771697639580322,0.6922173305829913,0.807410478591919
AWT,plant,awt33,18,BRT,random,0.5913461538461539,0.1261937666430099,0.2352941176470588,0.6681666666666667,0.6828896662544365,0.5934104494200982,23.19624066352844
AWT,plant,awt33,18,BRT,tgb,0.7900641025641025,0.2570126161261037,0.2352941176470588,0.6079916666666666,0.5976373200099718,0.6766436325508567,7.063265562057495
AWT,plant,awt33,18,RF,random,0.6842948717948718,0.2771398307722959,0.2352941176470588,0.7782333333333333,0.8317907225026507,0.7277082586901983,16.743884801864624
AWT,plant,awt33,18,RF,tgb,0.8012820512820513,0.4467288520188769,0.2352941176470588,0.5725166666666667,0.6904241768754604,0.7640858650118918,17.89690399169922
AWT,plant,awt33,18,MaxEnt,random,0.6335470085470085,0.218764180585765,0.2352941176470588,0.7924833333333333,0.8423411757963162,0.7156361284911508,35.94161295890808
AWT,plant,awt33,18,MaxEnt,tgb,0.8173076923076923,0.462700152523885,0.2352941176470588,0.5202666666666667,0.5890216379817026,0.7549041667826922,1.8795790672302248
AWT,plant,awt34,28,GLM,random,0.8812260536398467,0.4894616750239665,0.1470588235294117,0.8720600000000001,0.7556213979592344,0.7293124225860388,3.932329893112183
AWT,plant,awt34,28,GLM,tgb,0.846743295019157,0.4451647583816951,0.1470588235294117,0.7403233333333333,0.6313894099255767,0.7190078285614362,0.7152166366577148
AWT,plant,awt34,28,BRT,random,0.9042145593869731,0.0949380184516232,0.1470588235294117,0.90213,0.8405111698899658,0.7737031484529157,17.672541618347168
AWT,plant,awt34,28,BRT,tgb,0.9019157088122606,0.3068697630795592,0.1470588235294117,0.8807599999999999,0.7992152866772733,0.7395801836148556,6.030328273773193
AWT,plant,awt34,28,RF,random,0.9183908045977012,0.5846534178596278,0.1470588235294117,0.9137133333333336,0.8250722757924459,0.777771337901263,13.893753290176392
AWT,plant,awt34,28,RF,tgb,0.8743295019157088,0.4722443687576019,0.1470588235294117,0.8491250000000001,0.7224352443835516,0.7376635487371382,14.23667597770691
AWT,plant,awt34,28,MaxEnt,random,0.8812260536398467,0.5090500156383905,0.1470588235294117,0.89512,0.8316405750138843,0.7573659380027049,39.29078364372253
AWT,plant,awt34,28,MaxEnt,tgb,0.9003831417624522,0.5572357731832698,0.1470588235294117,0.8932933333333335,0.7786588230460686,0.7360886049133187,1.922823905944824
AWT,plant,awt35,44,GLM,random,0.666923076923077,0.1883666140779731,0.5098039215686274,0.7134847222222221,0.717617307564365,0.4773633114213348,6.2208411693573
AWT,plant,awt35,44,GLM,tgb,0.4192307692307692,-0.1812473382045838,0.5098039215686274,0.3908486111111111,0.3937311144563126,0.4434072300223036,1.1405878067016602
AWT,plant,awt35,44,BRT,random,0.6407692307692308,0.0189718612888571,0.5098039215686274,0.7602986111111112,0.7123340360899633,0.5251771474627058,22.28334140777588
AWT,plant,awt35,44,BRT,tgb,0.658076923076923,0.2183220235998972,0.5098039215686274,0.5832583333333333,0.5361354325453421,0.5014407557333272,7.499345541000366
AWT,plant,awt35,44,RF,random,0.7015384615384614,0.3355036243480572,0.5098039215686274,0.7665236111111111,0.7289043466206528,0.4858527237051847,19.078672885894772
AWT,plant,awt35,44,RF,tgb,0.5492307692307693,0.0605634645543372,0.5098039215686274,0.4660965277777777,0.386451427889196,0.5036432746906702,18.58911180496216
AWT,plant,awt35,44,MaxEnt,random,0.7111538461538461,0.2589171856511216,0.5098039215686274,0.7507708333333334,0.7110173291701534,0.4188619663084377,36.89847183227539
AWT,plant,awt35,44,MaxEnt,tgb,0.635,0.2211870426454844,0.5098039215686274,0.4553125,0.4028712217097315,0.4026824434184563,1.5068321228027344
AWT,plant,awt36,56,GLM,random,0.5024990388312188,-0.0584585851547196,0.5,0.8252469696969695,0.7061301562620985,0.5402677050591684,5.973637819290161
AWT,plant,awt36,56,GLM,tgb,0.586312956555171,0.1356234569552635,0.5,0.605030303030303,0.5409009131987115,0.5365691280264451,0.9423470497131348
AWT,plant,awt36,56,BRT,random,0.4532871972318339,-0.1538350535080414,0.5,0.7837318181818181,0.6938441505321468,0.5177280893902845,22.24051165580749
AWT,plant,awt36,56,BRT,tgb,0.5697808535178777,0.1528340554790666,0.5,0.5668227272727273,0.4767766319923597,0.5188849244251683,7.498295307159424
AWT,plant,awt36,56,RF,random,0.405997693194925,-0.1618996466546894,0.5,0.797582196969697,0.7121291037334336,0.5207749892384039,19.67536473274231
AWT,plant,awt36,56,RF,tgb,0.5263360246059208,0.0667197013406454,0.5,0.5258973484848485,0.4195297238153424,0.5076694772706968,17.40117049217224
AWT,plant,awt36,56,MaxEnt,random,0.3879277201076508,-0.2004063676768669,0.5,0.8074901515151515,0.7068505371347595,0.4675536881817369,32.202280044555664
AWT,plant,awt36,56,MaxEnt,tgb,0.510957324106113,0.0004084043012187,0.5,0.556059090909091,0.4998694374123505,0.5237170150987225,1.1953954696655271
AWT,plant,awt37,28,GLM,random,0.871252204585538,0.5077074050955991,0.2058823529411764,0.87828,0.7522003343300524,0.6970271610896611,3.989876508712769
AWT,plant,awt37,28,GLM,tgb,0.8271604938271605,0.4671861589282763,0.2058823529411764,0.80497,0.723510153083089,0.7039385367510368,0.7045753002166748
AWT,plant,awt37,28,BRT,random,0.7895355673133451,0.4770714479767666,0.2058823529411764,0.8153599999999999,0.7277803826175635,0.6396103692978693,16.880908012390137
AWT,plant,awt37,28,BRT,tgb,0.8547912992357437,0.4315515307917885,0.2058823529411764,0.7939466666666666,0.6999918691356992,0.6687515640640641,5.326164484024048
AWT,plant,awt37,28,RF,random,0.8492063492063492,0.4769310527089501,0.2058823529411764,0.9066983333333332,0.8032952982740569,0.7466721185471186,14.72008466720581
AWT,plant,awt37,28,RF,tgb,0.8389182833627278,0.4932054892146563,0.2058823529411764,0.8636883333333334,0.7923369210537969,0.7527156620906621,13.77130889892578
AWT,plant,awt37,28,MaxEnt,random,0.8277483833039389,0.4558012284671686,0.2058823529411764,0.8952433333333334,0.7942200247689829,0.7114634724009724,28.00466227531433
AWT,plant,awt37,28,MaxEnt,tgb,0.8154027042915932,0.4605674269942448,0.2058823529411764,0.8117300000000001,0.7347665011329078,0.7210708476333476,1.580960750579834
AWT,plant,awt38,42,GLM,random,0.7601744186046512,0.3578627628169052,0.1568627450980392,0.7621416666666667,0.7255739240466613,0.4722835559322614,5.856388092041016
AWT,plant,awt38,42,GLM,tgb,0.7180232558139534,0.2725736038537198,0.1568627450980392,0.6284430555555556,0.5371716846931127,0.3801758371976818,0.937619686126709
AWT,plant,awt38,42,BRT,random,0.7965116279069768,0.176332761182979,0.1568627450980392,0.7409250000000001,0.7382114352663102,0.5051269470012189,21.927549362182617
AWT,plant,awt38,42,BRT,tgb,0.7848837209302326,0.0817022629765578,0.1568627450980392,0.6337347222222222,0.6247028725274204,0.5102792845234593,7.1891562938690186
AWT,plant,awt38,42,RF,random,0.8793604651162791,0.4855334847269569,0.1568627450980392,0.7941444444444444,0.803242374489113,0.5976404617137627,16.43737769126892
AWT,plant,awt38,42,RF,tgb,0.7674418604651162,0.3172053044299118,0.1568627450980392,0.6072124999999999,0.580306439084311,0.5645182642420506,13.862138271331789
AWT,plant,awt38,42,MaxEnt,random,0.8241279069767442,0.3845652669088572,0.1568627450980392,0.8116541666666667,0.7899450387686701,0.5727154492217599,24.40715456008911
AWT,plant,awt38,42,MaxEnt,tgb,0.7965116279069767,0.378121931927763,0.1568627450980392,0.6775055555555556,0.654165702527922,0.5375396004271409,0.710118293762207
AWT,plant,awt39,20,GLM,random,0.6482142857142857,0.219347458566418,0.3137254901960784,0.67675,0.6682694927144442,0.4565711951657234,4.5209386348724365
AWT,plant,awt39,20,GLM,tgb,0.6933035714285715,0.3116283212815662,0.3137254901960784,0.62525,0.6515424556080401,0.4536115140060826,0.8394327163696289
AWT,plant,awt39,20,BRT,random,0.7308035714285714,0.2434510864096668,0.3137254901960784,0.6922499999999999,0.7146986023268156,0.4940549287004059,21.55310583114624
AWT,plant,awt39,20,BRT,tgb,0.7080357142857143,0.3108560596935067,0.3137254901960784,0.57535,0.6546439927312784,0.60045587761246,6.79805588722229
AWT,plant,awt39,20,RF,random,0.8046874999999999,0.5122202449168947,0.3137254901960784,0.7496,0.7375830759165299,0.5504969938458633,15.829461574554443
AWT,plant,awt39,20,RF,tgb,0.7245535714285715,0.4048696744102911,0.3137254901960784,0.6288375,0.6364897209824477,0.5999008710248447,13.075703620910645
AWT,plant,awt39,20,MaxEnt,random,0.7580357142857143,0.4045065793757898,0.3137254901960784,0.7688499999999999,0.7255490850269073,0.4901644240056206,21.67060875892639
AWT,plant,awt39,20,MaxEnt,tgb,0.7776785714285714,0.4207834950671889,0.3137254901960784,0.6945000000000001,0.6838064892164931,0.5408628641888502,0.8626165390014648
AWT,plant,awt40,57,GLM,random,0.8093983311374615,0.4980559087469836,0.3235294117647059,0.7584878787878788,0.7351632039708674,0.4307389037446892,6.514246463775635
AWT,plant,awt40,57,GLM,tgb,0.722880983750549,0.3543378866366006,0.3235294117647059,0.5961189393939395,0.5950590854917259,0.4253369240358434,1.0846707820892334
AWT,plant,awt40,57,BRT,random,0.7856829161176988,0.2557351130434092,0.3235294117647059,0.7806965909090909,0.7069000278389705,0.4246861614185183,21.310957431793213
AWT,plant,awt40,57,BRT,tgb,0.7369345630215196,0.2504522359311436,0.3235294117647059,0.6343511363636363,0.53028820176884,0.3925254593944031,6.763753890991211
AWT,plant,awt40,57,RF,random,0.8069828722002634,0.51147397135858,0.3235294117647059,0.7924303030303032,0.7065938085729218,0.4128488475076993,15.10044288635254
AWT,plant,awt40,57,RF,tgb,0.6236275801493193,0.2260540495428263,0.3235294117647059,0.4917632575757576,0.4169834364847844,0.3859074678084464,13.099195957183838
AWT,plant,awt40,57,MaxEnt,random,0.7628458498023716,0.3880378384552588,0.3235294117647059,0.7834939393939393,0.7504190098490922,0.4433692183243535,19.113943815231323
AWT,plant,awt40,57,MaxEnt,tgb,0.6684233640755379,0.2619877086575055,0.3235294117647059,0.5977416666666666,0.5239239733485628,0.3940890026165909,0.6020505428314209
CAN,bird,can01,16,GLM,random,0.7038868491979517,0.0574810355903739,0.0157847779836661,0.6246083333333334,0.5497851327631089,0.5481784934335244,6.682974338531494
CAN,bird,can01,16,GLM,tgb,0.8670402282297942,0.2027689326819799,0.0157847779836661,0.4673916666666667,0.3861077492820682,0.5953232436781198,3.136191129684448
CAN,bird,can01,16,BRT,random,0.5630792528566622,0.000706240228867,0.0157847779836661,0.6892083333333333,0.6210254679603842,0.5572550244446528,21.10656428337097
CAN,bird,can01,16,BRT,tgb,0.7990131668702989,0.0496613814795264,0.0157847779836661,0.3660916666666666,0.330091491355349,0.5677262446445883,13.299184799194336
CAN,bird,can01,16,RF,random,0.6096708130838006,0.0282441638579963,0.0157847779836661,0.7624333333333334,0.7851203888086693,0.4528144775188119,15.146575689315796
CAN,bird,can01,16,RF,tgb,0.922062314495078,0.2357532532108776,0.0157847779836661,0.3400583333333332,0.25777895990326,0.722704714660984,14.782129764556885
CAN,bird,can01,16,MaxEnt,random,0.6237899546147713,0.0394557752947373,0.0157847779836661,0.731425,0.7109618791888155,0.534072430221424,35.61140465736389
CAN,bird,can01,16,MaxEnt,tgb,0.9334078637412344,0.2666914078587711,0.0157847779836661,0.4547666666666666,0.283372734801911,0.6704790908122952,17.72138023376465
CAN,bird,can02,740,GLM,random,0.7030268142134279,0.2824087766631938,0.1840642371834465,0.9832371621621622,0.8848763978099378,0.6300478348850284,20.077183723449707
CAN,bird,can02,740,GLM,tgb,0.7063993286395304,0.2784232096218473,0.1840642371834465,0.9726520270270268,0.8165910567256637,0.5911471150716865,4.317853212356567
CAN,bird,can02,740,BRT,random,0.6986796805323716,0.257627564646262,0.1840642371834465,0.9851608108108107,0.8353539254442686,0.6240287434332913,20.172781944274902
CAN,bird,can02,740,BRT,tgb,0.7067289216201894,0.2671086473260335,0.1840642371834465,0.974858108108108,0.8186924354901024,0.6004133992026902,14.02794885635376
CAN,bird,can02,740,RF,random,0.7042571545934871,0.280743932202988,0.1840642371834465,0.9852114864864864,0.8760493165824084,0.6514481429257334,34.44997501373291
CAN,bird,can02,740,RF,tgb,0.7017973833149274,0.2630104385755363,0.1840642371834465,0.9725010135135136,0.8139805654442644,0.5804254785430337,54.1733136177063
CAN,bird,can02,740,MaxEnt,random,0.6990016997269486,0.1876116368562083,0.1840642371834465,0.9837212837837838,0.898394811482223,0.5770562147191562,418.5347471237183
CAN,bird,can02,740,MaxEnt,tgb,0.7064861684476511,0.2675652253159478,0.1840642371834465,0.9737155405405408,0.8806851253427904,0.608469006965293,46.33104515075684
CAN,bird,can03,165,GLM,random,0.5182245135090003,0.0040003821188998,0.0482465170544231,0.900569696969697,0.7900527810982888,0.5304684356519827,14.786280393600464
CAN,bird,can03,165,GLM,tgb,0.6131655979298413,0.0889390618556163,0.0482465170544231,0.5696878787878787,0.614048235273132,0.6270858744034593,4.5754148960113525
CAN,bird,can03,165,BRT,random,0.5143324521673769,0.0112540679836982,0.0482465170544231,0.9039212121212122,0.7622727683293224,0.5072818158361418,22.956761360168457
CAN,bird,can03,165,BRT,tgb,0.6282107749514729,0.0915013359134396,0.0482465170544231,0.5400303030303031,0.4779576844444634,0.5971169242479737,14.719862461090088
CAN,bird,can03,165,RF,random,0.4893103067696603,-0.0257831226530471,0.0482465170544231,0.9103515151515152,0.8046245978698774,0.5407967856863453,22.108402013778687
CAN,bird,can03,165,RF,tgb,0.6488672305964672,0.1108250605132377,0.0482465170544231,0.3958545454545454,0.3507537866387826,0.5857731092696522,24.22989583015442
CAN,bird,can03,165,MaxEnt,random,0.4980389681044729,0.0007054776639649,0.0482465170544231,0.8915272727272727,0.7847575522841721,0.5052657770936317,187.09394097328183
CAN,bird,can03,165,MaxEnt,tgb,0.6461105439992845,0.1074359616180662,0.0482465170544231,0.3491848484848485,0.4344480621163967,0.6321037842909405,33.62899327278137
CAN,bird,can04,42,GLM,random,0.5008602530230584,0.0001029644019532,0.0608743394413561,0.9556479166666666,0.881669486270926,0.748681213261323,9.76378846168518
CAN,bird,can04,42,GLM,tgb,0.6262427387444154,0.1088561108263039,0.0608743394413561,0.9367076388888887,0.8705894740670658,0.7325512747883874,2.8115384578704834
CAN,bird,can04,42,BRT,random,0.5441942992861585,0.0719271428141947,0.0608743394413561,0.9496729166666666,0.8644684284479055,0.6929717787201467,20.90650415420532
CAN,bird,can04,42,BRT,tgb,0.6435727816157712,0.1032850419606551,0.0608743394413561,0.9009020833333334,0.853025246129015,0.663078704292704,14.895294666290283
CAN,bird,can04,42,RF,random,0.5509709493752857,-0.0103494563938909,0.0608743394413561,0.9594708333333332,0.8642649640124611,0.7129075143042389,16.801098585128784
CAN,bird,can04,42,RF,tgb,0.6874457681796267,0.1585160658964444,0.0608743394413561,0.9041604166666666,0.8447206590412154,0.7028447603002788,17.749438524246216
CAN,bird,can04,42,MaxEnt,random,0.5443523192352295,0.054340138297256,0.0608743394413561,0.9527326388888888,0.8586950683201845,0.6712784140660306,61.77254056930542
CAN,bird,can04,42,MaxEnt,tgb,0.7197219194925434,0.1851008166486479,0.0608743394413561,0.867645138888889,0.7468241381378339,0.6801406137868575,20.66155171394348
CAN,bird,can05,138,GLM,random,0.6267808222127487,0.1021843254046624,0.0580605311920938,0.9582988095238096,0.8123961228616476,0.558515901070882,14.008294582366943
CAN,bird,can05,138,GLM,tgb,0.5903854848919377,0.0814701821175179,0.0580605311920938,0.8995723544973544,0.752232793364507,0.5097633478628169,3.5227935314178467
CAN,bird,can05,138,BRT,random,0.6287012276780909,0.0944112220843515,0.0580605311920938,0.9650392857142857,0.7878029275268775,0.5559410224735805,21.38071227073669
CAN,bird,can05,138,BRT,tgb,0.6119028795101344,0.0962340681432815,0.0580605311920938,0.9120604497354498,0.7084835871894531,0.5546687095837588,14.598142385482788
CAN,bird,can05,138,RF,random,0.6352931399019064,0.1131725687717468,0.0580605311920938,0.9678359126984126,0.8277885733483794,0.5922512748626687,19.226561546325684
CAN,bird,can05,138,RF,tgb,0.6115893931368875,0.1026238633964808,0.0580605311920938,0.8860642857142856,0.719612739716133,0.5852430269195901,23.283297538757324
CAN,bird,can05,138,MaxEnt,random,0.6318284695578034,0.0957151179585397,0.0580605311920938,0.9623542328042328,0.8431370048651488,0.5362705997755893,121.81441259384157
CAN,bird,can05,138,MaxEnt,tgb,0.602561932936308,0.0932569279318958,0.0580605311920938,0.8928251322751322,0.7032803212757119,0.5545600062984473,31.58423924446106
CAN,bird,can06,27,GLM,random,0.8874325170835423,0.1010297846081082,0.0036373618831926,0.9897533333333334,0.8961204047919966,0.7382128744079884,6.9823408126831055
CAN,bird,can06,27,GLM,tgb,0.8822145313430043,0.1029426234598559,0.0036373618831926,0.9848866666666668,0.7043116749528544,0.6660225105619413,1.8302507400512693
CAN,bird,can06,27,BRT,random,0.9043224156349828,0.1231901956718415,0.0036373618831926,0.98944,0.9096667650111568,0.7019552254737863,13.971747875213625
CAN,bird,can06,27,BRT,tgb,0.906206868766684,0.1158602489045225,0.0036373618831926,0.97698,0.8000440556736133,0.6406769649608928,9.41311764717102
CAN,bird,can06,27,RF,random,0.9071776870352224,0.0969636013783688,0.0036373618831926,0.9904466666666666,0.9036504506474884,0.7391398271378345,12.555962324142456
CAN,bird,can06,27,RF,tgb,0.9009745871748018,0.1173278180974549,0.0036373618831926,0.98684,0.9098203333498508,0.7547214146436845,11.99519419670105
CAN,bird,can06,27,MaxEnt,random,0.8855097250777824,0.1018146511980155,0.0036373618831926,0.9911566666666668,0.8762113886336931,0.6511937542757186,35.45425295829773
CAN,bird,can06,27,MaxEnt,tgb,0.887376633301016,0.1091866539230715,0.0036373618831926,0.97173,0.8334995032464123,0.6563078967096755,15.004027843475342
CAN,bird,can07,221,GLM,random,0.6445120847775715,0.0816645320990883,0.0228536133415688,0.9795686868686868,0.911546820097602,0.6336037012930771,14.876663446426392
CAN,bird,can07,221,GLM,tgb,0.6677352658178617,0.0869776748780861,0.0228536133415688,0.9713142424242426,0.8604262845099283,0.5833996547158685,3.748941659927368
CAN,bird,can07,221,BRT,random,0.6832866368264598,0.08262310721741,0.0228536133415688,0.9832174747474748,0.8845970619766804,0.6741286592094705,20.216949462890625
CAN,bird,can07,221,BRT,tgb,0.7047408765697851,0.0997598234954809,0.0228536133415688,0.972695505050505,0.8791908689268528,0.6399893107909693,14.03904938697815
CAN,bird,can07,221,RF,random,0.6944454990177704,0.1041143367878636,0.0228536133415688,0.9829781565656566,0.9011957805353056,0.700737338852299,20.540117502212524
CAN,bird,can07,221,RF,tgb,0.7152715294308214,0.1093787435704052,0.0228536133415688,0.9709874494949494,0.8948857898582403,0.6859031745981851,26.24827599525452
CAN,bird,can07,221,MaxEnt,random,0.6620665123614976,0.0536491289628139,0.0228536133415688,0.979830404040404,0.8966371202399666,0.6051978223447749,240.0413429737091
CAN,bird,can07,221,MaxEnt,tgb,0.7051502619349226,0.1057280685658012,0.0228536133415688,0.965115101010101,0.8842169496779894,0.6222164003467109,50.25179719924927
CAN,bird,can08,322,GLM,random,0.534347092010821,0.0613865315233863,0.1784366206849221,0.9748879326923078,0.8682783142539335,0.5614794656155954,16.96938681602478
CAN,bird,can08,322,GLM,tgb,0.548597170726692,0.0794000864262528,0.1784366206849221,0.9562695673076924,0.7455294995435156,0.5038934246637601,3.749098539352417
CAN,bird,can08,322,BRT,random,0.5361696053925191,0.0388513291443205,0.1784366206849221,0.977055528846154,0.8366438612619597,0.5560636500489747,21.00513505935669
CAN,bird,can08,322,BRT,tgb,0.5483077051592631,0.0591790743539791,0.1784366206849221,0.9585720673076924,0.7826719812256525,0.5367742782578782,14.238830089569092
CAN,bird,can08,322,RF,random,0.5317374359831131,0.0559420605645982,0.1784366206849221,0.9756026322115384,0.830863645584788,0.5530105107323375,24.31859660148621
CAN,bird,can08,322,RF,tgb,0.5387638074063602,0.0584012857934271,0.1784366206849221,0.95772859375,0.8210207884437668,0.5351156619085407,32.466402530670166
CAN,bird,can08,322,MaxEnt,random,0.5415244372618444,0.0479319599095871,0.1784366206849221,0.9742811298076924,0.8380865775348134,0.5312936774484938,200.028621673584
CAN,bird,can08,322,MaxEnt,tgb,0.5504126157444593,0.0782373548380047,0.1784366206849221,0.9616734615384616,0.7871051904913549,0.5238210664058957,44.8731849193573
CAN,bird,can09,119,GLM,random,0.6893056175335448,0.0717683173469482,0.0111866035275547,0.9794317028985506,0.9068771357987556,0.6935003692262721,13.022406101226808
CAN,bird,can09,119,GLM,tgb,0.7636078116111362,0.0985036196026645,0.0111866035275547,0.9675164855072464,0.8693550548548167,0.6151608571872702,3.240236282348633
CAN,bird,can09,119,BRT,random,0.7505824984756253,0.0847387372205303,0.0111866035275547,0.9811188405797102,0.9014401395145024,0.7386078935644702,19.79243493080139
CAN,bird,can09,119,BRT,tgb,0.7878138593760113,0.1182303806853409,0.0111866035275547,0.9690384057971014,0.8647858515997207,0.7054229141770396,14.239200353622437
CAN,bird,can09,119,RF,random,0.7429921345673671,0.0852725123196642,0.0111866035275547,0.9798996376811594,0.8921505129998664,0.7610672119602566,18.299433946609497
CAN,bird,can09,119,RF,tgb,0.8091687303917728,0.1199418336192144,0.0111866035275547,0.9686893115942028,0.8633781110675247,0.6971369366618478,21.652994871139526
CAN,bird,can09,119,MaxEnt,random,0.7130756430476592,0.072056243302936,0.0111866035275547,0.9814599637681158,0.8858046384810383,0.6420471232236638,110.3996593952179
CAN,bird,can09,119,MaxEnt,tgb,0.7695792725922546,0.1092942390572098,0.0111866035275547,0.9653255434782608,0.8640000074784714,0.7035326924024287,34.74279189109802
CAN,bird,can10,234,GLM,random,0.692858866060305,0.2041598278013165,0.0858554663372452,0.976986170212766,0.9012714432752682,0.6637976624444522,14.960296154022217
CAN,bird,can10,234,GLM,tgb,0.7155547033844395,0.2135411945219577,0.0858554663372452,0.9664020814061056,0.8857715906804936,0.6674014703049538,3.658283472061157
CAN,bird,can10,234,BRT,random,0.6794542144062526,0.1543021964200597,0.0858554663372452,0.9751269657724329,0.7667343371004026,0.5714518334438939,20.194640159606934
CAN,bird,can10,234,BRT,tgb,0.703117536001229,0.1762446959043376,0.0858554663372452,0.962514384828862,0.7821393344360483,0.5902923187065691,14.033635377883911
CAN,bird,can10,234,RF,random,0.6780717168007335,0.1897753880810011,0.0858554663372452,0.9802712072155412,0.862762442280286,0.6109750900299741,21.22277307510376
CAN,bird,can10,234,RF,tgb,0.7054514646541026,0.1966161276700944,0.0858554663372452,0.9586528214616096,0.742062463061987,0.5646133673735192,27.25294256210327
CAN,bird,can10,234,MaxEnt,random,0.6570984053597961,0.0764089770778858,0.0858554663372452,0.9770151248843664,0.8696780899359766,0.5977057877731715,158.5401828289032
CAN,bird,can10,234,MaxEnt,tgb,0.7179089161103549,0.2106559181934378,0.0858554663372452,0.9621959296947272,0.8722149103349546,0.6470449747717423,43.23117113113403
CAN,bird,can11,478,GLM,random,0.5842607846859558,0.1603181331010914,0.309656166357834,0.9657625986842104,0.8628667535035776,0.5809665786525835,18.190401077270508
CAN,bird,can11,478,GLM,tgb,0.5709763305187338,0.1130682036807014,0.309656166357834,0.8685290350877194,0.7166471468877886,0.5477528373842644,4.778588771820068
CAN,bird,can11,478,BRT,random,0.5834824645407697,0.1321025709131953,0.309656166357834,0.9694934649122808,0.8083290304286912,0.552770523717464,22.19522738456726
CAN,bird,can11,478,BRT,tgb,0.5581237256040426,0.0811749626941107,0.309656166357834,0.888387423245614,0.5958926661590873,0.5671966063275826,14.342843770980837
CAN,bird,can11,478,RF,random,0.5870786561415309,0.1542922530729483,0.309656166357834,0.9708071107456142,0.8271694700190926,0.5676282102344837,30.34054207801819
CAN,bird,can11,478,RF,tgb,0.543734883072849,0.0649814672591051,0.309656166357834,0.837097346491228,0.6181818010146125,0.6056852215785088,40.80795121192932
CAN,bird,can11,478,MaxEnt,random,0.5888084217126048,0.0648173393180947,0.309656166357834,0.9691125109649124,0.853686690646047,0.616064922757473,323.89975333213806
CAN,bird,can11,478,MaxEnt,tgb,0.5695678850279803,0.0999826602184144,0.309656166357834,0.8890947587719298,0.7025357595461683,0.6012953192023556,47.68559908866882
CAN,bird,can12,312,GLM,random,0.5474497055903672,0.0439023573068711,0.1403472651156406,0.8562519969278034,0.7376753505709839,0.5060375556673689,18.436084747314453
CAN,bird,can12,312,GLM,tgb,0.8266038327320737,0.3982954738211585,0.1403472651156406,0.4174230926779314,0.453982241696383,0.668995652510253,5.361800193786621
CAN,bird,can12,312,BRT,random,0.5592174243344016,0.080012661246289,0.1403472651156406,0.8890336661546339,0.7767563130176217,0.5378393079168928,22.585424184799194
CAN,bird,can12,312,BRT,tgb,0.8251016272461349,0.4106582134937425,0.1403472651156406,0.4096423707117255,0.3961649901852057,0.6736445760352787,14.171741247177124
CAN,bird,can12,312,RF,random,0.5206666661461519,0.026341496151678,0.1403472651156406,0.9004438940092166,0.7965209109055728,0.5295461872816468,28.509165048599243
CAN,bird,can12,312,RF,tgb,0.829571000875636,0.4057773474059803,0.1403472651156406,0.3573770865335381,0.3433474589541888,0.6888401500107589,31.40541124343872
CAN,bird,can12,312,MaxEnt,random,0.5499399195882833,0.0566602230722818,0.1403472651156406,0.8758929339477726,0.7589196790686437,0.5196558973644568,299.0415050983429
CAN,bird,can12,312,MaxEnt,tgb,0.8402394315666933,0.4379720712254784,0.1403472651156406,0.3726617767537122,0.4102971464076413,0.6985520759755074,43.77840733528137
CAN,bird,can13,39,GLM,random,0.3556750800927483,-0.1154739303612085,0.0504426600782376,0.7783357142857144,0.6230473083349262,0.4452397210648278,9.5415141582489
CAN,bird,can13,39,GLM,tgb,0.536715862985842,0.0497888804475745,0.0504426600782376,0.4310375000000001,0.3997991726032744,0.4853468902449315,3.126420497894287
CAN,bird,can13,39,BRT,random,0.4311777124842419,-0.0318336608529863,0.0504426600782376,0.8679732142857143,0.6588008171093676,0.4682204076279918,24.79968285560608
CAN,bird,can13,39,BRT,tgb,0.588307589586861,0.0573548712570295,0.0504426600782376,0.4853875,0.4161325680235558,0.5631493726360042,17.057597398757935
CAN,bird,can13,39,RF,random,0.3249527015200414,-0.162930986646591,0.0504426600782376,0.8831357142857141,0.7259702743651996,0.4837412983925673,22.01094388961792
CAN,bird,can13,39,RF,tgb,0.6760197689946172,0.1462599063488362,0.0504426600782376,0.3007125,0.3572914850027188,0.6464158936343524,22.445109128952023
CAN,bird,can13,39,MaxEnt,random,0.4073806770467655,-0.0475860102586717,0.0504426600782376,0.8652107142857144,0.6718835898563297,0.454456118858012,64.23216938972473
CAN,bird,can13,39,MaxEnt,tgb,0.6161345341837227,0.1026739544203304,0.0504426600782376,0.3677142857142857,0.3563092016516784,0.5451789147309489,21.48494982719421
CAN,bird,can14,18,GLM,random,0.506882630019053,0.0036879856939304,0.0274517877976803,0.7270083333333334,0.3797625411656951,0.2969377851765424,6.463283538818359
CAN,bird,can14,18,GLM,tgb,0.7783975195822455,0.2034527515295779,0.0274517877976803,0.595075,0.4323475801888679,0.4809578828208628,2.526028871536255
CAN,bird,can14,18,BRT,random,0.5105954943193847,0.0115538650716194,0.0274517877976803,0.7744833333333333,0.5561426266849192,0.4361023440830937,21.92217254638672
CAN,bird,can14,18,BRT,tgb,0.7777493649001481,0.0793873098977445,0.0274517877976803,0.5217833333333333,0.4761017895778741,0.5942235118550235,15.049940586090088
CAN,bird,can14,18,RF,random,0.233218103874109,-0.2408537559822683,0.0274517877976803,0.8640874999999999,0.5605187271191097,0.2809671720857619,18.49833869934082
CAN,bird,can14,18,RF,tgb,0.9016164173311692,0.2508723601044677,0.0274517877976803,0.4835874999999999,0.3639062149768454,0.6979682717965292,19.57672619819641
CAN,bird,can14,18,MaxEnt,random,0.372657892879825,-0.0559378290692478,0.0274517877976803,0.7788166666666666,0.5614280102643675,0.362754733093408,52.466450452804565
CAN,bird,can14,18,MaxEnt,tgb,0.8398760673205844,0.250674622258324,0.0274517877976803,0.4770916666666666,0.4362320233223982,0.5779115718996746,18.33742094039917
CAN,bird,can15,721,GLM,random,0.6656660744732175,0.2326582891345925,0.2076041452199574,0.9490767385057473,0.8279907602882897,0.5088737989919092,20.187498331069943
CAN,bird,can15,721,GLM,tgb,0.5894134421709497,0.1234366198041604,0.2076041452199574,0.8153011829501915,0.7390835222286404,0.514040733957497,5.703186273574829
CAN,bird,can15,721,BRT,random,0.656108730725678,0.2247191276767979,0.2076041452199574,0.9581153591954024,0.8337340601462019,0.5276085320438467,25.10161089897156
CAN,bird,can15,721,BRT,tgb,0.5737916462071226,0.1107974573601548,0.2076041452199574,0.8586024473180076,0.7228996588241563,0.5214895841489998,15.650562524795532
CAN,bird,can15,721,RF,random,0.6610088428177338,0.2317632424399744,0.2076041452199574,0.9598266283524904,0.8308994621100669,0.5393374341045529,48.131661891937256
CAN,bird,can15,721,RF,tgb,0.5556218245952589,0.0772995212447801,0.2076041452199574,0.7409450526819923,0.7372636066572287,0.5598407178397409,63.55483651161194
CAN,bird,can15,721,MaxEnt,random,0.6565607065092129,0.2005285422676668,0.2076041452199574,0.949642183908046,0.8362638231812445,0.5329826886002349,310.55822801589966
CAN,bird,can15,721,MaxEnt,tgb,0.5905496805447988,0.1301654036163402,0.2076041452199574,0.8093546072796937,0.7441808793106418,0.5202401453986198,14.764163255691528
CAN,bird,can16,57,GLM,random,0.4431324341004045,-0.0301888508451051,0.0216869123601674,0.7656015151515152,0.6390922689516196,0.4961253526927055,10.55078625679016
CAN,bird,can16,57,GLM,tgb,0.7539449848820534,0.1398773156991367,0.0216869123601674,0.4724098484848484,0.455028500400461,0.56729595973147,3.912875890731812
CAN,bird,can16,57,BRT,random,0.4848383201097549,0.0118124537897167,0.0216869123601674,0.8558719696969697,0.6862054017860759,0.50676006507668,28.03662395477295
CAN,bird,can16,57,BRT,tgb,0.7054162652233948,0.0858773744337552,0.0216869123601674,0.5225,0.4687989824177792,0.6390466698360833,17.651585817337036
CAN,bird,can16,57,RF,random,0.3782159491006931,-0.0844688613972255,0.0216869123601674,0.8747878787878788,0.704561885488231,0.4498736397215038,26.519991159439087
CAN,bird,can16,57,RF,tgb,0.809618876787625,0.1605351357078786,0.0216869123601674,0.4560291666666666,0.3313451658645158,0.6091504872506259,22.5961811542511
CAN,bird,can16,57,MaxEnt,random,0.4352568940944549,-0.0138114478920873,0.0216869123601674,0.8296356060606062,0.6279104066744987,0.4684119239184013,58.04910373687744
CAN,bird,can16,57,MaxEnt,tgb,0.7782504695221308,0.1500235700348677,0.0216869123601674,0.419525,0.3948304362513194,0.6454798865253499,18.97633051872253
CAN,bird,can17,313,GLM,random,0.4610899749277584,-0.0541197794176756,0.1892800768650058,0.9212307987711214,0.7926746705471305,0.4829622266396689,19.84287142753601
CAN,bird,can17,313,GLM,tgb,0.7318875874939464,0.3027390543776893,0.1892800768650058,0.7383992575524833,0.6309654392211108,0.4872526905992588,5.548614978790283
CAN,bird,can17,313,BRT,random,0.4949846922617608,-0.0079081444378547,0.1892800768650058,0.9370218637992832,0.7828614606078967,0.5128138572833847,26.725998878479004
CAN,bird,can17,313,BRT,tgb,0.7065159007047643,0.2806634752036648,0.1892800768650058,0.7377225806451613,0.6383000983478126,0.5434227865499643,18.00680184364319
CAN,bird,can17,313,RF,random,0.460065765601459,-0.0703747916724127,0.1892800768650058,0.9430673579109063,0.7908955594018241,0.5232752938701649,31.96167492866516
CAN,bird,can17,313,RF,tgb,0.7037919194859561,0.2723176182011015,0.1892800768650058,0.6655366743471582,0.6301529819918565,0.5682525949117218,33.825470209121704
CAN,bird,can17,313,MaxEnt,random,0.4709888234757163,-0.0405261341041197,0.1892800768650058,0.9313811827956988,0.7655945967749826,0.4822539754584735,164.12448382377625
CAN,bird,can17,313,MaxEnt,tgb,0.7349629164953717,0.3124869774739252,0.1892800768650058,0.5978043522785458,0.5026223989540278,0.5099039571658899,33.04027819633484
CAN,bird,can18,612,GLM,random,0.7556569920091901,0.232095608939596,0.0812572918811337,0.9713630814340932,0.8515998111443016,0.6261620739705925,18.99107360839844
CAN,bird,can18,612,GLM,tgb,0.7305024956139377,0.2264242677332945,0.0812572918811337,0.9413470011995204,0.7603421030463184,0.5991931187306346,5.568527936935425
CAN,bird,can18,612,BRT,random,0.7393596033566248,0.2269675842825532,0.0812572918811337,0.9735263361322138,0.8667290811886504,0.6346561497845185,26.36792993545532
CAN,bird,can18,612,BRT,tgb,0.738636489817673,0.2339181148037942,0.0812572918811337,0.943599600159936,0.8054322907112448,0.6184069990923047,16.345941066741943
CAN,bird,can18,612,RF,random,0.7510154125422202,0.2342118269752867,0.0812572918811337,0.9732848360655736,0.8483873319574904,0.6236849004949201,37.57635712623596
CAN,bird,can18,612,RF,tgb,0.7289916952509392,0.2191983234167372,0.0812572918811337,0.9115177962148474,0.7601830822935466,0.6153917860120484,42.82680797576904
CAN,bird,can18,612,MaxEnt,random,0.7472777959759266,0.2330665059950067,0.0812572918811337,0.9705083599893376,0.87593428150666,0.6055592124425676,212.2404677867889
CAN,bird,can18,612,MaxEnt,tgb,0.7439057897536738,0.2387295456154665,0.0812572918811337,0.941776762628282,0.7978648398681992,0.6282809077723279,15.974942207336426
CAN,bird,can19,109,GLM,random,0.5291110996539952,0.0080381627955581,0.0016471072678608,0.966667316017316,0.77636997871203,0.5004978790335972,14.061888694763184
CAN,bird,can19,109,GLM,tgb,0.556768577713618,0.0061241952267257,0.0016471072678608,0.908464935064935,0.6739835818617423,0.4680864929212115,3.719217777252197
CAN,bird,can19,109,BRT,random,0.5440798217272749,-0.0016481577930584,0.0016471072678608,0.9679664502164502,0.8625956643500196,0.5960690349175916,24.55394220352173
CAN,bird,can19,109,BRT,tgb,0.596699491304049,0.0107897578750185,0.0016471072678608,0.919990909090909,0.7781555160915538,0.5925481902025149,16.15558385848999
CAN,bird,can19,109,RF,random,0.5325983593409866,0.0068880992471446,0.0016471072678608,0.9752997835497836,0.8383124713958706,0.5703192512024793,21.803341388702396
CAN,bird,can19,109,RF,tgb,0.5664971013496483,0.0074235097862394,0.0016471072678608,0.9149079004329004,0.7700143778807214,0.6390449811825689,22.692742109298703
CAN,bird,can19,109,MaxEnt,random,0.4338279943172705,-0.0173446736222732,0.0016471072678608,0.9664231601731602,0.8208849585203378,0.559395662262067,77.6148750782013
CAN,bird,can19,109,MaxEnt,tgb,0.5098660090282074,-0.000605667822825,0.0016471072678608,0.8765515151515153,0.6400261585487537,0.5474521569929466,26.8647518157959
CAN,bird,can20,380,GLM,random,0.6058032966516556,0.0671817268955892,0.0612861162583213,0.9140881578947369,0.8225751628965522,0.6125551219627788,19.54313802719116
CAN,bird,can20,380,GLM,tgb,0.7543837407713844,0.213867009868589,0.0612861162583213,0.7026631578947369,0.6296859934902582,0.6399648273532932,5.16116189956665
CAN,bird,can20,380,BRT,random,0.6424246225005228,0.1106547449201991,0.0612861162583213,0.9297539473684212,0.8226290578623553,0.624281354885419,25.080182790756226
CAN,bird,can20,380,BRT,tgb,0.7762995791707104,0.2335941588852438,0.0612861162583213,0.7034605263157895,0.650823877576763,0.6600735450464819,15.482166290283203
CAN,bird,can20,380,RF,random,0.6186556517385058,0.0827380548263089,0.0612861162583213,0.934579605263158,0.826194048003719,0.627259595135184,31.54731154441833
CAN,bird,can20,380,RF,tgb,0.7801752743102557,0.2310848750427017,0.0612861162583213,0.6118967105263158,0.5592371175279969,0.6180514303735334,33.44844627380371
CAN,bird,can20,380,MaxEnt,random,0.6182016404499129,0.0976677286123726,0.0612861162583213,0.9203947368421052,0.8007807899822164,0.600046279638494,165.7729423046112
CAN,bird,can20,380,MaxEnt,tgb,0.7719092887819627,0.232764773761435,0.0612861162583213,0.6528513157894736,0.6463438495860566,0.6687108386262658,27.41536784172058
NSW,ba,nsw01,26,GLM,random,0.6782592592592592,0.2028914583477541,0.21052631578947367,0.8902599999999999,0.8907544858813788,0.7599379669294923,13.709839344024658
NSW,ba,nsw01,26,GLM,tgb,0.6807037037037037,0.22899799790402778,0.21052631578947367,0.79787,0.718343211859897,0.7133792186052074,1.0668330192565918
NSW,ba,nsw01,26,BRT,random,0.5583703703703704,0.05169554783929611,0.21052631578947367,0.8969733333333334,0.8770702122691758,0.7412373617175877,10.18464708328247
NSW,ba,nsw01,26,BRT,tgb,0.717888888888889,0.21422061581767893,0.21052631578947367,0.8616733333333334,0.7428030693373744,0.7562941923111414,1.638993740081787
NSW,ba,nsw01,26,RF,random,0.6608333333333334,0.2338851078679992,0.21052631578947367,0.9422783333333333,0.9112948660487279,0.759014139240128,5.079214096069336
NSW,ba,nsw01,26,RF,tgb,0.8072037037037036,0.410528423777728,0.21052631578947367,0.87501,0.8553194563944472,0.719250716849587,13.171653509140015
NSW,ba,nsw01,26,MaxEnt,random,0.663888888888889,0.10258038663963623,0.21052631578947367,0.9112133333333332,0.7405835336352837,0.537256777016664,53.32093596458435
NSW,ba,nsw01,26,MaxEnt,tgb,0.7835925925925926,0.34566906337105546,0.21052631578947367,0.6358666666666667,0.513603564423234,0.6006046083023484,1.9296419620513916
NSW,ba,nsw02,6,GLM,random,0.6051811654011225,0.14719198717471366,0.1824561403508772,0.7020500000000001,0.5699865616635316,0.45222222222222225,8.88374662399292
NSW,ba,nsw02,6,GLM,tgb,0.6477488445031364,0.2715826640347611,0.1824561403508772,0.6547499999999999,0.5937809817955804,0.6574074074074074,0.9598743915557861
NSW,ba,nsw02,6,BRT,random,0.5780166721690327,0.024186629172091315,0.1824561403508772,0.8278000000000001,0.7848110197242061,0.7459259259259259,13.00930666923523
NSW,ba,nsw02,6,BRT,tgb,0.6035304555959062,0.15444256968741574,0.1824561403508772,0.68555,0.6371067445436428,0.784074074074074,1.2559576034545898
NSW,ba,nsw02,6,RF,random,0.6766672169032683,0.21951539359433306,0.1824561403508772,0.772525,0.6971511758091422,0.5427777777777778,3.8103630542755127
NSW,ba,nsw02,6,RF,tgb,0.6949178771871904,0.26878051725081964,0.1824561403508772,0.6606,0.5635701965462708,0.7407407407407408,4.9848480224609375
NSW,ba,nsw02,6,MaxEnt,random,0.6042216903268406,0.2160896955635753,0.1824561403508772,0.7908499999999999,0.7720424702279858,0.592962962962963,22.683671236038208
NSW,ba,nsw02,6,MaxEnt,tgb,0.688975321888412,0.27174961940928094,0.1824561403508772,0.5911500000000001,0.5754352016672554,0.7222222222222223,0.6815991401672363
NSW,ba,nsw03,12,GLM,random,0.7046578194119177,0.12037697672715655,0.03684210526315789,0.8525166666666667,0.7097960592833715,0.7018681318681318,9.221722602844238
NSW,ba,nsw03,12,GLM,tgb,0.7115968427443837,0.16285834973897748,0.03684210526315789,0.7946666666666667,0.7144456240290006,0.7033699633699634,1.0212295055389404
NSW,ba,nsw03,12,BRT,random,0.6017000607164542,0.033234152373274484,0.03684210526315789,0.8790333333333333,0.8150688638997806,0.6705494505494505,13.024944305419922
NSW,ba,nsw03,12,BRT,tgb,0.691213461705265,0.0500534192790327,0.03684210526315789,0.7933999999999999,0.6858610391852236,0.7785714285714285,1.345585823059082
NSW,ba,nsw03,12,RF,random,0.5362130280163067,0.0383902184528442,0.03684210526315789,0.9044166666666665,0.8296030554117038,0.7003113553113552,4.056988716125488
NSW,ba,nsw03,12,RF,tgb,0.7365339578454333,0.14662581676232542,0.03684210526315789,0.6096583333333333,0.643378597321891,0.840952380952381,5.569043874740601
NSW,ba,nsw03,12,MaxEnt,random,0.6997137652875358,0.1464753452183946,0.03684210526315789,0.8712166666666666,0.7970768908288329,0.7251648351648351,37.39231324195862
NSW,ba,nsw03,12,MaxEnt,tgb,0.6693555382079972,0.09353157381749255,0.03684210526315789,0.537,0.4429728366748045,0.7217582417582418,1.9502499103546143
NSW,ba,nsw04,49,GLM,random,0.8052568697729988,0.15671241707019304,0.021052631578947368,0.9360933333333332,0.9236158941826341,0.7857126827078821,13.043467283248901
NSW,ba,nsw04,49,GLM,tgb,0.7955495818399044,0.16256507330695233,0.021052631578947368,0.8209466666666666,0.7666289918867598,0.8564896668813301,1.0583581924438477
NSW,ba,nsw04,49,BRT,random,0.8437873357228195,0.1757323632104635,0.021052631578947368,0.9681811111111113,0.862828413602624,0.666099759967215,10.455018520355225
NSW,ba,nsw04,49,BRT,tgb,0.8790322580645161,0.22184411611104723,0.021052631578947368,0.9113222222222224,0.7719493030381495,0.6797406475030735,1.2401325702667236
NSW,ba,nsw04,49,RF,random,0.8450567502986858,0.19114405258638714,0.021052631578947368,0.9645188888888889,0.9256581866045227,0.8098559803290205,4.654507875442505
NSW,ba,nsw04,49,RF,tgb,0.8778375149342892,0.2224446288192315,0.021052631578947368,0.9370244444444443,0.8794287933713102,0.822054719669028,9.444998979568481
NSW,ba,nsw04,49,MaxEnt,random,0.8109318996415771,0.13717915971762717,0.021052631578947368,0.9608166666666665,0.8242243764025549,0.6171774681419903,97.09561800956726
NSW,ba,nsw04,49,MaxEnt,tgb,0.8234767025089605,0.19529802166360255,0.021052631578947368,0.8598155555555553,0.8358999115311582,0.8567467751692913,1.9835405349731445
NSW,ba,nsw05,22,GLM,random,0.5349999999999999,0.05661482038222026,0.07017543859649122,0.7599500000000001,0.6131883838795187,0.5141005291005292,12.653564453125
NSW,ba,nsw05,22,GLM,tgb,0.5868396226415095,0.11181582507089988,0.07017543859649122,0.76625,0.7029763305075329,0.6337962962962963,1.1486244201660156
NSW,ba,nsw05,22,BRT,random,0.432311320754717,-0.023609022841601417,0.07017543859649122,0.70985,0.6525697537864952,0.44917989417989423,12.45489501953125
NSW,ba,nsw05,22,BRT,tgb,0.5610377358490566,0.04598175256124518,0.07017543859649122,0.465505,0.41924803366535224,0.6276851851851852,2.310753345489502
NSW,ba,nsw05,22,RF,random,0.44375000000000003,-0.059388097961541805,0.07017543859649122,0.7648675,0.7257194878230748,0.430707671957672,8.32272744178772
NSW,ba,nsw05,22,RF,tgb,0.6000943396226415,0.09296651583397018,0.07017543859649122,0.41599499999999995,0.4017151208493762,0.6982671957671958,12.309779405593872
NSW,ba,nsw05,22,MaxEnt,random,0.4888679245283019,-0.004033230520628857,0.07017543859649122,0.818825,0.8003754671810552,0.5622751322751323,46.22553300857544
NSW,ba,nsw05,22,MaxEnt,tgb,0.5693396226415094,0.06841896330395593,0.07017543859649122,0.54168,0.5213104549882559,0.6275,1.780336618423462
NSW,ba,nsw06,44,GLM,random,0.4718993459150939,-0.0364996024530722,0.33157894736842103,0.8097666666666667,0.6881438639498322,0.4963579403053087,14.981595993041992
NSW,ba,nsw06,44,GLM,tgb,0.494840922662445,0.03036319647166659,0.33157894736842103,0.6166027777777778,0.5488972616879736,0.662021189336979,0.9324405193328857
NSW,ba,nsw06,44,BRT,random,0.479565054368204,-0.06558695119421525,0.33157894736842103,0.916563888888889,0.7488362405846587,0.6115988835725679,10.692055940628052
NSW,ba,nsw06,44,BRT,tgb,0.5378216611812413,0.06110122610987159,0.33157894736842103,0.8077736111111111,0.6042799586754746,0.6152540442014127,2.279186487197876
NSW,ba,nsw06,44,RF,random,0.48227304920218306,-0.0337834042892238,0.33157894736842103,0.9237722222222221,0.8240164725242067,0.6096289587605377,9.919798612594604
NSW,ba,nsw06,44,RF,tgb,0.5225180185810107,0.030653675283486892,0.33157894736842103,0.8262756944444444,0.6656919481967603,0.549055023923445,11.524709939956665
NSW,ba,nsw06,44,MaxEnt,random,0.463108778069408,-0.08976236157603128,0.33157894736842103,0.9169583333333333,0.8107043551025781,0.5447165641376167,119.79136276245117
NSW,ba,nsw06,44,MaxEnt,tgb,0.5303225985640684,0.053390222071976405,0.33157894736842103,0.5104277777777778,0.4332184189805006,0.5309778992936888,2.5311245918273926
NSW,ba,nsw07,28,GLM,random,0.7351797442101625,0.23060277992586545,0.07719298245614035,0.9111866666666666,0.8958418172449096,0.7803259845679327,13.219606399536133
NSW,ba,nsw07,28,GLM,tgb,0.7692706533010716,0.2764621820347019,0.07719298245614035,0.8456400000000001,0.812588398863816,0.6977440208390719,1.1388664245605469
NSW,ba,nsw07,28,BRT,random,0.7017801590044938,0.2761518819538696,0.07719298245614035,0.8619433333333333,0.7360559064504544,0.6174046462832795,11.367891550064087
NSW,ba,nsw07,28,BRT,tgb,0.7786467334946422,0.2940466706335358,0.07719298245614035,0.7915166666666666,0.6470911637271637,0.655668938288734,2.2592625617980957
NSW,ba,nsw07,28,RF,random,0.6969840995506394,0.18581546464364984,0.07719298245614035,0.8961583333333334,0.8384483476110353,0.6232084621322642,8.56389832496643
NSW,ba,nsw07,28,RF,tgb,0.8280979951607327,0.30245103954825564,0.07719298245614035,0.7391083333333334,0.6917804736828568,0.7181771423130417,12.334447860717773
NSW,ba,nsw07,28,MaxEnt,random,0.7392412720359489,0.215729946543405,0.07719298245614035,0.9211166666666667,0.9025140692357579,0.6912813325715919,66.98883891105652
NSW,ba,nsw07,28,MaxEnt,tgb,0.8202125820947114,0.3348661712703086,0.07719298245614035,0.6889433333333332,0.692244658406722,0.6973436389481165,2.3834035396575928
NSW,db,nsw08,129,GLM,random,0.85,0.2435771906074246,0.02849002849002849,0.924592,0.8058335074715997,0.7086637183089171,16.939061164855957
NSW,db,nsw08,129,GLM,tgb,0.86158357771261,0.2761777525617079,0.02849002849002849,0.7608950769230769,0.677945624597019,0.7754333629392268,2.224881410598755
NSW,db,nsw08,129,BRT,random,0.8511730205278593,0.2607513142150681,0.02849002849002849,0.9626643076923077,0.8976882504569499,0.7546850114151749,8.46505880355835
NSW,db,nsw08,129,BRT,tgb,0.8832111436950147,0.29643168472356174,0.02849002849002849,0.9071773846153846,0.8079020901115361,0.7943681318478256,2.940255880355835
NSW,db,nsw08,129,RF,random,0.8323313782991203,0.24124755165350995,0.02849002849002849,0.9549782307692309,0.8910265325602928,0.7609897158953959,12.9777991771698
NSW,db,nsw08,129,RF,tgb,0.8763563049853372,0.27521587392299585,0.02849002849002849,0.9004521538461538,0.7633677959254964,0.8135556326193424,8.97765326499939
NSW,db,nsw08,129,MaxEnt,random,0.8576979472140762,0.25059745687270324,0.02849002849002849,0.9528375384615384,0.8830016515893784,0.7269771651910675,146.35815858840942
NSW,db,nsw08,129,MaxEnt,tgb,0.8857038123167156,0.2934218531058287,0.02849002849002849,0.881761076923077,0.7850631507353152,0.8222644001855918,3.0003747940063477
NSW,db,nsw09,426,GLM,random,0.5932051948051947,0.09845476293168526,0.10968660968660969,0.8353000820793435,0.8039741257354065,0.5478455915402725,23.530250549316406
NSW,db,nsw09,426,GLM,tgb,0.6721038961038961,0.18255860644184202,0.10968660968660969,0.5155145006839945,0.5239748890107435,0.7171417023121326,3.4396021366119385
NSW,db,nsw09,426,BRT,random,0.6418077922077922,0.14774955444558094,0.10968660968660969,0.8482505882352941,0.815786749773188,0.5472340610633856,17.722933530807495
NSW,db,nsw09,426,BRT,tgb,0.7046025974025975,0.21728633799325647,0.10968660968660969,0.6063276470588235,0.5709863813595897,0.7423921572357881,8.81579852104187
NSW,db,nsw09,426,RF,random,0.6626181818181818,0.17795605464801867,0.10968660968660969,0.8626132968536251,0.8188886072332036,0.5351157159210225,30.525481462478638
NSW,db,nsw09,426,RF,tgb,0.7085610389610391,0.22504229604069625,0.10968660968660969,0.560303707250342,0.5207513017772728,0.7596004487300263,30.241087675094604
NSW,db,nsw09,426,MaxEnt,random,0.6048207792207791,0.11499788476759365,0.10968660968660969,0.8467363474692202,0.8114847697628935,0.5057645065389711,287.4631769657135
NSW,db,nsw09,426,MaxEnt,tgb,0.680187012987013,0.1966632219844054,0.10968660968660969,0.46518458276333785,0.4322914812600067,0.7504112827176456,24.812439918518066
NSW,db,nsw10,65,GLM,random,0.9636015325670498,0.21450525604419599,0.008547008547008548,0.9413846153846155,0.939197458570524,0.8624956643025501,12.857672691345215
NSW,db,nsw10,65,GLM,tgb,0.9614463601532567,0.2621726431924345,0.008547008547008548,0.9153692307692308,0.9082631582018885,0.8308176764720065,1.9802393913269043
NSW,db,nsw10,65,BRT,random,0.9808429118773947,0.3453810688512123,0.008547008547008548,0.9684615384615384,0.9475502987702213,0.8767481231153664,15.35103702545166
NSW,db,nsw10,65,BRT,tgb,0.9858716475095785,0.4197222449294381,0.008547008547008548,0.9240076923076923,0.8949818964408309,0.856361363207653,7.597159385681152
NSW,db,nsw10,65,RF,random,0.9765325670498084,0.22377980918157223,0.008547008547008548,0.9774038461538461,0.9737583340728594,0.9261715692833379,16.27496337890625
NSW,db,nsw10,65,RF,tgb,0.9741379310344828,0.2751457029963559,0.008547008547008548,0.9510461538461538,0.9640879609878452,0.9436861281143061,14.821465730667114
NSW,db,nsw10,65,MaxEnt,random,0.9515086206896552,0.26455433854738114,0.008547008547008548,0.976023076923077,0.9702906648152239,0.8979235177744648,88.44062757492065
NSW,db,nsw10,65,MaxEnt,tgb,0.9791666666666666,0.3576057083004701,0.008547008547008548,0.9413230769230768,0.9370156240366668,0.9270280175590604,8.927154302597046
NSW,db,nsw11,48,GLM,random,0.6067658164444787,0.0379094691161908,0.027065527065527065,0.9184266666666667,0.8784690832207376,0.7975083332577819,12.370349168777466
NSW,db,nsw11,48,GLM,tgb,0.767511751560453,0.1591412856105661,0.027065527065527065,0.8382555555555555,0.7969579511794569,0.7889525484621055,2.0484910011291504
NSW,db,nsw11,48,BRT,random,0.5302458195268552,0.023348364198990265,0.027065527065527065,0.9310344444444445,0.8620205094132245,0.7346857708986967,19.79017424583435
NSW,db,nsw11,48,BRT,tgb,0.7457039377359944,0.051547958105384005,0.027065527065527065,0.8670200000000001,0.8449947822651366,0.80799659373613,7.032246351242065
NSW,db,nsw11,48,RF,random,0.7048239192417353,0.10844133365105295,0.027065527065527065,0.9523438888888889,0.9294002163774995,0.8026106123173413,16.044453382492065
NSW,db,nsw11,48,RF,tgb,0.8563227248208368,0.22178549646933618,0.027065527065527065,0.8677372222222222,0.8508525183543159,0.8631428761932595,15.837299108505249
NSW,db,nsw11,48,MaxEnt,random,0.6636356630962472,0.006379185507691418,0.027065527065527065,0.95206,0.9279586936663987,0.7917294919245371,107.05896329879761
NSW,db,nsw11,48,MaxEnt,tgb,0.8644524928720043,0.22017708298745398,0.027065527065527065,0.810491111111111,0.7628824453875638,0.8178708021557786,7.4321513175964355
NSW,db,nsw12,139,GLM,random,0.6779698216735253,0.11374690106255979,0.038461538461538464,0.9011825396825397,0.8613542858930663,0.6919372264746338,16.18655228614807
NSW,db,nsw12,139,GLM,tgb,0.7643895747599451,0.18667266302516114,0.038461538461538464,0.8203335978835978,0.7526245781286842,0.6909991029012854,2.8162994384765625
NSW,db,nsw12,139,BRT,random,0.6452126200274347,0.08782238597236235,0.038461538461538464,0.9159855158730158,0.8548082315299386,0.6016818473119551,19.88750648498535
NSW,db,nsw12,139,BRT,tgb,0.7595061728395063,0.20625124235929396,0.038461538461538464,0.8324161375661376,0.742419593704702,0.6799560553457181,6.705005884170532
NSW,db,nsw12,139,RF,random,0.6480932784636488,0.09707781202932163,0.038461538461538464,0.9168299603174603,0.8633147572972716,0.6397679920575186,19.13749933242798
NSW,db,nsw12,139,RF,tgb,0.773278463648834,0.21987093882233666,0.038461538461538464,0.8299397486772486,0.7039161315607076,0.7149088422189726,22.19283413887024
NSW,db,nsw12,139,MaxEnt,random,0.664718792866941,0.08069467651219962,0.038461538461538464,0.9113359788359789,0.8691857661766281,0.6352556274485609,209.75981855392456
NSW,db,nsw12,139,MaxEnt,tgb,0.7848559670781893,0.2384537689722882,0.038461538461538464,0.8270634920634921,0.7415383608626073,0.7266721851424789,17.191359519958496
NSW,db,nsw13,155,GLM,random,0.7891285081240768,0.19085205395694696,0.03561253561253561,0.9372774193548385,0.8264048171211064,0.7014775791317046,15.85033369064331
NSW,db,nsw13,155,GLM,tgb,0.8495125553914328,0.26532376937392244,0.03561253561253561,0.8943516129032257,0.6794057284520647,0.6765154220562074,2.30000638961792
NSW,db,nsw13,155,BRT,random,0.8291875923190547,0.2211002509216336,0.03561253561253561,0.9676612903225807,0.9028551371617268,0.7892366053696886,18.587960958480835
NSW,db,nsw13,155,BRT,tgb,0.83397341211226,0.3067194698546869,0.03561253561253561,0.9193774193548387,0.7919810751576393,0.7839634897393442,6.91300892829895
NSW,db,nsw13,155,RF,random,0.8171048744460856,0.21567238802448166,0.03561253561253561,0.9624870967741934,0.9113198786265432,0.7903533795569961,20.665968894958496
NSW,db,nsw13,155,RF,tgb,0.8382570162481535,0.29034693177133564,0.03561253561253561,0.9217709677419356,0.775824806949118,0.8061132450848341,16.909422397613525
NSW,db,nsw13,155,MaxEnt,random,0.7995864106351551,0.17775935480836666,0.03561253561253561,0.9558935483870968,0.8461395519235069,0.6969140468847741,270.40524435043335
NSW,db,nsw13,155,MaxEnt,tgb,0.8176070901033973,0.2634143862086822,0.03561253561253561,0.888216129032258,0.7223091109532607,0.7301377698555604,17.452911376953125
NSW,db,nsw14,315,GLM,random,0.701220422268401,0.30229295568315473,0.22934472934472935,0.900357142857143,0.8324986999081461,0.6150697992515191,20.933912754058838
NSW,db,nsw14,315,GLM,tgb,0.7849278423898692,0.4185290438538658,0.22934472934472935,0.770420634920635,0.735923746405647,0.66686921812002,2.552396297454834
NSW,db,nsw14,315,BRT,random,0.6611405150342705,0.22198540686643287,0.22934472934472935,0.9193079365079365,0.8826747527083624,0.660936242802572,20.571306467056274
NSW,db,nsw14,315,BRT,tgb,0.7992560360960265,0.44186130305371446,0.22934472934472935,0.8427777777777777,0.8033505431065452,0.719449293845438,7.921454668045044
NSW,db,nsw14,315,RF,random,0.6513989506435058,0.22356498014581028,0.22934472934472935,0.9180833333333333,0.8820236444612212,0.6632242084270308,13.313015222549438
NSW,db,nsw14,315,RF,tgb,0.8090894478823436,0.45278903411018606,0.22934472934472935,0.8171468253968254,0.7795380489222665,0.7192390772280188,31.98400640487671
NSW,db,nsw14,315,MaxEnt,random,0.6821563472290788,0.21877234416716534,0.22934472934472935,0.9146650793650792,0.8761053648427657,0.6110188639121453,300.1745615005493
NSW,db,nsw14,315,MaxEnt,tgb,0.7995889829049034,0.4420453628680134,0.22934472934472935,0.7985920634920636,0.7512462435050528,0.6768791582825561,16.330277919769287
NSW,db,nsw15,236,GLM,random,0.7773986548155638,0.36967486071473343,0.1752136752136752,0.9130633865248227,0.8704036834271985,0.7363274115392237,22.30603551864624
NSW,db,nsw15,236,GLM,tgb,0.797885336366317,0.4060903548232009,0.1752136752136752,0.8783516400709219,0.8244020396357221,0.7427045129642132,2.799755096435547
NSW,db,nsw15,236,BRT,random,0.8100874791131331,0.429393448592607,0.1752136752136752,0.934521409574468,0.8933309696066539,0.7609571836288498,7.772742748260498
NSW,db,nsw15,236,BRT,tgb,0.8279483831107741,0.4550925624078589,0.1752136752136752,0.8957705673758865,0.8292428961799162,0.7626273996883767,4.477362871170044
NSW,db,nsw15,236,RF,random,0.8192566381622365,0.4393855535814842,0.1752136752136752,0.9364514849290781,0.9011140718936094,0.7873342239100427,31.058183193206787
NSW,db,nsw15,236,RF,tgb,0.8500919724223148,0.4792899827592254,0.1752136752136752,0.9011165336879433,0.8390476103773302,0.7873584343902121,25.642061471939087
NSW,db,nsw15,236,MaxEnt,random,0.7740707977027957,0.3993686941922003,0.1752136752136752,0.9287972739361703,0.9041792125283512,0.7701989690609509,232.40522837638855
NSW,db,nsw15,236,MaxEnt,tgb,0.831641321594563,0.45714725931221534,0.1752136752136752,0.893286170212766,0.8490410344584616,0.7892661105241477,16.201958656311035
NSW,nb,nsw16,120,GLM,random,0.6343797048022399,0.1626284259807936,0.12576956904133685,0.8499708333333335,0.7952479857616279,0.516166856912188,4.132318735122681
NSW,nb,nsw16,120,GLM,tgb,0.5829100476987801,0.09806370698800042,0.12576956904133685,0.79415,0.7655209811998113,0.6425172902931816,0.5631318092346191
NSW,nb,nsw16,120,BRT,random,0.6268098099084014,0.13245622599581172,0.12576956904133685,0.8935458333333333,0.8553457040096614,0.5863399845768267,23.85797119140625
NSW,nb,nsw16,120,BRT,tgb,0.6223283758495026,0.1367043711136185,0.12576956904133685,0.7729916666666667,0.7282952394969604,0.5992911019371122,7.0184032917022705
NSW,nb,nsw16,120,RF,random,0.6351922725162162,0.16184154547947824,0.12576956904133685,0.8994104166666667,0.8675729162955413,0.5632845056754225,22.761255264282227
NSW,nb,nsw16,120,RF,tgb,0.6319138607871002,0.15190403658405385,0.12576956904133685,0.7872770833333333,0.7700300563894331,0.5654976314008573,18.809865713119507
NSW,nb,nsw16,120,MaxEnt,random,0.6426882976178752,0.14872148075462333,0.12576956904133685,0.8931291666666666,0.8668003386100829,0.5725398503590354,181.3325297832489
NSW,nb,nsw16,120,MaxEnt,tgb,0.6297786720321932,0.1438532140874548,0.12576956904133685,0.8164541666666667,0.7808831064029487,0.6123258083173193,5.333810567855835
NSW,nb,nsw17,148,GLM,random,0.5955025776866332,0.11200640593727286,0.12401055408970976,0.8317811494252874,0.7912851850604129,0.5229992614624194,19.02980089187622
NSW,nb,nsw17,148,GLM,tgb,0.5364436469281381,0.040736731604229345,0.12401055408970976,0.487358275862069,0.4490644098620177,0.5441221761327024,1.5602190494537354
NSW,nb,nsw17,148,BRT,random,0.5720470534620752,0.08203326997799143,0.12401055408970976,0.8432928735632185,0.795105320512761,0.46884765744765744,16.479851722717285
NSW,nb,nsw17,148,BRT,tgb,0.5347275627332023,0.04390280815428688,0.12401055408970976,0.5278345977011495,0.46999259565107004,0.5592610260610261,5.181185007095337
NSW,nb,nsw17,148,RF,random,0.5404241077786323,0.049030944853573316,0.12401055408970976,0.8571456896551723,0.8247321472188206,0.4538340993919941,25.741141319274902
NSW,nb,nsw17,148,RF,tgb,0.5183713577715117,0.03348145344349923,0.12401055408970976,0.41098436781609193,0.3272660964095684,0.5394669407722039,27.272804021835327
NSW,nb,nsw17,148,MaxEnt,random,0.539562505340511,0.03805169722419621,0.12401055408970976,0.8497942528735631,0.8012104033399456,0.42725692840429685,195.66801524162292
NSW,nb,nsw17,148,MaxEnt,tgb,0.521938819106212,0.033890288248097325,0.12401055408970976,0.47716206896551727,0.373264082329335,0.5616015106751948,1.380617380142212
NSW,ot,nsw18,69,GLM,random,0.6122671670836808,0.1510493317614975,0.21204819277108433,0.723167032967033,0.6931146557882834,0.706323016186563,14.966280221939087
NSW,ot,nsw18,69,GLM,tgb,0.6738128996385877,0.21837501101956003,0.21204819277108433,0.6922016483516483,0.655716309589116,0.6883705116385271,2.184382200241089
NSW,ot,nsw18,69,BRT,random,0.6876146788990827,0.19370355430250447,0.21204819277108433,0.7404637362637363,0.6741810519773593,0.7018121370324722,25.069679260253906
NSW,ot,nsw18,69,BRT,tgb,0.728185988323603,0.27221672363225946,0.21204819277108433,0.737643956043956,0.6700374811714677,0.7297427353528277,6.079180717468262
NSW,ot,nsw18,69,RF,random,0.7335133444537114,0.33327651482182946,0.21204819277108433,0.7460093406593407,0.6906623033466646,0.7207500851426519,29.2017719745636
NSW,ot,nsw18,69,RF,tgb,0.7502807895468446,0.3533470772750518,0.21204819277108433,0.7092373626373627,0.6651223922022351,0.7685031396798803,24.36825728416443
NSW,ot,nsw18,69,MaxEnt,random,0.6958437586877955,0.24195684367977735,0.21204819277108433,0.6945005494505494,0.6695860736927799,0.6850053162252292,118.88726282119751
NSW,ot,nsw18,69,MaxEnt,tgb,0.7476980817347788,0.3403808820371869,0.21204819277108433,0.7066472527472527,0.72296129462598,0.7920113467385808,3.9894931316375732
NSW,ot,nsw19,47,GLM,random,0.8191508104298801,0.14572921807036407,0.005301204819277108,0.8166233333333333,0.7600779816359281,0.7878979094321091,16.442530870437622
NSW,ot,nsw19,47,GLM,tgb,0.8494097956307258,0.1146012470303536,0.005301204819277108,0.8100155555555555,0.7577984717751858,0.8176171501397219,1.6782941818237305
NSW,ot,nsw19,47,BRT,random,0.9421247357293868,0.17090183376693427,0.005301204819277108,0.847591111111111,0.797728894885762,0.8528472041967253,22.458097219467163
NSW,ot,nsw19,47,BRT,tgb,0.9642353770260748,0.2403393012160323,0.005301204819277108,0.8635877777777778,0.8390854219330084,0.8987814237998917,6.316817998886108
NSW,ot,nsw19,47,RF,random,0.9728021494009866,0.21388342617388284,0.005301204819277108,0.8846772222222221,0.8203017905065524,0.8612884625128128,24.466888189315796
NSW,ot,nsw19,47,RF,tgb,0.969785059901339,0.18420618943850284,0.005301204819277108,0.8719344444444446,0.8174786370670806,0.8724000335176806,19.287279844284058
NSW,ot,nsw19,47,MaxEnt,random,0.9646758280479211,0.22451126905523516,0.005301204819277108,0.8678055555555556,0.8175674262871926,0.858408539603478,30.977355241775513
NSW,ot,nsw19,47,MaxEnt,tgb,0.9568798449612402,0.20329130787343225,0.005301204819277108,0.8712666666666667,0.8447711298914944,0.885904057588052,0.8764610290527344
NSW,ot,nsw20,18,GLM,random,0.7632549134021166,0.19137141473841568,0.01783132530120482,0.7787083333333333,0.670123051047609,0.6897496994446202,13.817922353744507
NSW,ot,nsw20,18,GLM,tgb,0.5857226215420523,0.20468052598152744,0.01783132530120482,0.7411,0.6800826437435255,0.7073295840575543,1.3719239234924316
NSW,ot,nsw20,18,BRT,random,0.8721587141606769,0.14903546442344476,0.01783132530120482,0.8896833333333334,0.8104723526241385,0.8790855956117427,17.452900648117065
NSW,ot,nsw20,18,BRT,tgb,0.8755404079250988,0.2440088764071801,0.01783132530120482,0.8767750000000001,0.7701991552738398,0.8260984562260962,5.569271087646484
NSW,ot,nsw20,18,RF,random,0.9618664297270775,0.27244556465291103,0.01783132530120482,0.9338083333333334,0.8930446241387019,0.9282387931101216,22.263391733169556
NSW,ot,nsw20,18,RF,tgb,0.9667334164390101,0.2573261974253278,0.01783132530120482,0.9328416666666666,0.8939650912317316,0.933738629062559,4.471256494522095
NSW,ot,nsw20,18,MaxEnt,random,0.8540434448187147,0.22386673320005912,0.01783132530120482,0.9191291666666667,0.9053915908221026,0.930616366289923,23.45368194580078
NSW,ot,nsw20,18,MaxEnt,tgb,0.9076200832824975,0.2816802740170127,0.01783132530120482,0.9083249999999999,0.8730983709107946,0.9134348775836003,2.3640546798706055
NSW,ot,nsw21,37,GLM,random,0.7738006792613034,0.1988543203684131,0.026987951807228915,0.7097089285714285,0.5162791816364809,0.4758944158341877,11.788078784942627
NSW,ot,nsw21,37,GLM,tgb,0.7375645652020095,0.139479205271255,0.026987951807228915,0.7055928571428571,0.49334896719882837,0.4820729156235844,1.1398985385894775
NSW,ot,nsw21,37,BRT,random,0.9066457935328663,0.2710682308138376,0.026987951807228915,0.8201303571428571,0.6285772119455364,0.594206668574017,25.37395215034485
NSW,ot,nsw21,37,BRT,tgb,0.8720105427014788,0.23759787648628497,0.026987951807228915,0.7672,0.5906187780903084,0.5913200130070704,6.1608357429504395
NSW,ot,nsw21,37,RF,random,0.9042533432392275,0.27085571766126976,0.026987951807228915,0.8373473214285714,0.6652886613785972,0.6294568845417193,5.915739297866821
NSW,ot,nsw21,37,RF,tgb,0.881898747611972,0.22989178844618052,0.026987951807228915,0.7977392857142858,0.6225875960226207,0.6457948577699364,5.497071027755737
NSW,ot,nsw21,37,MaxEnt,random,0.9193907875185735,0.32215021050815573,0.026987951807228915,0.8221946428571428,0.6565511409317917,0.6467810781563339,89.0414171218872
NSW,ot,nsw21,37,MaxEnt,tgb,0.8194562371754051,0.19774061738555274,0.026987951807228915,0.8037517857142857,0.6498820218138575,0.6746213474901123,1.0766162872314453
NSW,ot,nsw22,17,GLM,random,0.5553398058252428,0.0677728975418481,0.007228915662650603,0.87585,0.7684773239219345,0.7852386237513874,8.159865140914917
NSW,ot,nsw22,17,GLM,tgb,0.5403559870550161,0.11959217169351602,0.007228915662650603,0.870575,0.7839039380893782,0.8070553194433164,0.8720028400421143
NSW,ot,nsw22,17,BRT,random,0.8031715210355987,0.01495323395865254,0.007228915662650603,0.8284166666666668,0.6930651873537053,0.7288062947222147,15.42137861251831
NSW,ot,nsw22,17,BRT,tgb,0.8616181229773463,0.13147161931766818,0.007228915662650603,0.9026916666666667,0.8296216386069748,0.866389422773251,8.05336308479309
NSW,ot,nsw22,17,RF,random,0.9756310679611652,0.30763457590174703,0.007228915662650603,0.9434041666666667,0.8964180632518195,0.9440122612935341,8.467613220214844
NSW,ot,nsw22,17,RF,tgb,0.9755016181229774,0.31425750141619097,0.007228915662650603,0.9394916666666667,0.9038325112349876,0.940604236785986,4.1056437492370605
NSW,ot,nsw22,17,MaxEnt,random,0.9527184466019416,0.27408378480815687,0.007228915662650603,0.917225,0.8804948051317707,0.895979023608216,19.687240839004517
NSW,ot,nsw22,17,MaxEnt,tgb,0.9585436893203882,0.2939791328739507,0.007228915662650603,0.9247916666666669,0.8993604319162672,0.9333144593932065,2.046041965484619
NSW,ot,nsw23,60,GLM,random,0.7754218913270639,0.35605824570340444,0.23132530120481928,0.774475,0.7569688748340685,0.7466695347995659,17.32276487350464
NSW,ot,nsw23,60,GLM,tgb,0.7313257575757576,0.2748993591041731,0.23132530120481928,0.7562749999999999,0.7557604755572367,0.7616213617823526,0.47107744216918945
NSW,ot,nsw23,60,BRT,random,0.7263414315569487,0.20108946471474473,0.23132530120481928,0.7964583333333333,0.745363344653468,0.7035940207023799,7.576001882553101
NSW,ot,nsw23,60,BRT,tgb,0.7757771682340648,0.28511649578522724,0.23132530120481928,0.8064333333333333,0.7881233560038197,0.7857539481502329,1.9924681186676025
NSW,ot,nsw23,60,RF,random,0.7494422675026123,0.37318033873725165,0.23132530120481928,0.8326041666666665,0.797024172944079,0.7756466478138305,15.1673104763031
NSW,ot,nsw23,60,RF,tgb,0.7692600574712642,0.39605325628160365,0.23132530120481928,0.8121583333333333,0.774647649386187,0.7790209838321293,15.015772342681885
NSW,ot,nsw23,60,MaxEnt,random,0.7455616509926855,0.3052662077941095,0.23132530120481928,0.8184166666666666,0.7880117126539818,0.76792565191946,63.23569083213806
NSW,ot,nsw23,60,MaxEnt,tgb,0.7781596133751307,0.37784296212081125,0.23132530120481928,0.7931916666666666,0.792277813233022,0.7921371164095622,1.2959210872650146
NSW,ot,nsw24,68,GLM,random,0.6371829949647069,0.10720819499327676,0.08867469879518072,0.6963423076923076,0.6440700510342694,0.618451676075282,11.704577445983887
NSW,ot,nsw24,68,GLM,tgb,0.6355189340813463,0.12133924515116094,0.08867469879518072,0.6847653846153847,0.6367753731723664,0.6634470360330527,0.39982128143310547
NSW,ot,nsw24,68,BRT,random,0.6476387004805371,0.07138639613424459,0.08867469879518072,0.7129445054945055,0.6754491271449024,0.6566928539872585,7.31699013710022
NSW,ot,nsw24,68,BRT,tgb,0.6828253971903525,0.15528259763015012,0.08867469879518072,0.7034576923076923,0.6735836208301833,0.6796472310899448,2.154459238052368
NSW,ot,nsw24,68,RF,random,0.6390482376474375,0.11419924767470227,0.08867469879518072,0.7598115384615385,0.7193278999746341,0.6826984602155362,17.124162673950195
NSW,ot,nsw24,68,RF,tgb,0.7001356540132895,0.19874962973037263,0.08867469879518072,0.7292785714285716,0.6990113690067922,0.692312716952222,14.873977422714233
NSW,ot,nsw24,68,MaxEnt,random,0.6929218494930219,0.17379448232581787,0.08867469879518072,0.7560109890109891,0.7101138540218106,0.6771014740314637,67.1325294971466
NSW,ot,nsw24,68,MaxEnt,tgb,0.6576862943462166,0.14796392381681867,0.08867469879518072,0.7294115384615385,0.6901326555755645,0.6592025957870951,3.946706771850586
NSW,ot,nsw25,23,GLM,random,0.5875800781701703,0.019568025257212626,0.041927710843373496,0.7034849999999999,0.720687020916386,0.6829827608028827,2.2382898330688477
NSW,ot,nsw25,23,GLM,tgb,0.5589196096116932,0.015413966561839692,0.041927710843373496,0.73095,0.6961097391910199,0.6787637921022067,0.34974074363708496
NSW,ot,nsw25,23,BRT,random,0.6385699252989199,0.04356738301497541,0.041927710843373496,0.5615399999999999,0.48762937090123665,0.4546144446677983,12.769205570220947
NSW,ot,nsw25,23,BRT,tgb,0.70264402506996,0.07016821314128752,0.041927710843373496,0.526435,0.46807268538992847,0.44929275923940554,6.367563962936401
NSW,ot,nsw25,23,RF,random,0.7060090427623211,0.13285215379584592,0.041927710843373496,0.7017025,0.6608748914257679,0.6255009641442568,13.711833715438843
NSW,ot,nsw25,23,RF,tgb,0.692592335622933,0.12917365131428904,0.041927710843373496,0.6869825,0.655610444673923,0.6673248626373626,15.555768013000488
NSW,ot,nsw25,23,MaxEnt,random,0.6608299220611022,0.08651348729740245,0.041927710843373496,0.72223,0.6699753916418413,0.631581913174901,49.14443612098694
NSW,ot,nsw25,23,MaxEnt,tgb,0.6651142487106547,0.10381245863772837,0.041927710843373496,0.7257149999999999,0.6750196761924896,0.6812560026355758,1.0989007949829102
NSW,ou,nsw26,10,GLM,random,0.3567039719113452,-0.03373045534224454,0.0053475935828877,0.38345,0.5034707131049765,0.4674188034188035,1.8113892078399658
NSW,ou,nsw26,10,GLM,tgb,0.2576256308975203,-0.045364765208635416,0.0053475935828877,0.32120000000000004,0.41186956434244476,0.3816121794871795,0.2853879928588867
NSW,ou,nsw26,10,BRT,random,0.7801184990125082,-0.0035860692472703863,0.0053475935828877,0.7562,0.8267194581140938,0.7374797008547008,18.73368740081787
NSW,ou,nsw26,10,BRT,tgb,0.8327847267939434,0.01498462166852242,0.0053475935828877,0.8128500000000001,0.7478636318721527,0.698806623931624,4.301673889160156
NSW,ou,nsw26,10,RF,random,0.6932740838270793,0.04287162256684521,0.0053475935828877,0.7867,0.8702942110696561,0.7505913461538462,12.282069683074951
NSW,ou,nsw26,10,RF,tgb,0.7194426157559798,0.07668547518711524,0.0053475935828877,0.77335,0.8184137015273694,0.7374289529914531,17.376253128051758
NSW,ou,nsw26,10,MaxEnt,random,0.749177090190915,0.029982121791617494,0.0053475935828877,0.7528,0.8663518340019095,0.8087681623931624,42.521198749542236
NSW,ou,nsw26,10,MaxEnt,tgb,0.5782312925170068,-0.00516797662032301,0.0053475935828877,0.6336,0.7472893707334121,0.7131709401709402,0.8251934051513672
NSW,ou,nsw27,23,GLM,random,0.5307922388680815,0.04092025101196966,0.33995416348357527,0.61727,0.5640710454753509,0.5457142857142857,10.540360689163208
NSW,ou,nsw27,23,GLM,tgb,0.4895365168539326,-0.024119984038705397,0.33995416348357527,0.6136800000000001,0.5753293553819262,0.5566534391534391,0.8820416927337646
NSW,ou,nsw27,23,BRT,random,0.4962676862255514,-0.0025867392630993576,0.33995416348357527,0.639775,0.6422742395536852,0.5763227513227513,17.872897624969482
NSW,ou,nsw27,23,BRT,tgb,0.5435393258426966,0.07331144395623548,0.33995416348357527,0.6144149999999999,0.6458672452086152,0.6604761904761905,5.432239294052124
NSW,ou,nsw27,23,RF,random,0.5085856221389929,0.010509493209644574,0.33995416348357527,0.7253624999999999,0.7945160344914041,0.648994708994709,22.300838470458984
NSW,ou,nsw27,23,RF,tgb,0.5324464211402413,0.057176987091662135,0.33995416348357527,0.5601900000000001,0.642471685133076,0.5948809523809524,16.64154076576233
NSW,ou,nsw27,23,MaxEnt,random,0.537825114440283,0.06127557018949553,0.33995416348357527,0.72818,0.7434542731613178,0.614179894179894,30.19526767730713
NSW,ou,nsw27,23,MaxEnt,tgb,0.5281263004577612,0.05273574059500249,0.33995416348357527,0.60896,0.5738366767813567,0.5376587301587301,2.4933438301086426
NSW,ou,nsw28,53,GLM,random,0.5851827164366374,0.19489850402613046,0.39113827349121466,0.5997763636363637,0.5066551649583844,0.5501604717121958,10.416614055633545
NSW,ou,nsw28,53,GLM,tgb,0.5879960006273526,0.15883273126508962,0.39113827349121466,0.5313263636363637,0.49169105271726743,0.5524197641439021,0.9472155570983887
NSW,ou,nsw28,53,BRT,random,0.6540567165934755,0.22297519657245807,0.39113827349121466,0.7092709090909091,0.6148386742427824,0.5725440364233467,18.630977630615234
NSW,ou,nsw28,53,BRT,tgb,0.5755004117001254,0.08845525698687931,0.39113827349121466,0.5577390909090909,0.5164989864531939,0.5798163905060456,5.851579666137695
NSW,ou,nsw28,53,RF,random,0.7335258684912169,0.39175379600012616,0.39113827349121466,0.717155,0.6600962887939144,0.5676559934318555,24.343568325042725
NSW,ou,nsw28,53,RF,tgb,0.6102327085947303,0.19444759285545032,0.39113827349121466,0.5805327272727272,0.49388541832545324,0.5443319898492313,13.147560834884644
NSW,ou,nsw28,53,MaxEnt,random,0.6785945341907152,0.2844022187123767,0.39113827349121466,0.7067309090909092,0.6113169777550282,0.5831213613972235,44.56313371658325
NSW,ou,nsw28,53,MaxEnt,tgb,0.5910004313048933,0.15076328778214332,0.39113827349121466,0.5672763636363637,0.5046664197617962,0.5855284370801612,2.037306785583496
NSW,ou,nsw29,12,GLM,random,0.6311644719855408,0.12057212837836487,0.013750954927425516,0.4385,0.46572761662899886,0.5195393140533806,7.31242036819458
NSW,ou,nsw29,12,GLM,tgb,0.6167053963335916,0.10168298703940919,0.013750954927425516,0.5612166666666667,0.5048436864587854,0.5594108704594639,0.8113827705383301
NSW,ou,nsw29,12,BRT,random,0.5666580600740168,0.15827829939239324,0.013750954927425516,0.5858166666666668,0.5389653135940168,0.5804865942525789,16.937502145767212
NSW,ou,nsw29,12,BRT,tgb,0.6574576125311989,0.12030675203286142,0.013750954927425516,0.5462499999999999,0.6821148243333905,0.7903255404725993,5.130225658416748
NSW,ou,nsw29,12,RF,random,0.8835743179275324,0.22115098134594374,0.013750954927425516,0.676775,0.6388445886069134,0.6852590582194162,21.736526250839233
NSW,ou,nsw29,12,RF,tgb,0.7987993803253293,0.16201068305005006,0.013750954927425516,0.6597916666666667,0.7030692808064529,0.8009608081602966,17.658634901046753
NSW,ou,nsw29,12,MaxEnt,random,0.6579309751269472,0.1343067849005292,0.013750954927425516,0.5766,0.6322724178056744,0.7477457985322435,20.806084394454956
NSW,ou,nsw29,12,MaxEnt,tgb,0.764007229537826,0.17454005096796887,0.013750954927425516,0.6085,0.6898116180762998,0.8030015480399111,1.9247057437896729
NSW,ou,nsw30,2,GLM,random,0.5372463034800697,-0.01062945361504587,0.5294117647058824,,,,0.20880961418151855
NSW,ou,nsw30,2,GLM,tgb,0.5642323044920448,-0.029443768197332076,0.5294117647058824,,,,0.021711111068725586
NSW,ou,nsw30,2,BRT,random,0.38057523284796013,0.021005757877999756,0.5294117647058824,,,,0.48912858963012695
NSW,ou,nsw30,2,BRT,tgb,0.45263863121005987,-0.026576160234879,0.5294117647058824,,,,0.11333036422729492
NSW,ou,nsw30,2,RF,random,0.4234600176158618,-0.12476350456151084,0.5294117647058824,,,,0.3766496181488037
NSW,ou,nsw30,2,RF,tgb,0.4644321227113435,-0.06166377846350753,0.5294117647058824,,,,0.3779301643371582
NSW,ou,nsw30,2,MaxEnt,random,0.35939871816495195,-0.1677678659862671,0.5294117647058824,,,,1.320666790008545
NSW,ou,nsw30,2,MaxEnt,tgb,0.5132728022338412,-0.044273591168952055,0.5294117647058824,,,,0.0515291690826416
NSW,ou,nsw31,24,GLM,random,0.5378062787136294,0.057620963239322205,0.4988540870893812,0.6503,0.6974093471213434,0.7498434898434899,2.3325142860412598
NSW,ou,nsw31,24,GLM,tgb,0.5198497553505397,0.02405931242014032,0.4988540870893812,0.598155,0.6326685762463482,0.7038769563769564,0.3334469795227051
NSW,ou,nsw31,24,BRT,random,0.5211336981287118,0.015039075665088143,0.4988540870893812,0.697945,0.7341853499603475,0.6951248751248751,15.295692205429077
NSW,ou,nsw31,24,BRT,tgb,0.49626956261905647,0.003959735395203631,0.4988540870893812,0.6467750000000001,0.7262868764209764,0.7219047619047618,4.589740753173828
NSW,ou,nsw31,24,RF,random,0.5281743734359242,0.06852003236135638,0.4988540870893812,0.7665875000000002,0.7924141033629646,0.7676731601731602,15.541458129882812
NSW,ou,nsw31,24,RF,tgb,0.5233934374182945,0.040864434966746244,0.4988540870893812,0.7088924999999999,0.7546832708832882,0.7829437229437229,13.434520959854126
NSW,ou,nsw31,24,MaxEnt,random,0.5259940051544467,0.06377439468252542,0.4988540870893812,0.7454599999999999,0.7834770859554754,0.7661255411255412,51.80302596092224
NSW,ou,nsw31,24,MaxEnt,tgb,0.5277541739812499,0.024670023290103527,0.4988540870893812,0.649915,0.7406746229875509,0.7638586413586415,1.891340970993042
NSW,ou,nsw32,28,GLM,random,0.7427067881613336,0.11267880961537494,0.01680672268907563,0.8189033333333333,0.5958909384277409,0.5830557878112226,2.618513822555542
NSW,ou,nsw32,28,GLM,tgb,0.6757434484707212,0.0638985249273373,0.01680672268907563,0.7505666666666666,0.5544992129868025,0.5495227146042364,0.2976341247558594
NSW,ou,nsw32,28,BRT,random,0.8174048174048174,0.20807335820055883,0.01680672268907563,0.8766,0.6668797766341678,0.5076307599405425,15.461740016937256
NSW,ou,nsw32,28,BRT,tgb,0.7365967365967366,0.1640103949747527,0.01680672268907563,0.8147366666666667,0.6756289791487875,0.5763854050538832,4.578037977218628
NSW,ou,nsw32,28,RF,random,0.785494808222081,0.12811179993309268,0.01680672268907563,0.9015549999999999,0.8139060818806347,0.6288484764028243,15.72007131576538
NSW,ou,nsw32,28,RF,tgb,0.767252949071131,0.134939077025181,0.01680672268907563,0.8567349999999999,0.74546779133148,0.6417967298402081,13.497392416000366
NSW,ou,nsw32,28,MaxEnt,random,0.771067316521862,0.1437739456610414,0.01680672268907563,0.8637966666666668,0.719158112366882,0.5518278520995912,63.978702545166016
NSW,ou,nsw32,28,MaxEnt,tgb,0.7251536342445434,0.11081644529570639,0.01680672268907563,0.7958133333333334,0.5335714413407228,0.44836608138238576,1.9641063213348389
NSW,ou,nsw33,15,GLM,random,0.5207470099033178,0.012865389814619398,0.3919022154316272,0.4033666666666667,0.28053849434969397,0.3604491725768321,2.3957722187042236
NSW,ou,nsw33,15,GLM,tgb,0.5177569132210761,0.01345095775189962,0.3919022154316272,0.4356333333333334,0.3918318513670546,0.4580202634245188,0.8331515789031982
NSW,ou,nsw33,15,BRT,random,0.4951879279438126,0.04198301946673414,0.3919022154316272,0.5304333333333332,0.5465365302794475,0.4008720027017899,19.180014848709106
NSW,ou,nsw33,15,BRT,tgb,0.5362766561854104,0.06241424289058724,0.3919022154316272,0.3657333333333333,0.4407809958125114,0.4216156703816278,5.595044374465942
NSW,ou,nsw33,15,RF,random,0.4244969976588596,-0.1260387825032598,0.3919022154316272,0.6343666666666666,0.6128397771730338,0.44603850050658556,15.989013433456421
NSW,ou,nsw33,15,RF,tgb,0.5056753063563431,0.0053860180529844565,0.3919022154316272,0.39319999999999994,0.38050661297485316,0.3408780817291456,15.343634128570557
NSW,ou,nsw33,15,MaxEnt,random,0.4724156846611224,-0.05014187787926957,0.3919022154316272,0.5937333333333333,0.4923472387838926,0.39255184059439385,48.72669172286987
NSW,ou,nsw33,15,MaxEnt,tgb,0.5019052376894217,-0.0046269012441976206,0.3919022154316272,0.44939999999999997,0.4983965310938233,0.49433704829449515,2.1150875091552734
NSW,rt,nsw34,6,GLM,random,0.5477287828578442,0.04045519450755829,0.32722007722007723,0.5901,0.5182247514108378,0.5333333333333334,3.1100547313690186
NSW,rt,nsw34,6,GLM,tgb,0.5342026298971996,0.046532129936511776,0.32722007722007723,0.4575,0.5000106539097247,0.4166666666666667,0.6832997798919678
NSW,rt,nsw34,6,BRT,random,0.5157755742055078,-0.0009431940605081334,0.32722007722007723,0.64365,0.7473243201257063,0.3833333333333333,11.707408428192139
NSW,rt,nsw34,6,BRT,tgb,0.527604609726472,0.01760855799014945,0.32722007722007723,0.51205,0.6296230225538314,0.2833333333333333,2.825047016143799
NSW,rt,nsw34,6,RF,random,0.4908880452677509,-0.014178062298754623,0.32722007722007723,0.6738500000000001,0.450347144021286,0.08333333333333331,11.413952350616455
NSW,rt,nsw34,6,RF,tgb,0.5385956670602625,0.06910201175642372,0.32722007722007723,0.3005,0.36011255483976146,0.26666666666666666,10.76065993309021
NSW,rt,nsw34,6,MaxEnt,random,0.546357545824287,0.0741106241253059,0.32722007722007723,0.5837999999999999,0.46881959883322344,0.08333333333333331,32.28403615951538
NSW,rt,nsw34,6,MaxEnt,tgb,0.4997397188964081,0.017514536339061883,0.32722007722007723,0.3535,0.45551682983253294,0.45,1.565347671508789
NSW,rt,nsw35,6,GLM,random,0.4124233811594699,-0.02167466229008037,0.027992277992277992,0.7554000000000001,0.34657862830131486,0.26515151515151514,5.741959571838379
NSW,rt,nsw35,6,GLM,tgb,0.42790124302297705,-0.011131547845412166,0.027992277992277992,0.6355999999999999,0.20558219632657831,0.1742424242424242,0.6047046184539795
NSW,rt,nsw35,6,BRT,random,0.595161456014793,-0.018168362821358697,0.027992277992277992,0.85775,0.9203350694685207,0.5606060606060607,10.389725923538208
NSW,rt,nsw35,6,BRT,tgb,0.43105160428723077,-0.05513527378067403,0.027992277992277992,0.6393000000000001,0.9449875782796215,0.7045454545454546,3.1605918407440186
NSW,rt,nsw35,6,RF,random,0.7392391192685683,0.13323657148893492,0.027992277992277992,0.85725,0.8661976905902001,0.4318181818181818,11.745100736618042
NSW,rt,nsw35,6,RF,tgb,0.38696366811628946,-0.05265277027196863,0.027992277992277992,0.6714749999999999,0.7740363137207511,0.5606060606060607,10.141521215438843
NSW,rt,nsw35,6,MaxEnt,random,0.5404581721056055,0.009911679850053534,0.027992277992277992,0.8313,0.8782541390876077,0.553030303030303,32.77591943740845
NSW,rt,nsw35,6,MaxEnt,tgb,0.34564941958018014,-0.08235872615061207,0.027992277992277992,0.2894,0.5119640780488192,0.4166666666666667,1.616159200668335
NSW,rt,nsw36,7,GLM,random,0.7735707591377695,0.3574518779352127,0.0637065637065637,0.9660500000000001,0.9161301089138152,0.6759259259259259,4.840843915939331
NSW,rt,nsw36,7,GLM,tgb,0.7281630740393628,0.3681047350296294,0.0637065637065637,0.8028000000000001,0.7692206464108267,0.44943019943019935,0.5820033550262451
NSW,rt,nsw36,7,BRT,random,0.8749765698219306,0.19385693078224478,0.0637065637065637,0.90565,0.7214715269029781,0.5530626780626781,11.286778450012207
NSW,rt,nsw36,7,BRT,tgb,0.9244611059044049,0.572504585933885,0.0637065637065637,0.77675,0.5361573122537586,0.42414529914529914,3.680021286010742
NSW,rt,nsw36,7,RF,random,0.9429397063417682,0.5582547480167985,0.0637065637065637,0.9692500000000001,0.9007500005022773,0.6285612535612536,10.05314588546753
NSW,rt,nsw36,7,RF,tgb,0.9561699468915965,0.6377863459886451,0.0637065637065637,0.9295,0.875387130248547,0.6381766381766382,10.489250183105469
NSW,rt,nsw36,7,MaxEnt,random,0.8705404561074664,0.4827928320800461,0.0637065637065637,0.9433,0.9375018835399703,0.8311965811965811,36.25259232521057
NSW,rt,nsw36,7,MaxEnt,tgb,0.8392689784442362,0.560196751086536,0.0637065637065637,0.88215,0.7511130465530715,0.6438746438746439,1.6052424907684326
NSW,rt,nsw37,6,GLM,random,0.5211727389415481,0.06460653671878056,0.18532818532818532,0.7205999999999999,0.6651744320505614,0.6551515151515152,9.250615358352661
NSW,rt,nsw37,6,GLM,tgb,0.5477574545813586,0.029215942906207017,0.18532818532818532,0.7362500000000001,0.7314989202953385,0.7436363636363635,0.9642233848571777
NSW,rt,nsw37,6,BRT,random,0.4770098983017377,-0.008906533067740127,0.18532818532818532,0.77745,0.6941478443636526,0.7266666666666667,15.520115852355957
NSW,rt,nsw37,6,BRT,tgb,0.4885435179699842,0.0027310448959994627,0.18532818532818532,0.8100999999999999,0.5169433530051207,0.6048484848484847,4.4216156005859375
NSW,rt,nsw37,6,RF,random,0.5240546011058452,0.06051211658552828,0.18532818532818532,0.771175,0.6843103805548499,0.6,15.980769157409668
NSW,rt,nsw37,6,RF,tgb,0.5031780706951027,0.016078926068621796,0.18532818532818532,0.6961250000000001,0.6324070208121075,0.5636363636363637,16.575543642044067
NSW,rt,nsw37,6,MaxEnt,random,0.5005553909952607,-0.012701119556658752,0.18532818532818532,0.7222999999999999,0.6793879245815037,0.6254545454545454,39.777193784713745
NSW,rt,nsw37,6,MaxEnt,tgb,0.43745988842812,-0.024866658261146597,0.18532818532818532,0.6508749999999999,0.5968943733994425,0.5622727272727273,1.432129144668579
NSW,rt,nsw38,9,GLM,random,0.5589039401249458,-0.052398532294273124,0.08204633204633205,0.8664000000000002,0.19970119521912355,0.18181818181818177,5.293508052825928
NSW,rt,nsw38,9,GLM,tgb,0.32132120987196133,-0.06336800685287462,0.08204633204633205,0.90105,0.8242031872509961,0.7272727272727273,0.4415411949157715
NSW,rt,nsw38,9,BRT,random,0.43037669326405636,-0.01837908206780468,0.08204633204633205,0.8123000000000001,0.9457171314741035,0.9090909090909091,10.020328044891357
NSW,rt,nsw38,9,BRT,tgb,0.4879940619781035,-0.02383323072311065,0.08204633204633205,0.78895,0.9183266932270917,0.9090909090909091,2.470428228378296
NSW,rt,nsw38,9,RF,random,0.21908826622131503,-0.1960428506798202,0.08204633204633205,0.9445,0.8986553784860558,0.5454545454545454,10.06415057182312
NSW,rt,nsw38,9,RF,tgb,0.5496443372301602,0.0032896270406089926,0.08204633204633205,0.870725,0.8500996015936255,0.6363636363636364,10.233150243759155
NSW,rt,nsw38,9,MaxEnt,random,0.46556565844003217,-0.06181371241741978,0.08204633204633205,0.94015,0.9233067729083666,0.5454545454545454,34.71880888938904
NSW,rt,nsw38,9,MaxEnt,tgb,0.6611678109729696,-0.00625037527968418,0.08204633204633205,0.8013,0.9626494023904383,0.9090909090909091,1.0686137676239014
NSW,rt,nsw39,16,GLM,random,0.5504683349643507,0.03510936444076263,0.3996138996138996,0.5337249999999999,0.5570032324160252,0.5347619047619048,8.773038625717163
NSW,rt,nsw39,16,GLM,tgb,0.5453539307516659,-0.002282996973141048,0.3996138996138996,0.45255,0.5770205164454009,0.6799999999999999,1.1149280071258545
NSW,rt,nsw39,16,BRT,random,0.5587748730136539,0.04489725786630394,0.3996138996138996,0.6052083333333333,0.5410326721117699,0.520952380952381,20.530263423919678
NSW,rt,nsw39,16,BRT,tgb,0.47411148391506286,-0.08105856828209404,0.3996138996138996,0.41234166666666666,0.47503362340415983,0.6433333333333333,3.873483896255493
NSW,rt,nsw39,16,RF,random,0.49679039097814437,0.0020322659010357227,0.3996138996138996,0.6360791666666666,0.5736988085857029,0.440952380952381,13.98795771598816
NSW,rt,nsw39,16,RF,tgb,0.4775385619087562,-0.04814805090444192,0.3996138996138996,0.35360416666666666,0.4285008929556893,0.6819047619047619,12.575743675231934
NSW,rt,nsw39,16,MaxEnt,random,0.538266772294453,0.03899550905838894,0.3996138996138996,0.5574749999999999,0.5418519941865652,0.4442857142857143,47.97009825706482
NSW,rt,nsw39,16,MaxEnt,tgb,0.4725445423054818,-0.09740827438941828,0.3996138996138996,0.3861583333333333,0.5007394140400104,0.6395238095238095,2.2016711235046387
NSW,rt,nsw40,14,GLM,random,0.6600766119575548,0.2451411259320397,0.3465250965250965,0.6465,0.6522834159084396,0.46759259259259256,10.010008573532104
NSW,rt,nsw40,14,GLM,tgb,0.6351345235205292,0.2119497993279105,0.3465250965250965,0.6626,0.608394533133662,0.4431481481481482,1.0128543376922607
NSW,rt,nsw40,14,BRT,random,0.6333282587854826,0.06030246374363186,0.3465250965250965,0.8574333333333334,0.7160304559368413,0.5981481481481481,17.65220069885254
NSW,rt,nsw40,14,BRT,tgb,0.6273786943051229,0.15408761775869995,0.3465250965250965,0.7083999999999999,0.7093741869320944,0.5604629629629629,3.6547560691833496
NSW,rt,nsw40,14,RF,random,0.6666063206922233,0.28372452056093717,0.3465250965250965,0.8411416666666668,0.8305098941139253,0.5960185185185185,13.049986362457275
NSW,rt,nsw40,14,RF,tgb,0.7393979666149612,0.381695667547718,0.3465250965250965,0.7333000000000001,0.7477782549488966,0.6808333333333333,13.02022647857666
NSW,rt,nsw40,14,MaxEnt,random,0.6539624675468951,0.2405473938604228,0.3465250965250965,0.7813166666666667,0.7374016506496541,0.5116666666666667,53.75418949127197
NSW,rt,nsw40,14,MaxEnt,tgb,0.674366264405887,0.28445700104597293,0.3465250965250965,0.5556833333333333,0.5969076222293835,0.45444444444444443,2.2004010677337646
NSW,ru,nsw41,5,GLM,random,0.5794386598836748,0.054674448701634785,0.18811881188118812,0.8032,0.6457236030590847,0.8087478559176673,5.962161302566528
NSW,ru,nsw41,5,GLM,tgb,0.5567203917653212,0.021981165896021962,0.18811881188118812,0.6788000000000001,0.614125138768965,0.49056603773584906,0.6027343273162842
NSW,ru,nsw41,5,BRT,random,0.5757381258023107,-0.011345988741141773,0.18811881188118812,0.7458,0.8281544241601908,0.6998284734133791,9.535539388656616
NSW,ru,nsw41,5,BRT,tgb,0.5285107529437867,0.010465744761330675,0.18811881188118812,0.7781,0.8587887011224867,0.869639794168096,3.0737547874450684
NSW,ru,nsw41,5,RF,random,0.6056474746034011,0.13507445826615108,0.18811881188118812,0.9533999999999999,0.970092846716829,0.8885077186963979,9.268104076385498
NSW,ru,nsw41,5,RF,tgb,0.5906274267421037,0.12076144115548929,0.18811881188118812,0.93535,0.9584368960980223,0.9073756432246998,8.475677967071533
NSW,ru,nsw41,5,MaxEnt,random,0.5778300765463795,0.06748702845215739,0.18811881188118812,0.8778,0.8221960959664487,0.44768439108061747,25.139261960983276
NSW,ru,nsw41,5,MaxEnt,tgb,0.5324886289798572,0.03637380913376217,0.18811881188118812,0.7124,0.7432596829900087,0.8902229845626072,1.612776279449463
NSW,ru,nsw42,11,GLM,random,0.9292817679558011,0.12694865611203637,0.0044004400440044,0.9463333333333332,,,4.134356737136841
NSW,ru,nsw42,11,GLM,tgb,0.44088397790055245,-0.00693800774033116,0.0044004400440044,0.8844666666666667,,,0.3764803409576416
NSW,ru,nsw42,11,BRT,random,0.7917127071823203,0.03958852944741269,0.0044004400440044,0.874,,,7.367173910140991
NSW,ru,nsw42,11,BRT,tgb,0.8337016574585635,0.15212817269672543,0.0044004400440044,0.9224333333333334,,,1.987229347229004
NSW,ru,nsw42,11,RF,random,0.9298342541436464,0.1144921870856728,0.0044004400440044,0.9595333333333332,,,6.866596937179565
NSW,ru,nsw42,11,RF,tgb,0.8176795580110497,0.086775261028986,0.0044004400440044,0.9507833333333334,,,6.089896202087402
NSW,ru,nsw42,11,MaxEnt,random,0.9121546961325967,0.11866765720300504,0.0044004400440044,0.9555666666666667,,,32.35414004325867
NSW,ru,nsw42,11,MaxEnt,tgb,0.708011049723757,0.05707539432114859,0.0044004400440044,0.9298333333333334,,,1.2658092975616455
NSW,ru,nsw43,42,GLM,random,0.5687697076585965,0.10293716718875437,0.2376237623762376,0.67895,0.7128619575522267,0.6406210632401108,10.113750696182251
NSW,ru,nsw43,42,GLM,tgb,0.5172291700069478,0.011180566398210093,0.2376237623762376,0.5533625000000001,0.5094388964816697,0.5354522549760645,1.0102920532226562
NSW,ru,nsw43,42,BRT,random,0.6601731601731602,0.15535694979582151,0.2376237623762376,0.7504027777777778,0.7670572899236546,0.6141609977324264,16.443543672561646
NSW,ru,nsw43,42,BRT,tgb,0.5044826572604351,-0.0004590127962172051,0.2376237623762376,0.5672583333333333,0.6050387587538808,0.5712459057697153,4.1161370277404785
NSW,ru,nsw43,42,RF,random,0.7162264176153065,0.3190967987546922,0.2376237623762376,0.8279347222222221,0.807980083021293,0.6001165280927185,15.77237868309021
NSW,ru,nsw43,42,RF,tgb,0.5368132382021271,0.06604850253166526,0.2376237623762376,0.5808090277777778,0.6046796627817633,0.5398110355253213,17.843706607818604
NSW,ru,nsw43,42,MaxEnt,random,0.5944965528298862,0.11912237430288164,0.2376237623762376,0.8300749999999999,0.8481128189449135,0.6471869488536155,87.80113315582275
NSW,ru,nsw43,42,MaxEnt,tgb,0.49253113142002036,-0.022025630268939795,0.2376237623762376,0.5593736111111112,0.6219172148041046,0.616854371378181,2.122795343399048
NSW,ru,nsw44,16,GLM,random,0.9851851851851853,0.43982715364948655,0.009900990099009901,0.7936583333333334,0.5882414371879414,0.5977140591966174,7.323084592819214
NSW,ru,nsw44,16,GLM,tgb,0.9369135802469136,0.26264884703589586,0.009900990099009901,0.8003750000000001,0.6344150745786191,0.6029994714587738,0.7821853160858154
NSW,ru,nsw44,16,BRT,random,0.9767901234567902,0.5785087903909006,0.009900990099009901,0.7950333333333333,0.6825058805394638,0.5950713530655392,13.230107069015503
NSW,ru,nsw44,16,BRT,tgb,0.9548148148148148,0.37798145893462104,0.009900990099009901,0.8347166666666667,0.8305369595642391,0.9058535940803383,3.429975748062134
NSW,ru,nsw44,16,RF,random,0.9927777777777778,0.32670039827600583,0.009900990099009901,0.9234833333333332,0.887915105304969,0.8340821000704721,12.474203824996948
NSW,ru,nsw44,16,RF,tgb,0.9748148148148148,0.30857183839482455,0.009900990099009901,0.8244666666666667,0.8570418555815397,0.8993569415081043,15.157454490661621
NSW,ru,nsw44,16,MaxEnt,random,0.9850617283950618,0.5254287990739535,0.009900990099009901,0.8893166666666665,0.8816530972848512,0.8891605003523607,49.290061950683594
NSW,ru,nsw44,16,MaxEnt,tgb,0.9353086419753086,0.25951250486961736,0.009900990099009901,0.7687166666666666,0.7431183671246032,0.7750396405919662,1.9539272785186768
NSW,ru,nsw45,22,GLM,random,0.6383108705050847,0.1601364932353524,0.15181518151815182,0.7173550000000001,0.647495571285989,0.6339629629629628,9.464901208877563
NSW,ru,nsw45,22,GLM,tgb,0.4980544747081712,-0.02051465324931045,0.15181518151815182,0.5628599999999999,0.48459342148290113,0.5642407407407408,0.7984721660614014
NSW,ru,nsw45,22,BRT,random,0.71809620481588,0.1551898503101395,0.15181518151815182,0.7634649999999998,0.7492552324399196,0.6825185185185185,16.121663093566895
NSW,ru,nsw45,22,BRT,tgb,0.5926709148668208,0.08341471406764837,0.15181518151815182,0.58158,0.5543433708531402,0.7332592592592594,4.160093784332275
NSW,ru,nsw45,22,RF,random,0.8151046072294592,0.3743225264675397,0.15181518151815182,0.818575,0.7988735079844114,0.5551203703703703,16.196943283081055
NSW,ru,nsw45,22,RF,tgb,0.5940196244290307,0.14582252086657385,0.15181518151815182,0.52637,0.53529881220465,0.7223703703703703,17.598283767700195
NSW,ru,nsw45,22,MaxEnt,random,0.6849188894528092,0.20081187696768776,0.15181518151815182,0.79088,0.8072272776605887,0.7267962962962964,58.60300135612488
NSW,ru,nsw45,22,MaxEnt,tgb,0.5737137916126244,0.07095483988181274,0.15181518151815182,0.498695,0.5268564376028804,0.743574074074074,2.6832354068756104
NSW,ru,nsw46,14,GLM,random,0.9661429105873551,0.5578833638511347,0.019801980198019802,0.99175,0.9718905472636816,0.7,5.600414752960205
NSW,ru,nsw46,14,GLM,tgb,0.8786008230452674,0.4153696305452099,0.019801980198019802,0.9338666666666666,0.981094527363184,0.7,0.4894530773162842
NSW,ru,nsw46,14,BRT,random,0.9915824915824916,0.6000728706958434,0.019801980198019802,0.9818833333333334,0.9930348258706467,0.9,7.558049201965332
NSW,ru,nsw46,14,BRT,tgb,0.9948871430352911,0.7556748909906673,0.019801980198019802,0.97285,0.9601990049751244,0.85,2.6095592975616455
NSW,ru,nsw46,14,RF,random,0.9961653572764684,0.44655360437171426,0.019801980198019802,0.9933833333333334,0.9855721393034826,0.75,8.912541151046753
NSW,ru,nsw46,14,RF,tgb,0.996009477490959,0.47207309730980807,0.019801980198019802,0.9943333333333333,0.9937810945273632,0.8500000000000001,9.82744026184082
NSW,ru,nsw46,14,MaxEnt,random,0.9870931537598204,0.6879644849714079,0.019801980198019802,0.9908833333333333,0.9935323383084577,0.7999999999999999,32.21278977394104
NSW,ru,nsw46,14,MaxEnt,tgb,0.9685746352413019,0.4789732425153275,0.019801980198019802,0.9392666666666667,0.9544776119402986,0.9500000000000001,1.4709277153015137
NSW,sr,nsw47,41,GLM,random,0.9088594704684319,0.29834848968164795,0.025793650793650792,0.9934666666666665,0.9809538422067077,0.7560831193957003,10.4380943775177
NSW,sr,nsw47,41,GLM,tgb,0.9268369105436316,0.35046091660525913,0.025793650793650792,0.9541958333333334,0.962307990161378,0.7919170155540982,1.2427268028259277
NSW,sr,nsw47,41,BRT,random,0.9473601754660818,0.38556194916497244,0.025793650793650792,0.98605,0.9732064720135012,0.7772443212060254,16.788713932037354
NSW,sr,nsw47,41,BRT,tgb,0.9452451825160584,0.4392631230816447,0.025793650793650792,0.961125,0.8072472737941411,0.5595263307762965,5.931667804718018
NSW,sr,nsw47,41,RF,random,0.9466943443521856,0.33580301747453345,0.025793650793650792,0.9899812499999999,0.975105926397302,0.7323281531355175,15.028360843658447
NSW,sr,nsw47,41,RF,tgb,0.9587968040106534,0.41024313051786504,0.025793650793650792,0.9723013888888887,0.8981208799373405,0.6884235222825497,16.582727193832397
NSW,sr,nsw47,41,MaxEnt,random,0.9164381952060159,0.3679424492002568,0.025793650793650792,0.9927076388888889,0.991806237136339,0.8408020961232856,121.09728169441223
NSW,sr,nsw47,41,MaxEnt,tgb,0.9377643741187529,0.3794123135455322,0.025793650793650792,0.9548652777777779,0.809878923817816,0.7532612599501171,1.2983055114746094
NSW,sr,nsw48,79,GLM,random,0.9002401759361074,0.43816004383570206,0.07341269841269842,0.9417829166666666,0.8113216720296794,0.6305178947069531,10.927126407623291
NSW,sr,nsw48,79,GLM,tgb,0.8876671103651832,0.4694159438416056,0.07341269841269842,0.9031325000000001,0.8217659298954784,0.7594543817906024,1.4384174346923828
NSW,sr,nsw48,79,BRT,random,0.9090514497366746,0.47285128139691945,0.07341269841269842,0.9807075000000001,0.8723909675044138,0.687447162586852,15.663671255111694
NSW,sr,nsw48,79,BRT,tgb,0.8987354592279646,0.5523927033801248,0.07341269841269842,0.9434995833333334,0.8782722950056355,0.7649377224586539,4.808572292327881
NSW,sr,nsw48,79,RF,random,0.8861334567972684,0.43968286945802626,0.07341269841269842,0.9836208333333334,0.9660461044986614,0.7864709497060914,14.50651741027832
NSW,sr,nsw48,79,RF,tgb,0.9099846634643209,0.5084640956220441,0.07341269841269842,0.9625277083333333,0.932763437330968,0.8212279002231536,16.81041145324707
NSW,sr,nsw48,79,MaxEnt,random,0.8446886393888536,0.46184357826378264,0.07341269841269842,0.9670433333333334,0.9037055248387045,0.6597086733085622,107.68901419639587
NSW,sr,nsw48,79,MaxEnt,tgb,0.8951038833265814,0.506546881612668,0.07341269841269842,0.9606595833333333,0.885913874894154,0.8282301139271331,3.3460710048675537
NSW,sr,nsw49,110,GLM,random,0.744617077247498,0.31837444715035157,0.16765873015873015,0.9411363636363637,0.8376515464852059,0.6171114365682366,11.877095699310303
NSW,sr,nsw49,110,GLM,tgb,0.7750668237053128,0.3585917031709253,0.16765873015873015,0.8322909090909091,0.7169671590292841,0.6352080992206746,1.7911949157714844
NSW,sr,nsw49,110,BRT,random,0.7485736048127173,0.2662324433829253,0.16765873015873015,0.9517545454545455,0.8363863036511286,0.6431317167480566,20.379093885421753
NSW,sr,nsw49,110,BRT,tgb,0.8121883617436932,0.42134135626388547,0.16765873015873015,0.8135363636363637,0.6500847029288414,0.6368735051969422,8.506229400634766
NSW,sr,nsw49,110,RF,random,0.7516344478845626,0.3180060316479056,0.16765873015873015,0.9534454545454546,0.8577966488912141,0.5881671413658154,22.364428997039795
NSW,sr,nsw49,110,RF,tgb,0.8469190569218075,0.4754691268765053,0.16765873015873015,0.8000318181818182,0.6549158602208351,0.6360143633084575,19.14436674118042
NSW,sr,nsw49,110,MaxEnt,random,0.7516556057859807,0.20139653311450842,0.16765873015873015,0.9549204545454545,0.8793957001605099,0.6028547599945541,90.10004949569702
NSW,sr,nsw49,110,MaxEnt,tgb,0.797758672976423,0.39151905573748763,0.16765873015873015,0.8157363636363636,0.6789894982318588,0.6450707426460806,0.9482417106628418
NSW,sr,nsw50,44,GLM,random,0.8341293964394267,0.19146996142901704,0.020833333333333332,0.7709513888888889,0.6880064747655703,0.5601828640697045,11.237196922302246
NSW,sr,nsw50,44,GLM,tgb,0.8205239542625562,0.17747113775587625,0.020833333333333332,0.5516888888888889,0.5130028273414895,0.659266854282017,1.5885834693908691
NSW,sr,nsw50,44,BRT,random,0.8533796497322332,0.2592460036204673,0.020833333333333332,0.8506722222222223,0.8052372702485024,0.6030617131644694,22.78408122062683
NSW,sr,nsw50,44,BRT,tgb,0.8155063443817242,0.30362288463165416,0.020833333333333332,0.7002458333333333,0.7063441470427299,0.7117931212356913,7.5183351039886475
NSW,sr,nsw50,44,RF,random,0.8216094948617744,0.174320773676039,0.020833333333333332,0.870304861111111,0.8408946129845474,0.6040900614738225,18.679184198379517
NSW,sr,nsw50,44,RF,tgb,0.8088483620398514,0.17475741647851206,0.020833333333333332,0.6137229166666667,0.6183563418570222,0.7517960913986277,15.517216444015503
NSW,sr,nsw50,44,MaxEnt,random,0.7530756983644521,0.1505195481590721,0.020833333333333332,0.8497916666666667,0.8377534333373889,0.5359299775618571,73.68560314178467
NSW,sr,nsw50,44,MaxEnt,tgb,0.757803830752159,0.14144811269354096,0.020833333333333332,0.6048888888888888,0.5740941911076809,0.6923532224736865,1.2492485046386719
NSW,sr,nsw51,63,GLM,random,0.8020625415834997,0.09044514101338717,0.005952380952380952,0.8754717948717949,0.7677667593609103,0.5778772471743387,11.957948923110962
NSW,sr,nsw51,63,GLM,tgb,0.8685961410512308,0.1243913367936375,0.005952380952380952,0.7942762820512821,0.7175970337019704,0.570206257730864,1.3821275234222412
NSW,sr,nsw51,63,BRT,random,0.9234863606121091,0.1700742348065179,0.005952380952380952,0.9069673076923076,0.7921165445141256,0.47913333094215965,23.72898840904236
NSW,sr,nsw51,63,BRT,tgb,0.9657351962741185,0.23490579412508494,0.005952380952380952,0.7621096153846154,0.6229410726138347,0.599744333558541,7.6571173667907715
NSW,sr,nsw51,63,RF,random,0.8610279441117764,0.10379553231748202,0.005952380952380952,0.9282641025641025,0.8645840588330085,0.591292414831748,18.246163845062256
NSW,sr,nsw51,63,RF,tgb,0.9687292082501663,0.1874629571031316,0.005952380952380952,0.7655144230769231,0.6169837289277387,0.6019613621856607,16.172589540481567
NSW,sr,nsw51,63,MaxEnt,random,0.7663007318695941,0.0719752393873269,0.005952380952380952,0.9258791666666666,0.8420198176893445,0.488674227710377,74.59729766845703
NSW,sr,nsw51,63,MaxEnt,tgb,0.8760811709913506,0.1291591778999017,0.005952380952380952,0.8077891025641026,0.7600381064517467,0.6510139287025769,1.076848030090332
NSW,sr,nsw52,186,GLM,random,0.8016535461375319,0.39999146955126014,0.1636904761904762,0.9372484352773828,0.9043997457389201,0.7147042096517267,20.66470503807068
NSW,sr,nsw52,186,GLM,tgb,0.7741974909234695,0.33539151106989373,0.1636904761904762,0.8803041963015646,0.8697670812533754,0.7127181673969929,2.46356463432312
NSW,sr,nsw52,186,BRT,random,0.808195837377332,0.4129519307350407,0.1636904761904762,0.9595354196301564,0.9313783118890588,0.7542493480611158,20.37514853477478
NSW,sr,nsw52,186,BRT,tgb,0.8053416729573313,0.40762182941700265,0.1636904761904762,0.9148552631578948,0.9022883258359687,0.7633645470244019,6.14984917640686
NSW,sr,nsw52,186,RF,random,0.8063409899708831,0.4049474327660035,0.1636904761904762,0.9646584637268848,0.938506966640017,0.7735928734321119,18.390522003173828
NSW,sr,nsw52,186,RF,tgb,0.8169883892303821,0.42240309050664615,0.1636904761904762,0.9121161450924611,0.9151939730109511,0.7830774224535557,20.193180084228516
NSW,sr,nsw52,186,MaxEnt,random,0.798709515079622,0.3603686944869389,0.1636904761904762,0.9552339260312944,0.9286765858064274,0.7443925511764471,74.87647271156311
NSW,sr,nsw52,186,MaxEnt,tgb,0.7991947949243323,0.387484440506659,0.1636904761904762,0.9048810099573258,0.9123050730834349,0.7711713011254876,1.1408390998840332
NSW,sr,nsw53,34,GLM,random,0.6409936950201985,0.06853947050560488,0.026785714285714284,0.8106476190476191,0.5988786861588569,0.5735037009014297,13.972726821899414
NSW,sr,nsw53,34,GLM,tgb,0.6903386566995129,0.0908377857135996,0.026785714285714284,0.8032309523809523,0.6311635874786858,0.6068469775575857,1.4032838344573975
NSW,sr,nsw53,34,BRT,random,0.6841846943783743,0.20440754016509932,0.026785714285714284,0.8526095238095237,0.7808100176020447,0.5508602909710258,18.354708671569824
NSW,sr,nsw53,34,BRT,tgb,0.7819307584852946,0.20952491363412326,0.026785714285714284,0.7201428571428571,0.5516988049900889,0.5493246193300855,5.814907073974609
NSW,sr,nsw53,34,RF,random,0.6252878770717711,0.08479992839700701,0.026785714285714284,0.865972619047619,0.8116514811018456,0.4534901912100741,14.495692729949951
NSW,sr,nsw53,34,RF,tgb,0.8026012760977083,0.17763326895696088,0.026785714285714284,0.6929214285714286,0.5308486832375913,0.6800225832405971,16.54927659034729
NSW,sr,nsw53,34,MaxEnt,random,0.630346962660928,0.10398042514384206,0.026785714285714284,0.8828166666666666,0.8583302970539604,0.6423734690203868,42.17831254005432
NSW,sr,nsw53,34,MaxEnt,tgb,0.7254879752331332,0.1070630736425989,0.026785714285714284,0.7598714285714286,0.6051179815365587,0.6791495615153748,0.8682448863983154
NSW,sr,nsw54,118,GLM,random,0.40541167375338233,-0.04390730224364224,0.012896825396825396,0.758086231884058,0.7483240050382298,0.4698556875871005,14.214591026306152
NSW,sr,nsw54,118,GLM,tgb,0.6523772709702358,0.061421379103056103,0.012896825396825396,0.5287588768115941,0.5449053679898823,0.6061823484696123,1.7199945449829102
NSW,sr,nsw54,118,BRT,random,0.6063393892539621,0.03860483852998635,0.012896825396825396,0.7983302536231884,0.7488048563156824,0.38500947165751753,16.782795190811157
NSW,sr,nsw54,118,BRT,tgb,0.6942404329339004,0.0775422033819511,0.012896825396825396,0.4541432971014493,0.37589987784837486,0.6276958899988019,5.7534918785095215
NSW,sr,nsw54,118,RF,random,0.5778121376111326,0.025794099175024173,0.012896825396825396,0.8104572463768116,0.7676438764265353,0.3329372237798114,22.31888198852539
NSW,sr,nsw54,118,RF,tgb,0.7117124081948202,0.08227680313504294,0.012896825396825396,0.42743297101449274,0.3660496327639439,0.6626324943069009,15.247647523880005
NSW,sr,nsw54,118,MaxEnt,random,0.5144955546965597,0.008611315833976677,0.012896825396825396,0.8119617753623187,0.7822986385509058,0.4152642134134708,24.139392614364624
NSW,sr,nsw54,118,MaxEnt,tgb,0.7037495168148434,0.07576567226659314,0.012896825396825396,0.46767427536231887,0.38986474744148386,0.6590224527221432,0.8354222774505615
NZ,plant,nz01,23,GLM,random,0.6868238912691521,0.01387358806212949,0.0034518828451882847,0.83544,0.7935934508153483,0.8386135381560227,2.586574077606201
NZ,plant,nz01,23,GLM,tgb,0.5621264603630511,-0.005417189645758729,0.0034518828451882847,0.81838,0.7797076288358421,0.8327700091474046,0.828486442565918
NZ,plant,nz01,23,BRT,random,0.861128737781934,0.014472639962473936,0.0034518828451882847,0.7653450000000002,0.8125183217072106,0.8523981343834391,7.313261985778809
NZ,plant,nz01,23,BRT,tgb,0.8156714091688375,0.010087795804847251,0.0034518828451882847,0.7772600000000001,0.8018877397941774,0.8622512060911467,3.6799449920654297
NZ,plant,nz01,23,RF,random,0.9497178672417468,0.12834288718896486,0.0034518828451882847,0.8456925,0.7929549512362257,0.8535253891761062,4.191458225250244
NZ,plant,nz01,23,RF,tgb,0.9187079146667685,0.10834137798547276,0.0034518828451882847,0.822405,0.7881472126183233,0.8615562112225978,3.9392712116241455
NZ,plant,nz01,23,MaxEnt,random,0.807684539315693,0.04036851366626437,0.0034518828451882847,0.8545849999999999,0.855276097006404,0.8703042326183414,15.195520401000977
NZ,plant,nz01,23,MaxEnt,tgb,0.8459251378061076,0.050288007974948465,0.0034518828451882847,0.8250350000000001,0.7938389168871034,0.8632033617670014,4.480185270309448
NZ,plant,nz02,80,GLM,random,0.7758431461068682,0.41902715945181024,0.26830543933054396,0.7729937500000001,0.6777192719617834,0.6101373498715004,3.6941781044006348
NZ,plant,nz02,80,GLM,tgb,0.7457666085633431,0.3758156560116671,0.26830543933054396,0.71045625,0.6252792010253948,0.6206810751286337,0.9466204643249512
NZ,plant,nz02,80,BRT,random,0.6709099718958265,0.22514989808114744,0.26830543933054396,0.8408,0.7953352714987652,0.7203023668307295,7.232225656509399
NZ,plant,nz02,80,BRT,tgb,0.6754226076270018,0.2338123337379841,0.26830543933054396,0.7791749999999998,0.7407944763268828,0.7076659838039954,4.148597002029419
NZ,plant,nz02,80,RF,random,0.7598940067188065,0.3921183275717758,0.26830543933054396,0.850459375,0.8126035822289941,0.7173650910385767,4.741770505905151
NZ,plant,nz02,80,RF,tgb,0.7802218794544139,0.4229699521260103,0.26830543933054396,0.8206187500000001,0.8119041715448299,0.7588610439354204,5.218694686889648
NZ,plant,nz02,80,MaxEnt,random,0.745525347400747,0.3719022554845015,0.26830543933054396,0.8610875,0.8414817933352389,0.7456366017817309,20.011070728302002
NZ,plant,nz02,80,MaxEnt,tgb,0.773658767680061,0.4220790157035079,0.26830543933054396,0.8265687500000001,0.8411107693077042,0.783210931532323,4.0095579624176025
NZ,plant,nz03,32,GLM,random,0.6367691861750665,0.05780990871481681,0.011349372384937238,0.8294547619047619,0.702529171133855,0.6634383256054631,2.5700314044952393
NZ,plant,nz03,32,GLM,tgb,0.6326647977998762,0.059319196348186984,0.011349372384937238,0.7644238095238094,0.583806953885265,0.5927014208161437,0.8271455764770508
NZ,plant,nz03,32,BRT,random,0.6222133077650123,0.02220752858981029,0.011349372384937238,0.8209333333333333,0.6951340568342608,0.6517099158621222,7.477545499801636
NZ,plant,nz03,32,BRT,tgb,0.6247633138474837,0.037743717034224286,0.011349372384937238,0.7018309523809523,0.6544735944215583,0.664303498343517,3.9922561645507812
NZ,plant,nz03,32,RF,random,0.6447361267845472,0.0555245190914164,0.011349372384937238,0.8411285714285714,0.7444329175817574,0.6877408246751007,4.308138847351074
NZ,plant,nz03,32,RF,tgb,0.6605618887207575,0.06011767672901157,0.011349372384937238,0.8178107142857144,0.6882138907256137,0.6672677070669061,4.226737022399902
NZ,plant,nz03,32,MaxEnt,random,0.6221173778038792,0.050969469868498526,0.011349372384937238,0.8492571428571427,0.8208585044042321,0.7119120023266835,18.68641948699951
NZ,plant,nz03,32,MaxEnt,tgb,0.6242939030719772,0.0560096794781385,0.011349372384937238,0.8190666666666667,0.7405555644675987,0.687615856140645,4.392875909805298
NZ,plant,nz04,48,GLM,random,0.814458514095276,0.32236114818948836,0.09288702928870293,0.8358655555555554,0.7705453858663207,0.7222412662644203,2.4112253189086914
NZ,plant,nz04,48,GLM,tgb,0.8738253395519597,0.42340984081831357,0.09288702928870293,0.8064,0.7270823406460682,0.7270365349680021,0.8020303249359131
NZ,plant,nz04,48,BRT,random,0.8347633914472591,0.28616369818862714,0.09288702928870293,0.87425,0.7611776667099598,0.7117027139479288,6.939734220504761
NZ,plant,nz04,48,BRT,tgb,0.8842391331166267,0.3500004868995835,0.09288702928870293,0.8320988888888887,0.7186107814336291,0.7215719690154494,3.704970359802246
NZ,plant,nz04,48,RF,random,0.8551911304322081,0.37950997288512517,0.09288702928870293,0.8787461111111112,0.7816222059160758,0.7380163551217128,3.971370220184326
NZ,plant,nz04,48,RF,tgb,0.9054462781219874,0.4709216249573509,0.09288702928870293,0.8339811111111111,0.7438036079964365,0.7411956332904902,4.004186153411865
NZ,plant,nz04,48,MaxEnt,random,0.7525961804170407,0.23865269249174131,0.09288702928870293,0.88141,0.825839335605014,0.749987457068729,21.11262059211731
NZ,plant,nz04,48,MaxEnt,tgb,0.8599312779973239,0.4002999575584586,0.09288702928870293,0.8433144444444445,0.7815061860821839,0.7549723739223169,4.442788362503052
NZ,plant,nz05,211,GLM,random,0.7157214039744935,0.2759129378247803,0.16908995815899583,0.8219437430786266,0.805665761577159,0.6988445957249464,4.127182722091675
NZ,plant,nz05,211,GLM,tgb,0.6797265274619382,0.22883850493217542,0.16908995815899583,0.7588674972314507,0.7366137328544184,0.6758290315351531,0.9925739765167236
NZ,plant,nz05,211,BRT,random,0.7153064820168719,0.27797075461340176,0.16908995815899583,0.8374437984496124,0.7833614156113854,0.7049697147300789,7.0822532176971436
NZ,plant,nz05,211,BRT,tgb,0.6821474003951236,0.23593740978890226,0.16908995815899583,0.7839070874861573,0.7467304394395275,0.7137182893129329,3.9514942169189453
NZ,plant,nz05,211,RF,random,0.7318914255841563,0.29579543265848307,0.16908995815899583,0.8592816998892581,0.800254055969156,0.7209629270269341,6.301745414733887
NZ,plant,nz05,211,RF,tgb,0.689771195894388,0.24816828106394195,0.16908995815899583,0.804421926910299,0.7599926353926894,0.7336457454883551,7.765597820281982
NZ,plant,nz05,211,MaxEnt,random,0.7364687284273047,0.3077743026714972,0.16908995815899583,0.8439074750830565,0.8052798238189419,0.7172174056478433,28.53346824645996
NZ,plant,nz05,211,MaxEnt,tgb,0.6966595156237104,0.2554083019390302,0.16908995815899583,0.7825115725359912,0.7522551320204859,0.7225861857682616,5.230465412139893
NZ,plant,nz06,35,GLM,random,0.6989195014691381,0.159909177938572,0.07186192468619247,0.8911285714285715,0.7982196715867088,0.800099073448316,2.5368640422821045
NZ,plant,nz06,35,GLM,tgb,0.7033245780544514,0.17149735787075995,0.07186192468619247,0.8483142857142857,0.7610957490317437,0.8077624660678037,0.8107020854949951
NZ,plant,nz06,35,BRT,random,0.5701548094730248,0.02341616784804037,0.07186192468619247,0.8281714285714287,0.7350707227958793,0.722087612567537,7.5630247592926025
NZ,plant,nz06,35,BRT,tgb,0.6224581884988414,0.02726029789416854,0.07186192468619247,0.8036285714285715,0.7064959217090044,0.7217610643676303,3.8921995162963867
NZ,plant,nz06,35,RF,random,0.63413035571827,0.1062258977066195,0.07186192468619247,0.8708642857142855,0.6670541472580804,0.6911843980721917,4.165164232254028
NZ,plant,nz06,35,RF,tgb,0.7092229283971737,0.1871221522516031,0.07186192468619247,0.8358142857142858,0.6309598178953778,0.7483319491495335,4.179194688796997
NZ,plant,nz06,35,MaxEnt,random,0.6501833818343302,0.07572433034804021,0.07186192468619247,0.8549285714285713,0.6574567915032279,0.6951420065227357,15.2660551071167
NZ,plant,nz06,35,MaxEnt,tgb,0.6793069057446736,0.1154837037504534,0.07186192468619247,0.8344142857142856,0.6234480764530315,0.7104384732483842,3.6468093395233154
NZ,plant,nz07,65,GLM,random,0.87775373279619,0.07138483983407162,0.002196652719665272,0.8082846153846155,0.6533680229403082,0.6257575725838942,2.5825767517089844
NZ,plant,nz07,65,GLM,tgb,0.8725657576166015,0.07290647587827015,0.002196652719665272,0.7742692307692308,0.6944094226260691,0.720580884928427,0.9043869972229004
NZ,plant,nz07,65,BRT,random,0.9129563346462393,0.17875626640741327,0.002196652719665272,0.8012,0.5632011846196143,0.5528879873463137,7.559603691101074
NZ,plant,nz07,65,BRT,tgb,0.8983084480253994,0.1247508842638103,0.002196652719665272,0.7512538461538462,0.58148223036919,0.6189585938395729,4.127714395523071
NZ,plant,nz07,65,RF,random,0.9262800832671888,0.10333874867604796,0.002196652719665272,0.8152807692307693,0.6073863512500683,0.5898338166859709,4.529989719390869
NZ,plant,nz07,65,RF,tgb,0.9149294375471123,0.09050990228803539,0.002196652719665272,0.7522153846153847,0.6099965347458449,0.6678875765457724,4.887396335601807
NZ,plant,nz07,65,MaxEnt,random,0.904524782971161,0.09067455826102094,0.002196652719665272,0.8127846153846153,0.579497858244812,0.562357521041611,18.57936716079712
NZ,plant,nz07,65,MaxEnt,tgb,0.8405468278096436,0.059581576493427546,0.002196652719665272,0.7403000000000001,0.5380602111670989,0.6257834543391182,5.020599126815796
NZ,plant,nz08,124,GLM,random,0.7675715235074634,0.26172501251430724,0.0924163179916318,0.7727396666666666,0.7446602371792626,0.6511894428581021,4.342543601989746
NZ,plant,nz08,124,GLM,tgb,0.7716885057051796,0.2808634328081294,0.0924163179916318,0.7071226666666666,0.7058237044613921,0.690527827504349,0.9276919364929199
NZ,plant,nz08,124,BRT,random,0.7186765629737527,0.21569290107236075,0.0924163179916318,0.784124,0.7657131160128031,0.6607928372740972,7.135112524032593
NZ,plant,nz08,124,BRT,tgb,0.7449104615564339,0.24986234845741345,0.0924163179916318,0.7203313333333333,0.7318486243490694,0.7000436384938312,4.0395567417144775
NZ,plant,nz08,124,RF,random,0.7753092180150437,0.25832714628232845,0.0924163179916318,0.81712475,0.7993865614317068,0.7025816420079057,5.229328632354736
NZ,plant,nz08,124,RF,tgb,0.8167671909151268,0.3100328959395728,0.0924163179916318,0.7517664166666667,0.7793521915692875,0.7683175849693222,6.176528453826904
NZ,plant,nz08,124,MaxEnt,random,0.7837323533038507,0.2946206244535878,0.0924163179916318,0.8079441666666668,0.7899641569908897,0.6849708274550085,23.571866750717163
NZ,plant,nz08,124,MaxEnt,tgb,0.8140336625373241,0.32560828811479525,0.0924163179916318,0.7406636666666666,0.7682914708478762,0.7486456039385685,3.810514211654663
NZ,plant,nz09,36,GLM,random,0.706222521982414,0.07375880695297936,0.011297071129707114,0.7204446428571428,0.6107629897574578,0.6373282270517227,1.9171018600463867
NZ,plant,nz09,36,GLM,tgb,0.6877564125170452,0.060597557786123295,0.011297071129707114,0.6756910714285714,0.6225480144314623,0.670827728503781,0.6616477966308594
NZ,plant,nz09,36,BRT,random,0.706255828670397,0.03147582198050351,0.011297071129707114,0.7617946428571429,0.44220952708280636,0.4986031688678585,7.001373529434204
NZ,plant,nz09,36,BRT,tgb,0.71352060508456,0.02221747668105795,0.011297071129707114,0.7198107142857143,0.5317819760467921,0.6472238987583452,3.7720530033111572
NZ,plant,nz09,36,RF,random,0.7165188192583188,0.07675148889576003,0.011297071129707114,0.7859142857142857,0.6008969744199677,0.7058068446597547,3.9801278114318848
NZ,plant,nz09,36,RF,tgb,0.6952429477986237,0.0638664772042937,0.011297071129707114,0.7610758928571428,0.6067670101112508,0.7476996672171301,4.005554914474487
NZ,plant,nz09,36,MaxEnt,random,0.7685188858716947,0.09951495388612433,0.011297071129707114,0.7916678571428571,0.6624228174926845,0.7142035094409491,13.418705701828003
NZ,plant,nz09,36,MaxEnt,tgb,0.7239938441403739,0.06404218594610307,0.011297071129707114,0.7938696428571428,0.737410640743796,0.8129732396306645,3.874666452407837
NZ,plant,nz10,27,GLM,random,0.6342555688125924,0.1097922542748836,0.05397489539748954,0.94597,0.8974994156056988,0.8014261997970132,1.5957870483398438
NZ,plant,nz10,27,GLM,tgb,0.5876933163106124,0.07986009764957774,0.05397489539748954,0.9286933333333331,0.8844711556784457,0.8183663911845731,0.5669527053833008
NZ,plant,nz10,27,BRT,random,0.6867287383129507,0.1209375352511282,0.05397489539748954,0.9071533333333333,0.863864461540833,0.7703325358851675,6.42733907699585
NZ,plant,nz10,27,BRT,tgb,0.737391797294193,0.1789113729470333,0.05397489539748954,0.8860766666666666,0.876213805762926,0.794102919143589,3.5563607215881348
NZ,plant,nz10,27,RF,random,0.7669741588495864,0.1967238108930747,0.05397489539748954,0.91289,0.8481427701034052,0.7208495481127061,3.8758111000061035
NZ,plant,nz10,27,RF,tgb,0.7958002853834312,0.23068778890329672,0.05397489539748954,0.8973016666666667,0.8604742746256857,0.7410161422840849,3.9301600456237793
NZ,plant,nz10,27,MaxEnt,random,0.7196294751070562,0.17745912740125536,0.05397489539748954,0.9206766666666667,0.880644397343505,0.7615032381228553,12.910323143005371
NZ,plant,nz10,27,MaxEnt,tgb,0.7519615557361256,0.2205057305867772,0.05397489539748954,0.90062,0.8798482727511778,0.7921375960562564,3.702526092529297
NZ,plant,nz11,21,GLM,random,0.8240667945336604,0.21113400829262963,0.03875523012552301,0.7457999999999999,0.5948838911715157,0.6105251890968713,1.2714338302612305
NZ,plant,nz11,21,GLM,tgb,0.8392150021011335,0.24025623948861047,0.03875523012552301,0.709465,0.5777406253816902,0.6207024861668708,0.47556066513061523
NZ,plant,nz11,21,BRT,random,0.7683669657890808,0.07703514223688784,0.03875523012552301,0.8033249999999998,0.6892710257064475,0.7070204080897424,5.961865186691284
NZ,plant,nz11,21,BRT,tgb,0.810797124483225,0.06024874947668048,0.03875523012552301,0.790375,0.6842645534992022,0.7212409900894345,3.2297146320343018
NZ,plant,nz11,21,RF,random,0.7844900729056273,0.22280127777661685,0.03875523012552301,0.8295300000000001,0.7040851862127442,0.7353759807690865,3.384880781173706
NZ,plant,nz11,21,RF,tgb,0.7850255443947902,0.2196083546595873,0.03875523012552301,0.7924275,0.6732099670699829,0.7595725602073078,3.5371346473693848
NZ,plant,nz11,21,MaxEnt,random,0.7317854701123937,0.15853942034043328,0.03875523012552301,0.8000999999999999,0.5246582682711343,0.5306031902336236,10.819783687591553
NZ,plant,nz11,21,MaxEnt,tgb,0.8001539999114462,0.19226032914296015,0.03875523012552301,0.75229,0.509362045295124,0.5654095591873883,3.222036361694336
NZ,plant,nz12,25,GLM,random,0.5267555034397855,0.03912289797039446,0.19492677824267782,0.88468,0.8557422991576061,0.8166599564427337,1.3771235942840576
NZ,plant,nz12,25,GLM,tgb,0.46906690884323965,-0.042669038570530456,0.19492677824267782,0.8684799999999999,0.8433825892858154,0.8261540743502607,0.5516607761383057
NZ,plant,nz12,25,BRT,random,0.44739845386357274,-0.016103523162778924,0.19492677824267782,0.791,0.7572484652167154,0.7228444223924442,6.555634021759033
NZ,plant,nz12,25,BRT,tgb,0.43521102973658,-0.05363405260682236,0.19492677824267782,0.73726,0.6891942717120114,0.6713346721222363,3.749959707260132
NZ,plant,nz12,25,RF,random,0.5754178803515325,0.10948555233780688,0.19492677824267782,0.8544499999999999,0.80136384044403,0.7177564399861499,3.9331014156341553
NZ,plant,nz12,25,RF,tgb,0.5475638006961548,0.0625722949634463,0.19492677824267782,0.8238300000000001,0.7997137504465066,0.7396563023629645,4.009846925735474
NZ,plant,nz12,25,MaxEnt,random,0.5884420003440491,0.09768628124351651,0.19492677824267782,0.86136,0.7908030482540699,0.751902620183037,13.640100955963135
NZ,plant,nz12,25,MaxEnt,tgb,0.5715287462403288,0.08130145068248118,0.19492677824267782,0.83464,0.7659571239020355,0.7526147736153168,3.062452793121338
NZ,plant,nz13,21,GLM,random,0.6182998762496698,0.12011442526442356,0.14356694560669456,0.8535449999999999,0.8606172627691624,0.8434361417528077,1.1895332336425781
NZ,plant,nz13,21,GLM,tgb,0.626847648048499,0.11835313842074127,0.14356694560669456,0.83019,0.8394319743800505,0.8691257198086475,0.4787304401397705
NZ,plant,nz13,21,BRT,random,0.6058719392650065,0.10256111170170684,0.14356694560669456,0.82456,0.8200613135597742,0.828223159855083,6.5177717208862305
NZ,plant,nz13,21,BRT,tgb,0.5818246638579514,0.07541442457994643,0.14356694560669456,0.7922750000000002,0.7588984744400926,0.7639216583493872,3.5742311477661133
NZ,plant,nz13,21,RF,random,0.7023357721881561,0.2417459755384192,0.14356694560669456,0.8329099999999998,0.8323468745666153,0.8282757144914721,3.699753761291504
NZ,plant,nz13,21,RF,tgb,0.7057104687217564,0.23781184492980711,0.14356694560669456,0.826475,0.8483504187360869,0.8784186934775097,4.069800853729248
NZ,plant,nz13,21,MaxEnt,random,0.6190047470070495,0.12519237902818167,0.14356694560669456,0.8355650000000001,0.8093772428551202,0.8079211080073154,12.48173213005066
NZ,plant,nz13,21,MaxEnt,tgb,0.5740038320888778,0.06983167738883886,0.14356694560669456,0.8194250000000001,0.7988405667417429,0.8365396533475231,3.1380698680877686
NZ,plant,nz14,19,GLM,random,0.4251214694230472,-0.10461946662743912,0.33776150627615065,0.7802416666666667,0.7597151867787131,0.7229308118781803,1.188387155532837
NZ,plant,nz14,19,GLM,tgb,0.40905345202484256,-0.12440910113008614,0.33776150627615065,0.7486249999999999,0.7627566526739692,0.7751652236652236,0.4900014400482178
NZ,plant,nz14,19,BRT,random,0.42617775212680026,-0.015664396635510575,0.33776150627615065,0.7448166666666667,0.7442617620465228,0.7580749791144529,6.529656887054443
NZ,plant,nz14,19,BRT,tgb,0.4056478824157103,-0.0237760795262068,0.33776150627615065,0.7589166666666666,0.7398793060379225,0.7422683792815372,3.6808559894561768
NZ,plant,nz14,19,RF,random,0.4425862133654007,-0.09066714348973434,0.33776150627615065,0.8186333333333333,0.7802816614416892,0.74194106478317,4.018775701522827
NZ,plant,nz14,19,RF,tgb,0.4035483105811488,-0.14488110334285476,0.33776150627615065,0.7644291666666667,0.7506735574388271,0.786687276904382,3.9817893505096436
NZ,plant,nz14,19,MaxEnt,random,0.4595449356029964,-0.07918983672761576,0.33776150627615065,0.8242499999999999,0.7879026058692433,0.7626136933242196,10.733027219772339
NZ,plant,nz14,19,MaxEnt,tgb,0.48006581681891997,-0.058598298896422096,0.33776150627615065,0.7746166666666666,0.73981109799929,0.7448374344953292,2.67110013961792
NZ,plant,nz15,32,GLM,random,0.849978437182644,0.07718866587237629,0.0025627615062761505,0.9309642857142858,0.8956666834464627,0.8519060423641766,0.8952646255493164
NZ,plant,nz15,32,GLM,tgb,0.8437846115322013,0.07600189702020721,0.0025627615062761505,0.9220119047619046,0.8921395147630866,0.8670393852326829,0.3835947513580322
NZ,plant,nz15,32,BRT,random,0.9269919388236654,0.16226738426195844,0.0025627615062761505,0.8997190476190478,0.751161368666433,0.7197718056606415,5.104913949966431
NZ,plant,nz15,32,BRT,tgb,0.8839048282518922,0.10965200741682271,0.0025627615062761505,0.8962071428571429,0.802353700175122,0.7972969432766109,3.0943055152893066
NZ,plant,nz15,32,RF,random,0.9220924172720841,0.10528060408134865,0.0025627615062761505,0.9384845238095239,0.8098666879927646,0.7610629931509699,3.330225944519043
NZ,plant,nz15,32,RF,tgb,0.9191528113526359,0.09857046907588936,0.0025627615062761505,0.9316761904761905,0.8506942179675225,0.8258942772437826,3.513625383377075
NZ,plant,nz15,32,MaxEnt,random,0.9361580089012166,0.15678364565594455,0.0025627615062761505,0.9227714285714285,0.8319478451381075,0.7828680004113223,14.131279468536377
NZ,plant,nz15,32,MaxEnt,tgb,0.9379397503849738,0.13467145290502655,0.0025627615062761505,0.9328190476190477,0.8575402189399393,0.8413123607534524,3.016183853149414
NZ,plant,nz16,40,GLM,random,0.6340946874673783,0.11630363781593409,0.05690376569037657,0.6132124999999999,0.5876001258026585,0.5710743809692269,1.5245935916900635
NZ,plant,nz16,40,GLM,tgb,0.6472065898370218,0.12262897616577154,0.05690376569037657,0.533475,0.4791388297402276,0.5184524911014303,0.6357548236846924
NZ,plant,nz16,40,BRT,random,0.633969883809502,0.10018676693817674,0.05690376569037657,0.5828249999999999,0.5077828138599355,0.4614417363460078,6.982318878173828
NZ,plant,nz16,40,BRT,tgb,0.5993047439763949,0.058446980667663184,0.05690376569037657,0.49250000000000005,0.4380552801361161,0.47268495917531095,3.9851322174072266
NZ,plant,nz16,40,RF,random,0.652134461121405,0.12808203973336602,0.05690376569037657,0.59388125,0.5429981121489393,0.4816298632180579,4.967914819717407
NZ,plant,nz16,40,RF,tgb,0.6464937282657628,0.11506352178813614,0.05690376569037657,0.46350625,0.4456921627414333,0.5016438893907197,4.5072407722473145
NZ,plant,nz16,40,MaxEnt,random,0.6107013032794639,0.10395112758909036,0.05690376569037657,0.621875,0.5379466135631491,0.46887576465000524,12.512810468673706
NZ,plant,nz16,40,MaxEnt,tgb,0.6155673971354847,0.0854274172455576,0.05690376569037657,0.5186749999999999,0.43656486734846034,0.4796840977175548,3.0119102001190186
NZ,plant,nz17,94,GLM,random,0.7323203606650054,0.3616253270241572,0.28959205020920503,0.6725611111111112,0.6127085011964815,0.5443451645094314,2.1735386848449707
NZ,plant,nz17,94,GLM,tgb,0.7363438115064604,0.3661245334350278,0.28959205020920503,0.5618657894736843,0.5385788110492316,0.5498990987148047,0.7798848152160645
NZ,plant,nz17,94,BRT,random,0.6593856743689867,0.22362882280142193,0.28959205020920503,0.7287622807017543,0.5993037124932521,0.5198956393277595,6.855762481689453
NZ,plant,nz17,94,BRT,tgb,0.6700671651694781,0.20317261763782624,0.28959205020920503,0.6143789473684211,0.5434615786022876,0.5367004776116481,3.7251760959625244
NZ,plant,nz17,94,RF,random,0.6831052732987488,0.2951215185545971,0.28959205020920503,0.7638669590643274,0.677742438668173,0.5641244641733294,5.256282329559326
NZ,plant,nz17,94,RF,tgb,0.7008351426119863,0.314505242011645,0.28959205020920503,0.6555228070175438,0.5751299319794851,0.5758696342174183,5.257917881011963
NZ,plant,nz17,94,MaxEnt,random,0.686655416871191,0.29662578318735117,0.28959205020920503,0.7278111111111111,0.6342331095336728,0.5434829993866384,24.863248109817505
NZ,plant,nz17,94,MaxEnt,tgb,0.7035389786958012,0.31365452348555706,0.28959205020920503,0.604583918128655,0.5553558008088031,0.552253736806254,3.9332196712493896
NZ,plant,nz18,43,GLM,random,0.9542354416242586,0.4255188853048659,0.026673640167364017,0.8849875,0.8093926338270732,0.8298077184524667,1.617999792098999
NZ,plant,nz18,43,GLM,tgb,0.958794238813204,0.4330086950283436,0.026673640167364017,0.8687541666666666,0.7913394318082199,0.8269511001142412,0.6023316383361816
NZ,plant,nz18,43,BRT,random,0.9219323366100874,0.32723203134191137,0.026673640167364017,0.8930152777777778,0.8769120515786766,0.8667368501459632,6.4624505043029785
NZ,plant,nz18,43,BRT,tgb,0.9372156019850174,0.35626321427997104,0.026673640167364017,0.8668194444444444,0.8785794178274042,0.8859771460010564,3.3742620944976807
NZ,plant,nz18,43,RF,random,0.9494069707410101,0.42698108495474585,0.026673640167364017,0.9234256944444444,0.9040628353381376,0.9025608247404373,4.13562536239624
NZ,plant,nz18,43,RF,tgb,0.9571189324735806,0.43872825701781965,0.026673640167364017,0.9083340277777777,0.9090109149458202,0.9108983005293896,4.213634967803955
NZ,plant,nz18,43,MaxEnt,random,0.9284850544194035,0.43425860239973946,0.026673640167364017,0.9260805555555557,0.911339030760363,0.8980419525265498,14.970228433609009
NZ,plant,nz18,43,MaxEnt,tgb,0.9524969181654392,0.4772020030828243,0.026673640167364017,0.9169458333333333,0.9092794020766932,0.910099765073776,3.9657680988311768
NZ,plant,nz19,127,GLM,random,0.6605786708515283,0.11346646960203421,0.04184100418410042,0.7822726153846153,0.6933489845799474,0.6812462469678443,2.2550318241119385
NZ,plant,nz19,127,GLM,tgb,0.6581919350436682,0.10955969494717022,0.04184100418410042,0.6852321538461539,0.651017352019638,0.7172382977879751,0.8580763339996338
NZ,plant,nz19,127,BRT,random,0.6207090611353712,0.07320503026343973,0.04184100418410042,0.7999652307692308,0.7410456718123339,0.7312968589773151,6.45172381401062
NZ,plant,nz19,127,BRT,tgb,0.6405692207969432,0.09323199292072182,0.04184100418410042,0.7268495384615385,0.7008681292182435,0.7555507808400874,3.9802334308624268
NZ,plant,nz19,127,RF,random,0.6524572530021834,0.10374181390824973,0.04184100418410042,0.814272076923077,0.7436729023428095,0.7138127086683432,5.5808515548706055
NZ,plant,nz19,127,RF,tgb,0.641786844978166,0.10364270392027353,0.04184100418410042,0.7171878461538462,0.7175513933288331,0.773708192564832,5.778033256530762
NZ,plant,nz19,127,MaxEnt,random,0.6414769377729258,0.09391584301882305,0.04184100418410042,0.7838066153846153,0.7594561701572425,0.7268342171762145,22.536120653152466
NZ,plant,nz19,127,MaxEnt,tgb,0.6684972707423581,0.1184557313648528,0.04184100418410042,0.7069620000000001,0.707159578715346,0.760694401766623,4.515570402145386
NZ,plant,nz20,33,GLM,random,0.9613638630559342,0.37284799467759294,0.024947698744769875,0.9145285714285712,0.8657486422175928,0.8182103234325433,1.2389917373657227
NZ,plant,nz20,33,GLM,tgb,0.9392842070320289,0.32959120195757136,0.024947698744769875,0.9067023809523811,0.8378950541982921,0.8073068971268691,0.5007431507110596
NZ,plant,nz20,33,BRT,random,0.9348870102716708,0.2898019400313207,0.024947698744769875,0.9035047619047619,0.8426395593628254,0.8337961146785975,5.541692733764648
NZ,plant,nz20,33,BRT,tgb,0.9157989616439801,0.2600837399771919,0.024947698744769875,0.8884476190476189,0.825118875519636,0.8327703667945763,3.1549980640411377
NZ,plant,nz20,33,RF,random,0.9382244064830173,0.345478627839483,0.024947698744769875,0.9339833333333333,0.8670487218505716,0.8232963341010257,3.894540548324585
NZ,plant,nz20,33,RF,tgb,0.9267292617515626,0.3312604408195833,0.024947698744769875,0.924990476190476,0.8756297223732881,0.8608208766677706,3.8295047283172607
NZ,plant,nz20,33,MaxEnt,random,0.9535058544014305,0.39568941792147855,0.024947698744769875,0.9383928571428571,0.8645014062519252,0.8235458401362181,22.358128309249878
NZ,plant,nz20,33,MaxEnt,tgb,0.9312133274093806,0.3419181108833267,0.024947698744769875,0.9268214285714287,0.8323910112041063,0.8058817526203661,4.773171901702881
NZ,plant,nz21,21,GLM,random,0.759873115636336,0.21085868091128246,0.04403765690376569,0.762795,0.6724324276231628,0.64437376735785,1.3554511070251465
NZ,plant,nz21,21,GLM,tgb,0.7318742935382516,0.1776286500403684,0.04403765690376569,0.7276849999999999,0.6340634937067936,0.6430009303706056,0.5052495002746582
NZ,plant,nz21,21,BRT,random,0.7480476054829099,0.11902027276339026,0.04403765690376569,0.7888000000000002,0.5779054271279744,0.6073131360791942,6.4744226932525635
NZ,plant,nz21,21,BRT,tgb,0.7365437311680592,0.09460232513856233,0.04403765690376569,0.7004900000000001,0.5511493548412447,0.6171358193960026,3.83890700340271
NZ,plant,nz21,21,RF,random,0.7583938831751059,0.21890547579434497,0.04403765690376569,0.82051,0.6006230570103183,0.6376137579716872,4.2903218269348145
NZ,plant,nz21,21,RF,tgb,0.741614661292121,0.1988188242219471,0.04403765690376569,0.76212,0.5417964035281237,0.6560099888957418,4.13443398475647
NZ,plant,nz21,21,MaxEnt,random,0.7286180393131262,0.1901308159020078,0.04403765690376569,0.746915,0.5212234473016668,0.5790220503050986,10.040814399719238
NZ,plant,nz21,21,MaxEnt,tgb,0.7024877589948224,0.1503602104921915,0.04403765690376569,0.73539,0.5252952575319849,0.6159192366319101,3.031240224838257
NZ,plant,nz22,130,GLM,random,0.6814218393806926,0.10883973530725671,0.03603556485355649,0.7357730769230769,0.6513784068356465,0.6359524159858162,1.7838032245635986
NZ,plant,nz22,130,GLM,tgb,0.7371628650820905,0.15829117148410896,0.03603556485355649,0.6473923076923078,0.6430662828262763,0.6970467590731445,0.6671020984649658
NZ,plant,nz22,130,BRT,random,0.7031559043540498,0.10988005134564563,0.03603556485355649,0.7923115384615385,0.6727666148890386,0.6482913695808212,6.612454175949097
NZ,plant,nz22,130,BRT,tgb,0.7782960004831893,0.20060048130417227,0.03603556485355649,0.6992423076923077,0.6602111846743981,0.696876163210578,4.0410215854644775
NZ,plant,nz22,130,RF,random,0.6839634650367798,0.11013779846594471,0.03603556485355649,0.7991153846153847,0.7272619401353404,0.6827775412290581,5.581520080566406
NZ,plant,nz22,130,RF,tgb,0.7594587083870419,0.17385879580967623,0.03603556485355649,0.6949826923076923,0.6919195985824425,0.7657067284639192,6.207621097564697
NZ,plant,nz22,130,MaxEnt,random,0.6850090625538676,0.09171831899399101,0.03603556485355649,0.7960846153846155,0.7425803957166709,0.6889491045172023,30.23659372329712
NZ,plant,nz22,130,MaxEnt,tgb,0.7542415878340895,0.16551733803507612,0.03603556485355649,0.6886076923076924,0.6970081285227054,0.757956070761729,4.958322048187256
NZ,plant,nz23,23,GLM,random,0.4815258520532913,-0.04324740163072691,0.1631276150627615,0.8566100000000001,0.7792002286558548,0.775996773993778,1.1281614303588867
NZ,plant,nz23,23,GLM,tgb,0.48956584730927866,-0.016656928982535527,0.1631276150627615,0.78415,0.733979202590515,0.7468224412135196,0.5178284645080566
NZ,plant,nz23,23,BRT,random,0.5037015661032247,-0.029947120821537616,0.1631276150627615,0.789585,0.7196037936972394,0.7240410087616579,6.889186859130859
NZ,plant,nz23,23,BRT,tgb,0.5282892406592334,-0.024216753320535613,0.1631276150627615,0.740035,0.5371792702595035,0.600067572157718,3.9760005474090576
NZ,plant,nz23,23,RF,random,0.39644396223312356,-0.12474451151759001,0.1631276150627615,0.8242200000000001,0.7132723973948982,0.6958957302734511,4.31005334854126
NZ,plant,nz23,23,RF,tgb,0.446333467976783,-0.07669145354025853,0.1631276150627615,0.7910425,0.6589116413588976,0.7166691527449232,4.580332040786743
NZ,plant,nz23,23,MaxEnt,random,0.48290627635708644,-0.08202342923042508,0.1631276150627615,0.83457,0.5727630641271353,0.5893750201624474,10.750675678253174
NZ,plant,nz23,23,MaxEnt,tgb,0.5298194932871201,-0.03598187495504119,0.1631276150627615,0.780775,0.601941570872669,0.6709753935198549,2.8156347274780273
NZ,plant,nz24,22,GLM,random,0.7485370759006645,0.10921934975866668,0.0031380753138075313,0.8340350000000001,0.7623060693125259,0.8068604282542855,1.42606520652771
NZ,plant,nz24,22,GLM,tgb,0.7506147254284715,0.10852568827237909,0.0031380753138075313,0.810045,0.7329730804750512,0.7908789496843894,0.5914950370788574
NZ,plant,nz24,22,BRT,random,0.7910650577124869,0.1709354484648428,0.0031380753138075313,0.885565,0.7570989098638341,0.7812180459102107,7.038316011428833
NZ,plant,nz24,22,BRT,tgb,0.795583683105981,0.05954744505453123,0.0031380753138075313,0.8310700000000001,0.7745296273421248,0.7995678359110713,4.0707666873931885
NZ,plant,nz24,22,RF,random,0.769748600909409,0.10156266428140565,0.0031380753138075313,0.8874275,0.7667889950893393,0.8107719377516889,4.690981149673462
NZ,plant,nz24,22,RF,tgb,0.738572927597062,0.08876827982447383,0.0031380753138075313,0.8452,0.7325337307359433,0.8052363691859876,4.263023376464844
NZ,plant,nz24,22,MaxEnt,random,0.7076206715634837,0.1254604964170568,0.0031380753138075313,0.8203950000000001,0.6715520631815026,0.7146241435374581,11.843066215515137
NZ,plant,nz24,22,MaxEnt,tgb,0.7016622945085694,0.11200510572802022,0.0031380753138075313,0.78008,0.6224663061606631,0.7135986549724128,3.0773534774780273
NZ,plant,nz25,113,GLM,random,0.8239168419852171,0.1895513676828579,0.02557531380753138,0.8750494071146244,0.8410386254483223,0.7867298139560122,2.523838520050049
NZ,plant,nz25,113,GLM,tgb,0.8637658786908684,0.23025996685283678,0.02557531380753138,0.8429974308300394,0.8317868845510656,0.8194874657140302,0.8323743343353271
NZ,plant,nz25,113,BRT,random,0.8329863184026359,0.2064103231282492,0.02557531380753138,0.8594306324110672,0.8288572468743238,0.7911422757618959,7.301721572875977
NZ,plant,nz25,113,BRT,tgb,0.8587469769966913,0.2305532367150243,0.02557531380753138,0.8202418972332015,0.7928590466759624,0.7872280556998625,4.153307914733887
NZ,plant,nz25,113,RF,random,0.8871604914692941,0.24244049352060418,0.02557531380753138,0.881831719367589,0.8412860574485872,0.8026972440767149,5.551404237747192
NZ,plant,nz25,113,RF,tgb,0.9039425023206589,0.26611138273486185,0.02557531380753138,0.8492240118577075,0.8304855347788287,0.8266166605837378,5.149592876434326
NZ,plant,nz25,113,MaxEnt,random,0.8485289431746175,0.23228991940976396,0.02557531380753138,0.8728418972332015,0.8416924865533915,0.8103734512179462,33.28027939796448
NZ,plant,nz25,113,MaxEnt,tgb,0.8811968617951984,0.25959363351294285,0.02557531380753138,0.8357369565217392,0.8280259569865143,0.8358573085036344,18.80738663673401
NZ,plant,nz26,22,GLM,random,0.8862778031454082,0.21235194442723113,0.012447698744769874,0.9632,0.8498580597418984,0.8295699234770999,1.0281391143798828
NZ,plant,nz26,22,GLM,tgb,0.9027066816558208,0.21386871645900732,0.012447698744769874,0.95641,0.8134754063537747,0.8111605652803772,0.42493224143981934
NZ,plant,nz26,22,BRT,random,0.6989665583424345,0.06454248049187694,0.012447698744769874,0.95177,0.858479314184386,0.8198877407832632,4.5526299476623535
NZ,plant,nz26,22,BRT,tgb,0.8209680599281339,0.10350197739064389,0.012447698744769874,0.9283950000000001,0.8727253626287867,0.8322882426644438,2.6141886711120605
NZ,plant,nz26,22,RF,random,0.7662164802368358,0.1836667338493253,0.012447698744769874,0.9625675000000001,0.9012549071558325,0.851660297039565,3.0348145961761475
NZ,plant,nz26,22,RF,tgb,0.8551953352043073,0.18533486323869258,0.012447698744769874,0.9594799999999999,0.8861728167377523,0.8497226722027376,3.076866865158081
NZ,plant,nz26,22,MaxEnt,random,0.7260567398233523,0.2499309461225995,0.012447698744769874,0.9632149999999999,0.8210266973520839,0.7816339797325281,9.950812816619873
NZ,plant,nz26,22,MaxEnt,tgb,0.8027844757222877,0.20552819621095053,0.012447698744769874,0.95443,0.8391983983089542,0.8014997020517364,2.684598445892334
NZ,plant,nz27,40,GLM,random,0.5620624586141828,0.04923053940466509,0.057635983263598325,0.7367250000000001,0.5791111054951783,0.6293567302796315,1.7456519603729248
NZ,plant,nz27,40,GLM,tgb,0.5474507343835837,0.04849045310724896,0.057635983263598325,0.6968874999999999,0.5790936643288787,0.6522240115303342,0.6478629112243652
NZ,plant,nz27,40,BRT,random,0.5382942828496369,0.021216731387888953,0.057635983263598325,0.765125,0.6270339201075285,0.6493410056616284,7.3467371463775635
NZ,plant,nz27,40,BRT,tgb,0.5358730299746634,0.022231292461514833,0.057635983263598325,0.7111624999999999,0.5757618223094305,0.6520685419471299,4.162322044372559
NZ,plant,nz27,40,RF,random,0.5383506138950785,0.03968485345796769,0.057635983263598325,0.7820625,0.6664541532401793,0.7094917801665597,4.408291339874268
NZ,plant,nz27,40,RF,tgb,0.5269155375779695,0.038752368423483785,0.057635983263598325,0.6965187499999999,0.6091130810572996,0.7244711272547442,4.169207811355591
NZ,plant,nz27,40,MaxEnt,random,0.6083379969496122,0.05530987474193062,0.057635983263598325,0.8167250000000001,0.6642845701774595,0.6584162245515234,21.376832723617554
NZ,plant,nz27,40,MaxEnt,tgb,0.6092583057192857,0.06025952032818901,0.057635983263598325,0.7251875,0.6082133001944945,0.6889833694140897,12.413240671157837
NZ,plant,nz28,18,GLM,random,0.6283887870772502,0.03536572923350356,0.003608786610878661,0.7148666666666668,0.6325909772055945,0.6685636705139694,1.5088729858398438
NZ,plant,nz28,18,GLM,tgb,0.6898409228014201,0.06119841432466992,0.003608786610878661,0.683525,0.60387445582908,0.6660403624458124,0.586442232131958
NZ,plant,nz28,18,BRT,random,0.7429029173408677,0.02990183116594508,0.003608786610878661,0.8713333333333333,0.7433886564602505,0.7600365045681426,6.540705442428589
NZ,plant,nz28,18,BRT,tgb,0.7858288849381408,0.029245413985647884,0.003608786610878661,0.817,0.779254522839351,0.8000647879732583,3.7841804027557373
NZ,plant,nz28,18,RF,random,0.7591035199947662,0.06602398819530944,0.003608786610878661,0.8680416666666668,0.7679552185172182,0.799161947021253,3.873246431350708
NZ,plant,nz28,18,RF,tgb,0.7867402449108762,0.0790358890850669,0.003608786610878661,0.7878708333333334,0.6818123769226274,0.7753532696445224,3.9043664932250977
NZ,plant,nz28,18,MaxEnt,random,0.7929729429547995,0.07325654201175667,0.003608786610878661,0.7620166666666666,0.704998573989822,0.6993322111236099,24.024056434631348
NZ,plant,nz28,18,MaxEnt,tgb,0.8654621956776586,0.12672206630917926,0.003608786610878661,0.7172416666666666,0.6698071473700089,0.7349365576890525,10.876132011413574
NZ,plant,nz29,21,GLM,random,0.6264664378908951,0.16288413428539225,0.1768828451882845,0.64291,0.5013919442447082,0.4908809829147083,1.2183575630187988
NZ,plant,nz29,21,GLM,tgb,0.5911215694249395,0.11795094055262736,0.1768828451882845,0.5671999999999999,0.42011732768854954,0.45280968412565437,0.4802858829498291
NZ,plant,nz29,21,BRT,random,0.6651543300823607,0.08548376789506718,0.1768828451882845,0.667735,0.38098657175840855,0.4071474573260824,6.456467151641846
NZ,plant,nz29,21,BRT,tgb,0.6070501633076639,0.08643460380689312,0.1768828451882845,0.6217349999999999,0.3950632556307518,0.4372587441088538,3.6312460899353027
NZ,plant,nz29,21,RF,random,0.6873071193363774,0.25912908789307987,0.1768828451882845,0.7791125,0.4976869835062999,0.499380822505612,3.5735487937927246
NZ,plant,nz29,21,RF,tgb,0.6576150798419327,0.21093314565143065,0.1768828451882845,0.687555,0.47980665634026737,0.5838524087221154,3.5966737270355225
NZ,plant,nz29,21,MaxEnt,random,0.6887095564499068,0.23577410431204243,0.1768828451882845,0.8146300000000002,0.6544071002369038,0.6531792189753687,8.431980848312378
NZ,plant,nz29,21,MaxEnt,tgb,0.6531840804768865,0.18206784282904676,0.1768828451882845,0.7511800000000001,0.6006772172458352,0.661990143323629,7.007588624954224
NZ,plant,nz30,101,GLM,random,0.7514479093362662,0.42013823561351227,0.39173640167364016,0.7625428571428571,0.6905139222638954,0.6045083953786332,1.7447566986083984
NZ,plant,nz30,101,GLM,tgb,0.7301299927561771,0.3889899738390271,0.39173640167364016,0.6613711904761905,0.5976114545033188,0.5808729258215605,0.663846492767334
NZ,plant,nz30,101,BRT,random,0.7854151077906111,0.38396079768116487,0.39173640167364016,0.7699021428571429,0.6775878392362609,0.6024720299214008,6.867550373077393
NZ,plant,nz30,101,BRT,tgb,0.7747351699658013,0.3669043372300126,0.39173640167364016,0.6420861904761905,0.5973188481333129,0.5975269816012702,3.9444429874420166
NZ,plant,nz30,101,RF,random,0.8160700997718943,0.5276263572150033,0.39173640167364016,0.7885082142857144,0.7312115403104386,0.635472682895419,4.979341745376587
NZ,plant,nz30,101,RF,tgb,0.7964875437241057,0.5077076449171181,0.39173640167364016,0.6557402380952381,0.6442544070889329,0.6138032021118474,5.817689895629883
NZ,plant,nz30,101,MaxEnt,random,0.7990548992236138,0.48291039368070454,0.39173640167364016,0.7739964285714287,0.7001653377410744,0.565408128103823,87.3082823753357
NZ,plant,nz30,101,MaxEnt,tgb,0.8196751587384498,0.536828528069567,0.39173640167364016,0.6388478571428571,0.6113001546825377,0.5888733171324729,3.8783514499664307
NZ,plant,nz31,47,GLM,random,0.9407198952879581,0.07170436167665716,0.0010460251046025104,0.9262477777777779,0.7692902334307197,0.7742136011649214,1.1085431575775146
NZ,plant,nz31,47,GLM,tgb,0.9006387434554974,0.058279030175520816,0.0010460251046025104,0.9209200000000001,0.7907539554947555,0.816595352882184,0.4475882053375244
NZ,plant,nz31,47,BRT,random,0.945488219895288,0.06386713605261411,0.0010460251046025104,0.8766222222222222,0.7301513178502007,0.7261095761524118,6.215368747711182
NZ,plant,nz31,47,BRT,tgb,0.9122997382198953,0.03902940675292419,0.0010460251046025104,0.8924644444444445,0.7692709261064842,0.8176212137055694,3.3396270275115967
NZ,plant,nz31,47,RF,random,0.9490418848167539,0.07243462836410111,0.0010460251046025104,0.9098799999999999,0.7248798922062627,0.7118279795401694,3.8784587383270264
NZ,plant,nz31,47,RF,tgb,0.9167696335078535,0.0598812590874855,0.0010460251046025104,0.8925572222222222,0.7251801150029247,0.7386850258228346,4.7795000076293945
NZ,plant,nz31,47,MaxEnt,random,0.9207041884816753,0.06541209235457804,0.0010460251046025104,0.9123911111111112,0.6567574483769025,0.6828243059299726,69.26239681243896
NZ,plant,nz31,47,MaxEnt,tgb,0.9014947643979058,0.05483916913742729,0.0010460251046025104,0.9131888888888888,0.736158907948534,0.7573846374637306,13.05195140838623
NZ,plant,nz32,105,GLM,random,0.7689468051099734,0.21342399445793703,0.05852510460251046,0.8522000000000001,0.7545472253223006,0.6822467069629943,1.5891544818878174
NZ,plant,nz32,105,GLM,tgb,0.7094810888025831,0.16212696155954862,0.05852510460251046,0.8036857142857142,0.6861976655372072,0.6507635067993535,0.681588888168335
NZ,plant,nz32,105,BRT,random,0.7370326561641223,0.1995914087732331,0.05852510460251046,0.862957142857143,0.7221138731537244,0.6511354761650329,6.778179168701172
NZ,plant,nz32,105,BRT,tgb,0.6810072213742072,0.13853355701004583,0.05852510460251046,0.7754809523809524,0.6685319168663751,0.6266499051583521,4.4709718227386475
NZ,plant,nz32,105,RF,random,0.7780273253610823,0.22210656437701176,0.05852510460251046,0.8654095238095237,0.7517271518604756,0.6577567311678976,16.084631204605103
NZ,plant,nz32,105,RF,tgb,0.7807152655951642,0.22101297251749796,0.05852510460251046,0.8213666666666665,0.7046460171309283,0.635317011339824,21.654574155807495
NZ,plant,nz32,105,MaxEnt,random,0.7772165025684454,0.23569514674941855,0.05852510460251046,0.8381809523809522,0.7468021129290067,0.6547564135491973,69.57415771484375
NZ,plant,nz32,105,MaxEnt,tgb,0.7852891103905011,0.23139788706333042,0.05852510460251046,0.7818857142857143,0.6828936042270133,0.6306428856622107,4.584665775299072
NZ,plant,nz33,19,GLM,random,0.8163590548441122,0.1845968396723937,0.04084728033472804,0.7726583333333334,0.7203565690645533,0.737599990556543,1.2663564682006836
NZ,plant,nz33,19,GLM,tgb,0.8165618090760306,0.20494285097501502,0.04084728033472804,0.7486666666666667,0.646553155963113,0.685023073263291,0.4764575958251953
NZ,plant,nz33,19,BRT,random,0.6382987034830371,0.04511128689838976,0.04084728033472804,0.71975,0.6819446257858747,0.7018231649643432,6.450049877166748
NZ,plant,nz33,19,BRT,tgb,0.724372517892677,0.05572239140221824,0.04084728033472804,0.72305,0.7229142324615949,0.7816140239684204,3.9553868770599365
NZ,plant,nz33,19,RF,random,0.7284569613996855,0.18042031114384158,0.04084728033472804,0.8155374999999999,0.7915559555224165,0.8198667412187532,11.30760645866394
NZ,plant,nz33,19,RF,tgb,0.7433332851582576,0.19031824031707428,0.04084728033472804,0.789525,0.7399170195216714,0.8177435954013251,16.172592639923096
NZ,plant,nz33,19,MaxEnt,random,0.6602444403344355,0.1194054088842095,0.04084728033472804,0.8072250000000001,0.7290125846354764,0.7390416487563943,43.6018500328064
NZ,plant,nz33,19,MaxEnt,tgb,0.7395263719790299,0.1439893501154798,0.04084728033472804,0.7498250000000001,0.701726778808718,0.7750297375185713,9.103259325027466
NZ,plant,nz34,42,GLM,random,0.5776398892324013,0.041757727558123126,0.02792887029288703,0.6391097222222222,0.502192693761873,0.5127176081956695,8.204579591751099
NZ,plant,nz34,42,GLM,tgb,0.5357330695932785,0.01774988725246547,0.02792887029288703,0.5957152777777778,0.49293561968946475,0.5804286351740993,4.286909818649292
NZ,plant,nz34,42,BRT,random,0.5737061059611137,0.020602577435127504,0.02792887029288703,0.6428708333333333,0.5535372342522328,0.5649228028587371,26.373546361923218
NZ,plant,nz34,42,BRT,tgb,0.5609746230802372,0.021329519749398094,0.02792887029288703,0.6371694444444443,0.5589482499998204,0.6455826515165992,16.682878255844116
NZ,plant,nz34,42,RF,random,0.5919515353467694,0.051511371206096626,0.02792887029288703,0.7169361111111111,0.5738303130162837,0.6105268870604527,16.71684503555298
NZ,plant,nz34,42,RF,tgb,0.5902154515238606,0.054295608197399356,0.02792887029288703,0.6666520833333334,0.5731305817656581,0.6836207811569475,8.781488180160522
NZ,plant,nz34,42,MaxEnt,random,0.5539031835407506,0.031755437865699135,0.02792887029288703,0.6796430555555556,0.5713746633055896,0.5851532563418439,13.06404995918274
NZ,plant,nz34,42,MaxEnt,tgb,0.5609276202014242,0.024443116844572003,0.02792887029288703,0.6556819444444445,0.547987651817621,0.6751004138710497,3.3051464557647705
NZ,plant,nz35,24,GLM,random,0.7194355304285581,0.33922432282642684,0.5533995815899582,0.7217849999999999,0.534235151297968,0.5321660790477296,6.850569725036621
NZ,plant,nz35,24,GLM,tgb,0.6920875691257042,0.3012880428308955,0.5533995815899582,0.673635,0.4971049122982306,0.5471749335341951,4.524805784225464
NZ,plant,nz35,24,BRT,random,0.6587321918028743,0.17031170242235594,0.5533995815899582,0.7273949999999999,0.5026520679350964,0.5301773685618574,27.74887490272522
NZ,plant,nz35,24,BRT,tgb,0.644111333425175,0.14646381917177032,0.5533995815899582,0.66943,0.5013555724794486,0.5514153231309861,12.585787773132324
NZ,plant,nz35,24,RF,random,0.7930326826244698,0.44793636883209437,0.5533995815899582,0.7617675,0.566160580736641,0.5322156560880756,13.065714597702026
NZ,plant,nz35,24,RF,tgb,0.791748039446843,0.44860493753021746,0.5533995815899582,0.7619349999999999,0.598077498548901,0.6473179511772502,3.8959810733795166
NZ,plant,nz35,24,MaxEnt,random,0.8231033981534204,0.4579985967882017,0.5533995815899582,0.7373649999999999,0.5702741272546988,0.5742883903989213,9.642102241516113
NZ,plant,nz35,24,MaxEnt,tgb,0.8156871789547271,0.46896900396431285,0.5533995815899582,0.721615,0.5694926568974323,0.635065935057433,3.0921449661254883
NZ,plant,nz36,170,GLM,random,0.5407539716008785,0.05271554979069776,0.3581589958158996,0.7547294117647059,0.6966931344491913,0.5768962662184495,16.0005886554718
NZ,plant,nz36,170,GLM,tgb,0.5051773436262474,-0.015241557752508208,0.3581589958158996,0.6710794117647059,0.6473802881220505,0.5773617509566814,10.664166688919067
NZ,plant,nz36,170,BRT,random,0.520609236063937,0.0570332242914547,0.3581589958158996,0.7674529411764706,0.7198618220278542,0.6007695324921724,23.939619779586792
NZ,plant,nz36,170,BRT,tgb,0.5036882491314474,0.01445684818308005,0.3581589958158996,0.660385294117647,0.6401418128659834,0.5780344613380922,10.387229204177856
NZ,plant,nz36,170,RF,random,0.5889329370046089,0.15708341170715256,0.3581589958158996,0.7758926470588234,0.715841660640182,0.5867706039889798,5.9663848876953125
NZ,plant,nz36,170,RF,tgb,0.5495269700648235,0.08401246534753515,0.3581589958158996,0.6591191176470588,0.6473804504789271,0.5718202856361027,6.402488470077515
NZ,plant,nz36,170,MaxEnt,random,0.5960095435129282,0.1612932426500301,0.3581589958158996,0.7723941176470588,0.7200373170573118,0.5620857667852123,54.060128927230835
NZ,plant,nz36,170,MaxEnt,tgb,0.5614538742742388,0.10258907449555414,0.3581589958158996,0.6640029411764706,0.6167970428080776,0.5407297518152001,7.538662433624268
NZ,plant,nz37,22,GLM,random,0.4993617796173589,-0.026453097642757117,0.1305439330543933,0.799565,0.696508294721913,0.6691985636410152,9.414015769958496
NZ,plant,nz37,22,GLM,tgb,0.45068869093340486,-0.0752419226597021,0.1305439330543933,0.7632749999999999,0.694664157840184,0.7063076873383303,4.568560600280762
NZ,plant,nz37,22,BRT,random,0.519114172666642,-0.019372814723579768,0.1305439330543933,0.780225,0.7140910097708062,0.6993030166537629,24.190478324890137
NZ,plant,nz37,22,BRT,tgb,0.5098801128003072,-0.027502741411303013,0.1305439330543933,0.6784800000000001,0.6486566170471343,0.6845589850912406,11.285235404968262
NZ,plant,nz37,22,RF,random,0.5470014776288837,0.04881005837102215,0.1305439330543933,0.7975350000000001,0.6855141458413915,0.593821340451672,3.969053030014038
NZ,plant,nz37,22,RF,tgb,0.5281644688286629,0.021403057265043622,0.1305439330543933,0.7471774999999999,0.6710002878221024,0.7086337077027458,4.0116918087005615
NZ,plant,nz37,22,MaxEnt,random,0.5441693234680782,0.03805078166869562,0.1305439330543933,0.7887699999999999,0.6971686012156143,0.6702653599869577,8.982548236846924
NZ,plant,nz37,22,MaxEnt,tgb,0.5060394031798326,-0.02039380694014019,0.1305439330543933,0.7146950000000001,0.6966057725070243,0.7404315765937071,3.0186431407928467
NZ,plant,nz38,147,GLM,random,0.8262633894582415,0.3202123910425437,0.07065899581589959,0.7916791954022988,0.6484085287260329,0.6212668928485823,6.849055051803589
NZ,plant,nz38,147,GLM,tgb,0.813195237391245,0.29360898701940263,0.07065899581589959,0.7207660919540231,0.6481515978520203,0.6807585812819452,0.7342476844787598
NZ,plant,nz38,147,BRT,random,0.8090084574558466,0.3083153407605821,0.07065899581589959,0.8270894252873562,0.7227267237163671,0.7038903597634891,6.5777668952941895
NZ,plant,nz38,147,BRT,tgb,0.8049822212596819,0.272992960738627,0.07065899581589959,0.746660459770115,0.6742532076958858,0.7138058811882164,3.6082990169525146
NZ,plant,nz38,147,RF,random,0.8278332939472136,0.3395512328181572,0.07065899581589959,0.8419390804597702,0.744261456312464,0.7050508256888413,6.141488790512085
NZ,plant,nz38,147,RF,tgb,0.8228456698533391,0.31542160481639614,0.07065899581589959,0.7509479310344828,0.6919153151625823,0.7452810226909106,6.847450256347656
NZ,plant,nz38,147,MaxEnt,random,0.8417074555654379,0.35446378520379224,0.07065899581589959,0.8436570114942528,0.730410298858791,0.6763068435711899,33.418556213378906
NZ,plant,nz38,147,MaxEnt,tgb,0.8415740301381505,0.33082969670005324,0.07065899581589959,0.7627031034482759,0.7039110686337527,0.7282504558059867,11.470598697662354
NZ,plant,nz39,21,GLM,random,0.642968163322331,0.006254727737665056,0.0017259414225941423,0.73591,0.598998272501957,0.6344072584674922,3.424177646636963
NZ,plant,nz39,21,GLM,tgb,0.6364890588707847,0.0056318504073097995,0.0017259414225941423,0.7111049999999999,0.5520244013368486,0.6099550413526753,0.5696351528167725
NZ,plant,nz39,21,BRT,random,0.6318389003462613,-0.0009267994095168671,0.0017259414225941423,0.7441549999999999,0.6424892996185281,0.7173626936464927,6.27863073348999
NZ,plant,nz39,21,BRT,tgb,0.608403149216268,-0.00015580539929109332,0.0017259414225941423,0.7689250000000001,0.6125497301813774,0.6781086843820977,3.262368679046631
NZ,plant,nz39,21,RF,random,0.6793383089553258,0.01902404866254965,0.0017259414225941423,0.8408125,0.7667764865823402,0.8529698222208915,4.118060111999512
NZ,plant,nz39,21,RF,tgb,0.7178350805164865,0.02497732792000313,0.0017259414225941423,0.8116850000000001,0.7623535973240999,0.8707978462544071,4.5450146198272705
NZ,plant,nz39,21,MaxEnt,random,0.5966872581846125,-0.003501712198227164,0.0017259414225941423,0.7836749999999999,0.5528100726974527,0.6214456092763887,10.507570743560791
NZ,plant,nz39,21,MaxEnt,tgb,0.6571551952701427,0.004802146408302728,0.0017259414225941423,0.76655,0.6680140333089841,0.7922639896915793,2.690941572189331
NZ,plant,nz40,19,GLM,random,0.5480608797576703,-0.05579247656734426,0.040742677824267784,0.9769333333333334,0.9584148903082598,0.9194664356479629,0.9538161754608154
NZ,plant,nz40,19,GLM,tgb,0.5630198243390668,-0.0448772256040597,0.040742677824267784,0.9701166666666665,0.9388044853391385,0.9092136882620689,0.4348475933074951
NZ,plant,nz40,19,BRT,random,0.5177345606226473,-0.010295686172208423,0.040742677824267784,0.9237,0.7785162695448831,0.7893322872871055,4.609661340713501
NZ,plant,nz40,19,BRT,tgb,0.639939740918706,-0.0022377006156426484,0.040742677824267784,0.881375,0.8151602889113073,0.82220812685027,2.62880802154541
NZ,plant,nz40,19,RF,random,0.44653105387111197,-0.05037179915078484,0.040742677824267784,0.9714333333333334,0.8632740918326501,0.8520379928836546,3.3875367641448975
NZ,plant,nz40,19,RF,tgb,0.4232158651264915,-0.054009775693955514,0.040742677824267784,0.9631833333333333,0.8759414733451362,0.8971642858008312,3.677730083465576
NZ,plant,nz40,19,MaxEnt,random,0.47501343643970845,-0.028821278839457943,0.040742677824267784,0.971725,0.9630339594736795,0.9192680301616726,8.171302795410156
NZ,plant,nz40,19,MaxEnt,tgb,0.4485157064788662,-0.025126420627110162,0.040742677824267784,0.9597,0.9459209239990677,0.9158436827289286,2.226198434829712
NZ,plant,nz41,20,GLM,random,0.9817059748427672,0.20863946842927852,0.0020920502092050207,0.9390000000000001,0.8561631933103655,0.8660690722092941,1.1728625297546387
NZ,plant,nz41,20,GLM,tgb,0.9842531446540881,0.21373006360446864,0.0020920502092050207,0.9244,0.857305618520573,0.8698292881913245,0.4929158687591553
NZ,plant,nz41,20,BRT,random,0.9585482180293501,0.016890377532454245,0.0020920502092050207,0.9606,0.872455866032124,0.8866976582508768,5.74919319152832
NZ,plant,nz41,20,BRT,tgb,0.9605607966457024,0.030297311274581774,0.0020920502092050207,0.9228500000000001,0.7862299816620322,0.8214375577815713,3.249711751937866
NZ,plant,nz41,20,RF,random,0.9832127882599582,0.17780713343903526,0.0020920502092050207,0.9458375,0.8875628624571349,0.9030651988311184,4.058458566665649
NZ,plant,nz41,20,RF,tgb,0.9867275943396228,0.19109906500747892,0.0020920502092050207,0.9306625000000001,0.8590382948022561,0.8870270589892804,3.7195444107055664
NZ,plant,nz41,20,MaxEnt,random,0.9871449161425576,0.23777659265949866,0.0020920502092050207,0.947525,0.8985552993162881,0.8897634918865066,9.92434024810791
NZ,plant,nz41,20,MaxEnt,tgb,0.9921239517819707,0.26625849875272845,0.0020920502092050207,0.9350249999999999,0.8928160285441634,0.9029393799607602,3.274277925491333
NZ,plant,nz42,27,GLM,random,0.6289868946529862,0.23651087930356857,0.3057008368200837,0.6251466666666666,0.5211824840975444,0.4925126471772073,1.374183177947998
NZ,plant,nz42,27,GLM,tgb,0.5736046228769257,0.1356440976104451,0.3057008368200837,0.5493633333333333,0.4923298441272711,0.49830124302440615,0.5921578407287598
NZ,plant,nz42,27,BRT,random,0.5827946109395414,0.12723495239468793,0.3057008368200837,0.5792866666666666,0.5316273422732815,0.4728570026320603,6.983159303665161
NZ,plant,nz42,27,BRT,tgb,0.5326616565094187,0.062078801826779294,0.3057008368200837,0.5131533333333334,0.4847383050243237,0.4800380042236677,3.9697458744049072
NZ,plant,nz42,27,RF,random,0.6367292791334199,0.22234632133107926,0.3057008368200837,0.6197700000000002,0.5035409930775339,0.4396301997276661,3.920163154602051
NZ,plant,nz42,27,RF,tgb,0.5710515176265708,0.12147201233066744,0.3057008368200837,0.5254833333333334,0.49583153628361076,0.5542273963696149,4.037752866744995
NZ,plant,nz42,27,MaxEnt,random,0.5800259110511825,0.13729247179096435,0.3057008368200837,0.65978,0.5517819476172066,0.4942606379497586,8.843935012817383
NZ,plant,nz42,27,MaxEnt,tgb,0.5046005358129584,0.015259598646595828,0.3057008368200837,0.56473,0.5066065877366441,0.5073543756045757,2.656073808670044
NZ,plant,nz43,137,GLM,random,0.6289463438903831,0.026899919595743515,0.0024581589958158996,0.8486948412698414,0.83022427817726,0.7781586346311726,1.902458667755127
NZ,plant,nz43,137,GLM,tgb,0.6096977904601693,0.024363274579279122,0.0024581589958158996,0.80182791005291,0.7892347316931314,0.7886230879154388,0.6959359645843506
NZ,plant,nz43,137,BRT,random,0.6267158320049172,0.03390394571821269,0.0024581589958158996,0.8694465608465608,0.829909999851019,0.7801215657603805,7.422288179397583
NZ,plant,nz43,137,BRT,tgb,0.5895423072160602,0.029108124215539096,0.0024581589958158996,0.8308366402116402,0.8057233870300244,0.7971705707409436,4.225205659866333
NZ,plant,nz43,137,RF,random,0.6455120360630099,0.0326525908137218,0.0024581589958158996,0.881375992063492,0.8288922903433618,0.7630006557745809,5.708444833755493
NZ,plant,nz43,137,RF,tgb,0.6505101898528721,0.02983045217006907,0.0024581589958158996,0.8541456349206349,0.8120317988252858,0.7998900490003008,5.717239618301392
NZ,plant,nz43,137,MaxEnt,random,0.6917587633627127,0.04565355385620111,0.0024581589958158996,0.8735945767195767,0.8344584170123588,0.795287294659544,46.48747181892395
NZ,plant,nz43,137,MaxEnt,tgb,0.6987018521224723,0.04245910354005714,0.0024581589958158996,0.824387962962963,0.7994774339757514,0.8059509420712356,8.87707805633545
NZ,plant,nz44,65,GLM,random,0.8888467253575999,0.509902855518216,0.1459205020920502,0.8088000000000001,0.7833470784659011,0.6945455323592572,1.4585256576538086
NZ,plant,nz44,65,GLM,tgb,0.8478592295552966,0.44681412689219413,0.1459205020920502,0.7574615384615384,0.7561545730420616,0.705274227559347,0.6373989582061768
NZ,plant,nz44,65,BRT,random,0.8251201693564849,0.40556853705195606,0.1459205020920502,0.8094384615384616,0.7611010102954927,0.6763339409480856,7.192106485366821
NZ,plant,nz44,65,BRT,tgb,0.8085795213857557,0.3373516403055731,0.1459205020920502,0.7613153846153846,0.7470232707802277,0.7148946531073824,3.9562742710113525
NZ,plant,nz44,65,RF,random,0.8752508521598659,0.4961443965008524,0.1459205020920502,0.8384384615384617,0.8119756162852652,0.7241065858912712,4.7439141273498535
NZ,plant,nz44,65,RF,tgb,0.8645268839153042,0.46660129443012327,0.1459205020920502,0.774526923076923,0.7693829399224164,0.7361440788156546,4.917543411254883
NZ,plant,nz44,65,MaxEnt,random,0.8859967801197085,0.532040862982085,0.1459205020920502,0.8508923076923077,0.8335945344039224,0.7188164700011324,26.995386123657227
NZ,plant,nz44,65,MaxEnt,tgb,0.866220986508109,0.47855785234374987,0.1459205020920502,0.7961384615384616,0.7964122391288091,0.7342452072012564,15.32107663154602
NZ,plant,nz45,26,GLM,random,0.9084123471030814,0.3186484445180819,0.015742677824267783,0.9431533333333333,0.912706615060775,0.9120046865718785,1.0526323318481445
NZ,plant,nz45,26,GLM,tgb,0.908470074864256,0.3260346005486527,0.015742677824267783,0.92913,0.8743602335815468,0.8982385936061823,0.4584028720855713
NZ,plant,nz45,26,BRT,random,0.8487776278974437,0.14751370362767777,0.015742677824267783,0.9240166666666667,0.8487096579219751,0.8646274422296021,5.250592231750488
NZ,plant,nz45,26,BRT,tgb,0.8607493416475432,0.19453233922213958,0.015742677824267783,0.9227233333333335,0.8750558511645304,0.8803912669883082,3.032832622528076
NZ,plant,nz45,26,RF,random,0.9182656991705739,0.33167473127693253,0.015742677824267783,0.941355,0.899275724945513,0.9018948942758765,3.7083899974823
NZ,plant,nz45,26,RF,tgb,0.9172260698569464,0.3318188936536982,0.015742677824267783,0.9296033333333333,0.8985392791172744,0.9017830954036719,3.706389904022217
NZ,plant,nz45,26,MaxEnt,random,0.8880517480831119,0.29690517757547785,0.015742677824267783,0.9502233333333333,0.9202679343861678,0.9115363128891313,13.76079797744751
NZ,plant,nz45,26,MaxEnt,tgb,0.8907845485203597,0.33334152953490065,0.015742677824267783,0.9367533333333334,0.8936380157111633,0.8994857180104274,6.215039968490601
NZ,plant,nz46,36,GLM,random,0.8926232161387675,0.0919496688025695,0.0011506276150627616,0.9323642857142858,0.9103574015410879,0.8934680867229695,1.1629977226257324
NZ,plant,nz46,36,GLM,tgb,0.878999704871524,0.08785824663455453,0.0011506276150627616,0.9194446428571428,0.8862737594549523,0.889011660969171,0.502138614654541
NZ,plant,nz46,36,BRT,random,0.8688725140186027,0.1293004243540009,0.0011506276150627616,0.9008107142857144,0.8402905092564722,0.8201264326251381,5.833563566207886
NZ,plant,nz46,36,BRT,tgb,0.84512062186426,0.09143402587986121,0.0011506276150627616,0.88975,0.7986094826871679,0.7991642874520385,3.071498155593872
NZ,plant,nz46,36,RF,random,0.8728972096078599,0.08836435610792025,0.0011506276150627616,0.9330589285714286,0.9001979916397478,0.8919639367712774,3.8560211658477783
NZ,plant,nz46,36,RF,tgb,0.8705397519016745,0.0859776849878336,0.0011506276150627616,0.9178205357142856,0.9016928400438882,0.9058056788908748,4.138402938842773
NZ,plant,nz46,36,MaxEnt,random,0.8583311912718135,0.09460791424249214,0.0011506276150627616,0.9341750000000001,0.9008266607479124,0.8759292410221294,23.452313899993896
NZ,plant,nz46,36,MaxEnt,tgb,0.8607660011995546,0.09359293900566525,0.0011506276150627616,0.9234035714285715,0.8977292324419991,0.8924116870043365,9.324193239212036
NZ,plant,nz47,87,GLM,random,0.7734087652041189,0.33779298107163935,0.13263598326359832,0.8228918300653595,0.8022647590922242,0.7460938057675379,1.8194756507873535
NZ,plant,nz47,87,GLM,tgb,0.7274186352320127,0.2904353230277075,0.13263598326359832,0.7644238562091503,0.7564633989324643,0.7664057045695738,0.7651500701904297
NZ,plant,nz47,87,BRT,random,0.7639471114266194,0.2670942601683552,0.13263598326359832,0.786878431372549,0.7579422842115573,0.723500716910204,10.947396993637085
NZ,plant,nz47,87,BRT,tgb,0.7408302594116026,0.23719646617139684,0.13263598326359832,0.7125156862745097,0.7218026050219029,0.7349451246381682,5.714104652404785
NZ,plant,nz47,87,RF,random,0.8075646888377076,0.3750927697454133,0.13263598326359832,0.8284527777777779,0.8029615214563451,0.7701113815697587,5.812159538269043
NZ,plant,nz47,87,RF,tgb,0.7850951959891409,0.3244544514986212,0.13263598326359832,0.748971405228758,0.7581363340304585,0.776996576495652,15.149310827255249
NZ,plant,nz47,87,MaxEnt,random,0.8091417975746453,0.3781429808853219,0.13263598326359832,0.822712091503268,0.8042780748406948,0.7359867257879383,23.194010019302368
NZ,plant,nz47,87,MaxEnt,tgb,0.8025514358790579,0.35137573212521983,0.13263598326359832,0.7751562091503269,0.7603247080152189,0.761542331034498,4.3867573738098145
NZ,plant,nz48,43,GLM,random,0.6554165919320971,0.12012098979118072,0.04649581589958159,0.7491944444444444,0.6612567247495503,0.6251156809529107,1.653287649154663
NZ,plant,nz48,43,GLM,tgb,0.6710002536502091,0.1299604957025063,0.04649581589958159,0.6737638888888888,0.6177357153808123,0.6346616996350762,0.6310253143310547
NZ,plant,nz48,43,BRT,random,0.6442205667191059,0.09659432182571774,0.04649581589958159,0.800911111111111,0.7089316898812752,0.6776635817207151,12.636254787445068
NZ,plant,nz48,43,BRT,tgb,0.658997619538137,0.06561488380870037,0.04649581589958159,0.7070458333333333,0.6613247203157752,0.6719699468993351,4.297652244567871
NZ,plant,nz48,43,RF,random,0.6441479145368472,0.11884125976306913,0.04649581589958159,0.8302666666666667,0.7432206815187917,0.7126066790586221,4.9687416553497314
NZ,plant,nz48,43,RF,tgb,0.6612519041504541,0.12491743088983355,0.04649581589958159,0.7320722222222222,0.673915402221355,0.7167336867935307,16.946259021759033
NZ,plant,nz48,43,MaxEnt,random,0.6467673419216543,0.13021336079769677,0.04649581589958159,0.7947416666666667,0.7188113138039862,0.6748613236207999,15.386462688446045
NZ,plant,nz48,43,MaxEnt,tgb,0.6705201013934472,0.13769252585438196,0.04649581589958159,0.7125027777777777,0.6674376217220657,0.7121175045487274,3.0843138694763184
NZ,plant,nz49,37,GLM,random,0.9134416425375099,0.15164895233372092,0.00653765690376569,0.9234857142857142,0.8810754094822647,0.8473477898564172,1.5925211906433105
NZ,plant,nz49,37,GLM,tgb,0.9190148986575414,0.16401945246292055,0.00653765690376569,0.9210964285714287,0.8830028003620575,0.852403396067123,0.5598711967468262
NZ,plant,nz49,37,BRT,random,0.8729057120294814,0.14902056310324502,0.00653765690376569,0.9355482142857143,0.9190440121591416,0.8753979445841026,5.317753314971924
NZ,plant,nz49,37,BRT,tgb,0.8823016583311397,0.1728192538776438,0.00653765690376569,0.9205553571428572,0.8626041110291366,0.81070520692597,7.2913079261779785
NZ,plant,nz49,37,RF,random,0.9352023163990524,0.15272270309986863,0.00653765690376569,0.9395607142857141,0.9155698628042047,0.883967089045214,12.62669062614441
NZ,plant,nz49,37,RF,tgb,0.9310517504606475,0.16314047389996517,0.00653765690376569,0.9351580357142856,0.9030379200194586,0.8888197266264751,5.738840341567993
NZ,plant,nz49,37,MaxEnt,random,0.9225846801789944,0.2043207704416605,0.00653765690376569,0.9451428571428572,0.9207291968176733,0.8877258367768338,8.287866592407227
NZ,plant,nz49,37,MaxEnt,tgb,0.9358458541721506,0.22433287397449886,0.00653765690376569,0.9482446428571428,0.9186714536844547,0.9057971964413682,2.5047690868377686
NZ,plant,nz50,131,GLM,random,0.7267262882528127,0.16159818243195206,0.050156903765690375,0.8603213675213677,0.8125771703646094,0.7165807541734773,2.2797276973724365
NZ,plant,nz50,131,GLM,tgb,0.7079051760355285,0.154387302463892,0.050156903765690375,0.8399682336182337,0.7916063482750291,0.7168685062766211,0.7766625881195068
NZ,plant,nz50,131,BRT,random,0.7446901337067439,0.19548923476144764,0.050156903765690375,0.881575641025641,0.8067541909443214,0.7178853642114925,14.453611373901367
NZ,plant,nz50,131,BRT,tgb,0.742777597137043,0.19556593411657452,0.050156903765690375,0.8535203703703704,0.799226110822741,0.7189547247606515,11.223575592041016
NZ,plant,nz50,131,RF,random,0.768600070542711,0.19506097697302088,0.050156903765690375,0.8874891025641025,0.857543424573571,0.7528340069598856,4.711408615112305
NZ,plant,nz50,131,RF,tgb,0.7835672862111163,0.2080540341484572,0.050156903765690375,0.8657995014245013,0.8429507107481113,0.7539571780774261,4.67251992225647
NZ,plant,nz50,131,MaxEnt,random,0.781090453887741,0.23211359118747377,0.050156903765690375,0.8763444444444446,0.8345377758772209,0.7329668781568727,29.21048665046692
NZ,plant,nz50,131,MaxEnt,tgb,0.7631419675215296,0.20692750448511354,0.050156903765690375,0.8540834757834757,0.8242116127566131,0.7592996177842984,10.723705053329468
NZ,plant,nz51,42,GLM,random,0.6420666725729358,0.0763387685042156,0.029393305439330542,0.7958125,0.6060695634166984,0.6034457386444249,3.180001974105835
NZ,plant,nz51,42,GLM,tgb,0.6664098014918316,0.09066565714712707,0.029393305439330542,0.759,0.6041497869945772,0.6596510714112098,3.9987411499023438
NZ,plant,nz51,42,BRT,random,0.6530598596532406,0.03995986746313663,0.029393305439330542,0.8169194444444445,0.6038276329545813,0.5864885724617407,17.54344940185547
NZ,plant,nz51,42,BRT,tgb,0.6449563818195834,0.04859702210415879,0.029393305439330542,0.7702180555555557,0.6530704883952966,0.6987239569122897,3.588721513748169
NZ,plant,nz51,42,RF,random,0.7221550575880409,0.11613306378477109,0.029393305439330542,0.8638243055555556,0.6684242451604124,0.6313962026450074,3.574580669403076
NZ,plant,nz51,42,RF,tgb,0.7413086278701495,0.12247398761617681,0.029393305439330542,0.8112,0.552319061858893,0.6115258742367512,3.781235456466675
NZ,plant,nz51,42,MaxEnt,random,0.584832720270277,0.028406767241281182,0.029393305439330542,0.8309847222222222,0.582307062080631,0.5635364446274004,23.857009649276733
NZ,plant,nz51,42,MaxEnt,tgb,0.6629435119059262,0.0862043870366691,0.029393305439330542,0.7993277777777777,0.562488074185873,0.6252644574942637,6.634247064590454
NZ,plant,nz52,174,GLM,random,0.8233344251873742,0.18960772228390083,0.029027196652719665,0.8261772268907563,0.7881462101782072,0.745088850545595,14.0453040599823
NZ,plant,nz52,174,GLM,tgb,0.8285539727715865,0.2071774883766148,0.029027196652719665,0.7825261344537815,0.7598459458602587,0.7900188326472399,0.7933523654937744
NZ,plant,nz52,174,BRT,random,0.8020780651375857,0.19134423121277022,0.029027196652719665,0.833700924369748,0.7886756347683288,0.7408347010981469,5.803241729736328
NZ,plant,nz52,174,BRT,tgb,0.8195250192287629,0.20765938778962362,0.029027196652719665,0.7923368907563025,0.7754435054941486,0.7952416252967203,3.3545279502868652
NZ,plant,nz52,174,RF,random,0.8519040721303043,0.20044574441128155,0.029027196652719665,0.8435631512605042,0.8266518457082356,0.7821712251003026,7.618006467819214
NZ,plant,nz52,174,RF,tgb,0.869426922209039,0.2294577574621689,0.029027196652719665,0.8109913025210084,0.7948203734941017,0.8203374296219061,4.861947059631348
NZ,plant,nz52,174,MaxEnt,random,0.8253533360993636,0.2007879140318462,0.029027196652719665,0.8346355462184875,0.7984738150441558,0.7411359991786444,30.22340989112854
NZ,plant,nz52,174,MaxEnt,tgb,0.8475613561312457,0.22905205510417892,0.029027196652719665,0.7938605042016806,0.7800524352116335,0.8149153185710947,3.286698341369629
SA,plant,sa01,120,GLM,random,0.6034063260340633,0.1424960665739409,0.09868421052631579,0.7123791666666668,0.5246867827665495,0.45147730058060576,1.1963586807250977
SA,plant,sa01,120,GLM,tgb,0.618978102189781,0.13643377950102956,0.09868421052631579,0.5617041666666667,0.4390660479589606,0.4473580356141376,0.4732029438018799
SA,plant,sa01,120,BRT,random,0.6715328467153285,0.17977355504471498,0.09868421052631579,0.7066208333333334,0.5676743810744046,0.49537916318200426,19.122628211975098
SA,plant,sa01,120,BRT,tgb,0.6209245742092457,0.14201318111974634,0.09868421052631579,0.6131791666666666,0.5146756353424979,0.4940050771013268,9.975825786590576
SA,plant,sa01,120,RF,random,0.6476885644768856,0.1562005218972236,0.09868421052631579,0.7476875,0.6159370600292442,0.5361287142844866,18.06290602684021
SA,plant,sa01,120,RF,tgb,0.5523114355231143,0.076645009968902,0.09868421052631579,0.6022041666666668,0.527243051792875,0.5782172119399148,19.607478618621826
SA,plant,sa01,120,MaxEnt,random,0.5167883211678832,0.043561449600736823,0.09868421052631579,0.6954833333333333,0.5896049258423949,0.5179015867637224,36.037304401397705
SA,plant,sa01,120,MaxEnt,tgb,0.5007299270072992,0.03191441492202392,0.09868421052631579,0.603325,0.5604527438251949,0.5728031849933395,1.7125976085662842
SA,plant,sa02,150,GLM,random,0.666329625884732,0.22306468064540858,0.1513157894736842,0.8238100000000002,0.7472214429710125,0.6610052162326631,1.2210054397583008
SA,plant,sa02,150,GLM,tgb,0.6080215706100438,0.15352724438659732,0.1513157894736842,0.76842,0.6868973334473152,0.6606886582025386,0.49515223503112793
SA,plant,sa02,150,BRT,random,0.6066734074823054,0.11448703876635755,0.1513157894736842,0.8177133333333334,0.682171517880122,0.5872878827111467,18.98317813873291
SA,plant,sa02,150,BRT,tgb,0.6006066734074823,0.07630955458503691,0.1513157894736842,0.7607533333333334,0.6440959526827597,0.5710894002768021,9.929885149002075
SA,plant,sa02,150,RF,random,0.5760026963262554,0.10457304977226556,0.1513157894736842,0.8432216666666665,0.7189219620807439,0.6286108782710366,18.685029983520508
SA,plant,sa02,150,RF,tgb,0.5815638692281765,0.09802141374717382,0.1513157894736842,0.7588983333333333,0.6755854349128596,0.6415602220388428,20.746530294418335
SA,plant,sa02,150,MaxEnt,random,0.7094708459723627,0.2715535972462756,0.1513157894736842,0.7948233333333333,0.6925735210012414,0.6213211501197502,60.72821640968323
SA,plant,sa02,150,MaxEnt,tgb,0.5921806538591169,0.10455550056569037,0.1513157894736842,0.7253333333333334,0.6371166249922707,0.6254712659290821,1.9094572067260742
SA,plant,sa03,28,GLM,random,0.8828125,0.34378845226107285,0.05263157894736842,0.8189866666666668,0.639957804191888,0.6294116579048915,0.7952125072479248
SA,plant,sa03,28,GLM,tgb,0.8845486111111112,0.3419910072532473,0.05263157894736842,0.7868233333333333,0.6131806342632301,0.6116174748756155,0.2281029224395752
SA,plant,sa03,28,BRT,random,0.8550347222222222,0.6009964735276124,0.05263157894736842,0.7516133333333334,0.5521103889163914,0.5140456113580183,15.008070707321167
SA,plant,sa03,28,BRT,tgb,0.868923611111111,0.46637373062700554,0.05263157894736842,0.7879533333333334,0.6397594235848465,0.6417121276345139,8.894904375076294
SA,plant,sa03,28,RF,random,0.8385416666666667,0.3985738621872331,0.05263157894736842,0.7981333333333334,0.6047620080569232,0.5733384015167234,14.523719072341919
SA,plant,sa03,28,RF,tgb,0.9010416666666666,0.41290667945637627,0.05263157894736842,0.7910666666666668,0.6384899437198922,0.6318510200905663,12.201498985290527
SA,plant,sa03,28,MaxEnt,random,0.8263888888888888,0.33649164662149356,0.05263157894736842,0.8191866666666666,0.6409431904063909,0.6135972657569468,36.01485633850098
SA,plant,sa03,28,MaxEnt,tgb,0.8385416666666666,0.32477130874334226,0.05263157894736842,0.7760633333333333,0.5687419378067033,0.5707044316285941,3.9737770557403564
SA,plant,sa04,60,GLM,random,0.926961926961927,0.4286148903839486,0.05921052631578947,0.8217916666666667,0.70353102796544,0.7322726645581102,0.9183897972106934
SA,plant,sa04,60,GLM,tgb,0.9463869463869464,0.46626483185441997,0.05921052631578947,0.7970166666666667,0.707985964944619,0.7604517260376767,0.22301697731018066
SA,plant,sa04,60,BRT,random,0.9316239316239315,0.49695531563191586,0.05921052631578947,0.8141083333333332,0.6669230616831137,0.6600541917088306,18.670007467269897
SA,plant,sa04,60,BRT,tgb,0.9324009324009324,0.4256549584134708,0.05921052631578947,0.7620083333333334,0.6849519241564653,0.7196963766831881,9.79166293144226
SA,plant,sa04,60,RF,random,0.9417249417249417,0.5126225863204391,0.05921052631578947,0.8160625000000001,0.6026876643395888,0.5855335077100883,15.613047122955322
SA,plant,sa04,60,RF,tgb,0.9362859362859363,0.4999349210658664,0.05921052631578947,0.7833833333333333,0.6141038558493357,0.6546644723390495,16.34073805809021
SA,plant,sa04,60,MaxEnt,random,0.9502719502719503,0.5252246441350432,0.05921052631578947,0.8248833333333334,0.7272768409531202,0.7066170239975337,37.92661261558533
SA,plant,sa04,60,MaxEnt,tgb,0.9502719502719503,0.5352270226156827,0.05921052631578947,0.7720333333333333,0.633597275415225,0.7080678613851921,1.3121416568756104
SA,plant,sa05,61,GLM,random,0.9024630541871921,0.3303326091011415,0.046052631578947366,0.8780647435897435,0.7543093432295882,0.675114133958916,1.0040388107299805
SA,plant,sa05,61,GLM,tgb,0.8620689655172413,0.2809876762432465,0.046052631578947366,0.8443384615384616,0.6930464279327042,0.6436564629637931,0.25890159606933594
SA,plant,sa05,61,BRT,random,0.903448275862069,0.4350249585314932,0.046052631578947366,0.8902371794871795,0.7386616313604151,0.6322502541378463,17.663792610168457
SA,plant,sa05,61,BRT,tgb,0.9152709359605912,0.4758140583912932,0.046052631578947366,0.8598147435897434,0.6693205351111879,0.5648387681433417,9.749643802642822
SA,plant,sa05,61,RF,random,0.9448275862068966,0.37964119777112687,0.046052631578947366,0.9023544871794872,0.7911935121488984,0.6880181633284925,15.6817467212677
SA,plant,sa05,61,RF,tgb,0.9270935960591132,0.37016674268722316,0.046052631578947366,0.8839451923076922,0.7200923744912637,0.667808303421795,15.861315965652466
SA,plant,sa05,61,MaxEnt,random,0.9004926108374385,0.3748798530123547,0.046052631578947366,0.8779410256410257,0.6865315570344731,0.5981499293174404,40.16280555725098
SA,plant,sa05,61,MaxEnt,tgb,0.8827586206896552,0.3218765283202437,0.046052631578947366,0.8253089743589743,0.6634692413141758,0.630469471226464,1.2576274871826172
SA,plant,sa06,32,GLM,random,0.9261083743842364,0.4061648046325021,0.046052631578947366,0.797052380952381,0.6431831927269018,0.6351778344321037,0.8344087600708008
SA,plant,sa06,32,GLM,tgb,0.9448275862068966,0.43031342411511264,0.046052631578947366,0.7754380952380953,0.6621098231261981,0.6811571449687353,0.2002255916595459
SA,plant,sa06,32,BRT,random,0.9389162561576355,0.4204797137053776,0.046052631578947366,0.7618142857142857,0.5228074553378926,0.5362748162587189,15.281100511550903
SA,plant,sa06,32,BRT,tgb,0.9162561576354681,0.37637736103574826,0.046052631578947366,0.7883380952380952,0.6474557646096032,0.6591031642144465,8.865637302398682
SA,plant,sa06,32,RF,random,0.952216748768473,0.4933347056040869,0.046052631578947366,0.8450380952380951,0.5766755146661002,0.6190198618111902,14.534280776977539
SA,plant,sa06,32,RF,tgb,0.9448275862068966,0.4704923394589872,0.046052631578947366,0.8120214285714287,0.6002986109131899,0.6653545730662892,12.205295324325562
SA,plant,sa06,32,MaxEnt,random,0.9300492610837439,0.4131692856038907,0.046052631578947366,0.7827928571428571,0.5515175617305365,0.5516787063046162,39.77250957489014
SA,plant,sa06,32,MaxEnt,tgb,0.9133004926108375,0.39148240774628784,0.046052631578947366,0.7377809523809524,0.6219648177918127,0.699742936339031,1.330979824066162
SA,plant,sa07,17,GLM,random,0.8767361111111112,0.3466817591158347,0.05263157894736842,0.931175,0.8629253352064462,0.8069943257149208,0.7055416107177734
SA,plant,sa07,17,GLM,tgb,0.8697916666666667,0.3401671633363955,0.05263157894736842,0.9192499999999999,0.8122312603005301,0.7563598201134231,0.19252872467041016
SA,plant,sa07,17,BRT,random,0.578125,0.20936315943356262,0.05263157894736842,0.9195249999999999,0.6913547397665698,0.6649285071386419,9.44501256942749
SA,plant,sa07,17,BRT,tgb,0.8346354166666667,0.30120258798260674,0.05263157894736842,0.9432750000000001,0.7597162667387254,0.7127004979282989,8.580157995223999
SA,plant,sa07,17,RF,random,0.8914930555555556,0.3509010412895573,0.05263157894736842,0.9441708333333334,0.8737843327009118,0.8284960467842848,14.424245357513428
SA,plant,sa07,17,RF,tgb,0.9088541666666666,0.3694980818281961,0.05263157894736842,0.9333124999999999,0.8554392987527679,0.8186516896846977,10.44369101524353
SA,plant,sa07,17,MaxEnt,random,0.8888888888888888,0.36829726763484194,0.05263157894736842,0.9227166666666665,0.8864567606196548,0.8418675019214303,22.912119388580322
SA,plant,sa07,17,MaxEnt,tgb,0.8871527777777778,0.3713888373005732,0.05263157894736842,0.8875833333333333,0.8269777771443355,0.828568624412418,3.259881019592285
SA,plant,sa08,35,GLM,random,0.982638888888889,0.4306296490911161,0.05263157894736842,0.8726142857142858,0.8015293856925487,0.7139338346848035,0.8562674522399902
SA,plant,sa08,35,GLM,tgb,0.9878472222222222,0.4957709832661996,0.05263157894736842,0.8430714285714286,0.7868598889309892,0.7649295039895094,0.2288224697113037
SA,plant,sa08,35,BRT,random,0.9513888888888888,0.4698130755937189,0.05263157894736842,0.7973857142857143,0.6318920020339089,0.5938424610127753,17.22559666633606
SA,plant,sa08,35,BRT,tgb,0.9322916666666667,0.38924814514788414,0.05263157894736842,0.8134571428571429,0.7248857850904248,0.6792275402785197,9.41019868850708
SA,plant,sa08,35,RF,random,0.9791666666666667,0.49424382570251796,0.05263157894736842,0.8492357142857143,0.7844162659684347,0.7264862455101426,15.350034236907959
SA,plant,sa08,35,RF,tgb,0.9809027777777778,0.4921314266557093,0.05263157894736842,0.8141,0.7736902435180186,0.7880764969487634,14.679879426956177
SA,plant,sa08,35,MaxEnt,random,0.967013888888889,0.4993414135801703,0.05263157894736842,0.8794428571428572,0.7759527255318945,0.7552170928572146,36.080347299575806
SA,plant,sa08,35,MaxEnt,tgb,0.9765625,0.5558766910967886,0.05263157894736842,0.8157857142857143,0.7678499250909765,0.7935966053334627,1.151423454284668
SA,plant,sa09,49,GLM,random,0.8598591549295774,0.3933559323045431,0.06578947368421052,0.7609888888888889,0.6239006207059711,0.6867425235948307,4.873462200164795
SA,plant,sa09,49,GLM,tgb,0.8619718309859155,0.39126682953135244,0.06578947368421052,0.7680044444444445,0.6507491181037762,0.6967123685072012,0.8469703197479248
SA,plant,sa09,49,BRT,random,0.7992957746478873,0.3429152600980653,0.06578947368421052,0.7825155555555556,0.5985983240074229,0.6341182353292311,16.713398456573486
SA,plant,sa09,49,BRT,tgb,0.8507042253521127,0.31256107170542646,0.06578947368421052,0.7638577777777777,0.6199673240031576,0.66147676312308,2.544684648513794
SA,plant,sa09,49,RF,random,0.7996478873239438,0.36347385184209474,0.06578947368421052,0.7830316666666667,0.5513078938504419,0.6129315533896011,4.749392986297607
SA,plant,sa09,49,RF,tgb,0.8080985915492958,0.3555041834780852,0.06578947368421052,0.767811111111111,0.5997808043971664,0.6866522846308263,4.505981683731079
SA,plant,sa09,49,MaxEnt,random,0.854225352112676,0.3837596152273895,0.06578947368421052,0.7078844444444445,0.557340169932725,0.618221459289835,20.203068017959595
SA,plant,sa09,49,MaxEnt,tgb,0.8676056338028169,0.3671724579841913,0.06578947368421052,0.7011711111111112,0.6111412748567817,0.7112453692359386,4.911272287368774
SA,plant,sa10,99,GLM,random,0.5573310905522848,0.08902956127048373,0.19078947368421054,0.7185128947368421,0.4821359469302958,0.4408480812023413,0.8767199516296387
SA,plant,sa10,99,GLM,tgb,0.5620970002803476,0.08324964828006626,0.19078947368421054,0.6616610526315789,0.49118682950784115,0.4538325485393539,0.2742338180541992
SA,plant,sa10,99,BRT,random,0.5895710681244744,0.12029916756268355,0.19078947368421054,0.7009339473684211,0.49543315594313747,0.4293192556695288,6.103879451751709
SA,plant,sa10,99,BRT,tgb,0.5817213344547238,0.10911434863005527,0.19078947368421054,0.6435773684210526,0.47985513467559054,0.47662516295900514,2.572497606277466
SA,plant,sa10,99,RF,random,0.6274179983179143,0.1902308603261667,0.19078947368421054,0.7219450000000001,0.4825590047976184,0.4337208144697022,5.229421377182007
SA,plant,sa10,99,RF,tgb,0.5902719372021307,0.13384194730602575,0.19078947368421054,0.62629,0.4252890196301221,0.43096486524713207,5.277390956878662
SA,plant,sa10,99,MaxEnt,random,0.5805999439304738,0.11910900014235803,0.19078947368421054,0.7253000000000001,0.4557042777078335,0.41365771499853443,45.910207986831665
SA,plant,sa10,99,MaxEnt,tgb,0.623493131483039,0.15521237038414898,0.19078947368421054,0.6592157894736842,0.4973942559805445,0.4883876879895854,6.7639479637146
SA,plant,sa11,35,GLM,random,0.7491319444444444,0.19259763761484228,0.05263157894736842,0.8359285714285715,0.7411555979692162,0.8022369194501155,0.592766523361206
SA,plant,sa11,35,GLM,tgb,0.7560763888888888,0.19726034093595185,0.05263157894736842,0.8140428571428572,0.7631749514966326,0.8448323695085703,0.20646953582763672
SA,plant,sa11,35,BRT,random,0.7855902777777778,0.10272979064547874,0.05263157894736842,0.8446714285714286,0.7318668056335855,0.7868180966190594,6.043718576431274
SA,plant,sa11,35,BRT,tgb,0.8289930555555556,0.1400480224941882,0.05263157894736842,0.7907571428571428,0.7415932403001948,0.8232251160440157,2.5120766162872314
SA,plant,sa11,35,RF,random,0.7348090277777778,0.2082387226172347,0.05263157894736842,0.8372714285714287,0.7007558817633858,0.7715017730657376,4.058241844177246
SA,plant,sa11,35,RF,tgb,0.7513020833333333,0.2111277727284714,0.05263157894736842,0.8036071428571429,0.7430086757714892,0.8080544556028835,4.25460410118103
SA,plant,sa11,35,MaxEnt,random,0.7647569444444444,0.1972954536879326,0.05263157894736842,0.8102571428571428,0.7205232501531189,0.772467432930551,25.500260591506958
SA,plant,sa11,35,MaxEnt,tgb,0.7699652777777778,0.20577427239062732,0.05263157894736842,0.7801,0.761586164171383,0.8322086246064432,5.197091817855835
SA,plant,sa12,203,GLM,random,0.7815085158150852,0.30062021816011314,0.09868421052631579,0.8036101219512195,0.7500535307171925,0.6916576275603349,0.7138504981994629
SA,plant,sa12,203,GLM,tgb,0.8686131386861313,0.38836623282385574,0.09868421052631579,0.7547956097560975,0.7267704069877718,0.7148984065481587,0.27610182762145996
SA,plant,sa12,203,BRT,random,0.7868613138686131,0.2754408675420663,0.09868421052631579,0.8083650609756099,0.7401957222717617,0.6923846962946425,6.140292644500732
SA,plant,sa12,203,BRT,tgb,0.8690997566909976,0.43241832411935005,0.09868421052631579,0.7551439024390244,0.7219188542957211,0.715631531915341,2.550457715988159
SA,plant,sa12,203,RF,random,0.7739659367396594,0.2757200398511172,0.09868421052631579,0.8155109146341465,0.7555640206598555,0.7104495043375534,6.825437545776367
SA,plant,sa12,203,RF,tgb,0.8501216545012166,0.42212339349549505,0.09868421052631579,0.7490294512195123,0.7110255489216607,0.7191365568525121,18.96145796775818
SA,plant,sa12,203,MaxEnt,random,0.7868613138686131,0.30289545875005736,0.09868421052631579,0.7935946341463413,0.7479488133720219,0.6942252779404028,135.28717803955078
SA,plant,sa12,203,MaxEnt,tgb,0.8413625304136253,0.3945495206813767,0.09868421052631579,0.7279734146341463,0.6985341636237801,0.7372034228188564,10.034289360046387
SA,plant,sa13,86,GLM,random,0.8671328671328671,0.3273007702203263,0.05921052631578947,0.7945316993464052,0.6322253290950723,0.6447903471313354,0.6579411029815674
SA,plant,sa13,86,GLM,tgb,0.8477078477078477,0.2966338351645387,0.05921052631578947,0.7462130718954249,0.5882886849445738,0.6796848509551029,0.259779691696167
SA,plant,sa13,86,BRT,random,0.8663558663558664,0.395950123867742,0.05921052631578947,0.8562684640522875,0.6337673104933736,0.6290494200961255,6.23468279838562
SA,plant,sa13,86,BRT,tgb,0.8624708624708625,0.3934344742843689,0.05921052631578947,0.8142431372549019,0.639024255989821,0.6709320326744745,2.6215643882751465
SA,plant,sa13,86,RF,random,0.8815073815073815,0.3880152738114632,0.05921052631578947,0.8664240196078431,0.5969376031974758,0.5739431573952892,9.745924234390259
SA,plant,sa13,86,RF,tgb,0.9121989121989121,0.3976122066712795,0.05921052631578947,0.8270733660130718,0.6147459384622455,0.6529857670932283,13.150473833084106
SA,plant,sa13,86,MaxEnt,random,0.8655788655788655,0.3414669476626292,0.05921052631578947,0.7973428104575163,0.6228715922866482,0.6331955414704445,49.849873542785645
SA,plant,sa13,86,MaxEnt,tgb,0.8205128205128205,0.2999477816234564,0.05921052631578947,0.7362725490196078,0.6397394812229502,0.6840715463512945,2.334324359893799
SA,plant,sa14,81,GLM,random,0.858128078817734,0.28656302991448723,0.046052631578947366,0.8381830882352942,0.8163647447455027,0.8437376308867301,0.6669890880584717
SA,plant,sa14,81,GLM,tgb,0.7970443349753695,0.25375735117252984,0.046052631578947366,0.7877867647058823,0.7724754127713,0.8350914933840832,0.2438039779663086
SA,plant,sa14,81,BRT,random,0.8463054187192118,0.2494033241508004,0.046052631578947366,0.8239496323529412,0.6973961989640887,0.7185400126893562,6.045974254608154
SA,plant,sa14,81,BRT,tgb,0.825615763546798,0.24727075313261407,0.046052631578947366,0.7908827205882354,0.7126865708569089,0.7623013804753768,2.5600943565368652
SA,plant,sa14,81,RF,random,0.8236453201970443,0.2517317378181016,0.046052631578947366,0.8380455882352941,0.7853311403567145,0.8167825000549411,10.372286796569824
SA,plant,sa14,81,RF,tgb,0.8118226600985222,0.2404305211149667,0.046052631578947366,0.8085465073529411,0.7845237084764134,0.8427511759462503,12.167677402496338
SA,plant,sa14,81,MaxEnt,random,0.8532019704433498,0.291108134465846,0.046052631578947366,0.8434580882352941,0.8237272530005886,0.8401000925413958,44.708984375
SA,plant,sa14,81,MaxEnt,tgb,0.8482758620689655,0.2779389270281292,0.046052631578947366,0.8081294117647058,0.7962785384210127,0.870421081649627,1.3302452564239502
SA,plant,sa15,88,GLM,random,0.5659367396593674,0.07426177084988195,0.09868421052631579,0.706742156862745,0.6254075329820521,0.5384869122321384,0.8586819171905518
SA,plant,sa15,88,GLM,tgb,0.5469586374695863,0.05370047805166646,0.09868421052631579,0.6377434640522874,0.561747168693798,0.5565561009394333,0.317781925201416
SA,plant,sa15,88,BRT,random,0.5576642335766424,0.01416911805082167,0.09868421052631579,0.7474620915032679,0.667837167162357,0.5861290535458193,6.685782194137573
SA,plant,sa15,88,BRT,tgb,0.5532846715328467,0.043403448180981845,0.09868421052631579,0.6608653594771241,0.6116946339663559,0.5712242007274042,7.090369701385498
SA,plant,sa15,88,RF,random,0.6124087591240877,0.11980989159764678,0.09868421052631579,0.7768124183006536,0.6983943403003556,0.6114302606057886,12.500753402709961
SA,plant,sa15,88,RF,tgb,0.5734793187347933,0.08098567668962975,0.09868421052631579,0.666078431372549,0.5950117676527475,0.5800222766192923,20.093260526657104
SA,plant,sa15,88,MaxEnt,random,0.6102189781021897,0.12353446053488006,0.09868421052631579,0.734902614379085,0.6774163083621578,0.5899441224330417,62.32871437072754
SA,plant,sa15,88,MaxEnt,tgb,0.5771289537712896,0.08262446992304967,0.09868421052631579,0.6445156862745097,0.5927563852222322,0.5927718590855526,6.938145399093628
SA,plant,sa16,37,GLM,random,0.8088669950738916,0.23187285080423434,0.046052631578947366,0.8105035714285714,0.42002327035997417,0.42062312554141823,1.5143356323242188
SA,plant,sa16,37,GLM,tgb,0.8758620689655172,0.31436757074163324,0.046052631578947366,0.7806714285714286,0.47115542287029755,0.5130338437433544,0.2509775161743164
SA,plant,sa16,37,BRT,random,0.9142857142857143,0.19051982067426992,0.046052631578947366,0.7844214285714286,0.5896017637868244,0.5431662940599317,15.573923349380493
SA,plant,sa16,37,BRT,tgb,0.9064039408866995,0.4423586233315535,0.046052631578947366,0.7931803571428571,0.5645435858423832,0.5546032153482944,8.919707775115967
SA,plant,sa16,37,RF,random,0.9266009852216749,0.3697315686602548,0.046052631578947366,0.819107142857143,0.4735509468287856,0.43897674473725096,19.600104570388794
SA,plant,sa16,37,RF,tgb,0.9211822660098521,0.40221912098361245,0.046052631578947366,0.7923312499999999,0.4480576414073173,0.43392165841484476,8.112965822219849
SA,plant,sa16,37,MaxEnt,random,0.8669950738916257,0.3032473798782066,0.046052631578947366,0.8130410714285714,0.5212728684082764,0.474786469895032,50.4514319896698
SA,plant,sa16,37,MaxEnt,tgb,0.8847290640394089,0.32916378563429183,0.046052631578947366,0.7952125000000001,0.4731416361011692,0.5019114112833222,6.034981727600098
SA,plant,sa17,36,GLM,random,0.8723404255319149,0.39483378099227584,0.07236842105263158,0.9114571428571429,0.8258479054655595,0.7641500307509772,0.7560234069824219
SA,plant,sa17,36,GLM,tgb,0.8652482269503546,0.39221382310705394,0.07236842105263158,0.8805660714285715,0.7516669610762208,0.719109552168244,0.24616622924804688
SA,plant,sa17,36,BRT,random,0.8565441650548034,0.4215574843280404,0.07236842105263158,0.9332267857142857,0.8358753620597744,0.799885116863782,19.335240364074707
SA,plant,sa17,36,BRT,tgb,0.7962604771115409,0.4187088215933915,0.07236842105263158,0.8893678571428572,0.8189047130254329,0.7828895075636734,8.981210708618164
SA,plant,sa17,36,RF,random,0.8958736299161831,0.4353478957896901,0.07236842105263158,0.9377794642857143,0.853385935448707,0.8169675095065265,14.984849214553833
SA,plant,sa17,36,RF,tgb,0.8658929722759511,0.4282549693576877,0.07236842105263158,0.9314526785714285,0.8443191447423629,0.8314450928710849,8.420315504074097
SA,plant,sa17,36,MaxEnt,random,0.8923275306254029,0.40602425933343106,0.07236842105263158,0.9320089285714286,0.7560697975700996,0.6863147367381138,52.42333102226257
SA,plant,sa17,36,MaxEnt,tgb,0.887169568020632,0.4424500605455163,0.07236842105263158,0.9261696428571428,0.7916140246595725,0.7669652741107996,4.153635025024414
SA,plant,sa18,123,GLM,random,0.7609814008705975,0.31380719434529847,0.125,0.7406245,0.6254306286924194,0.5410709069099136,9.665233135223389
SA,plant,sa18,123,GLM,tgb,0.6248516026909379,0.12680519647552252,0.125,0.6488481666666667,0.5220652871489129,0.5323096835543317,1.4616081714630127
SA,plant,sa18,123,BRT,random,0.6770874554808073,0.2191339595423968,0.125,0.7343808333333334,0.6369523237593231,0.553832813606074,22.11597442626953
SA,plant,sa18,123,BRT,tgb,0.556390977443609,0.07531776522853205,0.125,0.661382,0.54437408116959,0.5133153115708392,4.22813868522644
SA,plant,sa18,123,RF,random,0.7459438068856352,0.27985776849845173,0.125,0.7557649166666667,0.6472269752386369,0.549540927733051,14.140594244003296
SA,plant,sa18,123,RF,tgb,0.6135734072022161,0.1439580689955674,0.125,0.644309,0.5863019667753685,0.5649390991060418,22.609175205230713
SA,plant,sa18,123,MaxEnt,random,0.7293233082706767,0.27418227093257,0.125,0.7437103333333334,0.635313678824691,0.545537160897634,106.26070189476013
SA,plant,sa18,123,MaxEnt,tgb,0.6137712702809656,0.12014428113642753,0.125,0.6741993333333334,0.6061749108191112,0.6148910407586698,5.564899444580078
SA,plant,sa19,36,GLM,random,0.8352758352758353,0.29042977763801836,0.05921052631578947,0.8781803571428572,0.8214527006210046,0.6890934035823192,5.36859917640686
SA,plant,sa19,36,GLM,tgb,0.871017871017871,0.3325503395241244,0.05921052631578947,0.8523714285714284,0.7529229807649147,0.6491329154673031,1.0400340557098389
SA,plant,sa19,36,BRT,random,0.8764568764568765,0.34021378414975756,0.05921052631578947,0.8671214285714285,0.7392267665297837,0.6032916900342897,10.744182825088501
SA,plant,sa19,36,BRT,tgb,0.8927738927738927,0.36487412610350367,0.05921052631578947,0.7928089285714286,0.6455734130766501,0.5323970703355785,4.495093584060669
SA,plant,sa19,36,RF,random,0.9145299145299145,0.35036911310900826,0.05921052631578947,0.866432142857143,0.670826306187908,0.5859284268409091,15.724684000015259
SA,plant,sa19,36,RF,tgb,0.9254079254079254,0.3673140589804132,0.05921052631578947,0.8415241071428572,0.6707410926294248,0.5888515189699773,15.956590175628662
SA,plant,sa19,36,MaxEnt,random,0.8236208236208236,0.29089276833777766,0.05921052631578947,0.8700607142857143,0.8183375862469029,0.6761955194449052,44.548805952072144
SA,plant,sa19,36,MaxEnt,tgb,0.8344988344988344,0.2957990830540238,0.05921052631578947,0.8185749999999998,0.7373079518224277,0.6350186740508673,4.05742621421814
SA,plant,sa20,54,GLM,random,0.767605633802817,0.22479967777366372,0.06578947368421052,0.7463572727272727,0.6405845455964061,0.5930147637749806,2.6597471237182617
SA,plant,sa20,54,GLM,tgb,0.8028169014084507,0.2647628581416318,0.06578947368421052,0.7009199999999999,0.6291114269629292,0.6161489985157875,0.7898087501525879
SA,plant,sa20,54,BRT,random,0.7873239436619719,0.180331631982723,0.06578947368421052,0.7243281818181818,0.6490792380072059,0.6104411920783234,17.31362819671631
SA,plant,sa20,54,BRT,tgb,0.7943661971830986,0.11598634961092638,0.06578947368421052,0.694519090909091,0.6640148669090202,0.6363611804263438,9.566995859146118
SA,plant,sa20,54,RF,random,0.8355633802816901,0.28455992863323376,0.06578947368421052,0.7348718181818181,0.6452599918063233,0.6046040235166362,17.856714963912964
SA,plant,sa20,54,RF,tgb,0.867605633802817,0.3061408200108916,0.06578947368421052,0.6861986363636363,0.6224243169647433,0.6228633930901675,17.942144632339478
SA,plant,sa20,54,MaxEnt,random,0.7288732394366196,0.21994188344755583,0.06578947368421052,0.7300763636363636,0.652656293586799,0.6015101328786778,64.88500738143921
SA,plant,sa20,54,MaxEnt,tgb,0.7732394366197183,0.25031781089684435,0.06578947368421052,0.6442836363636363,0.6312234988867425,0.6453335430623739,4.692580461502075
SA,plant,sa21,27,GLM,random,0.8007747648035419,0.28070942876949534,0.08552631578947369,0.8037833333333333,0.43911666292270346,0.40314256206061827,2.991676092147827
SA,plant,sa21,27,GLM,tgb,0.7670171555063643,0.27011636470675765,0.08552631578947369,0.7408333333333333,0.3893650867373982,0.38230299619774766,0.8032116889953613
SA,plant,sa21,27,BRT,random,0.7542888765910348,0.39462314814937005,0.08552631578947369,0.7932133333333333,0.4553703926334103,0.37546009546009546,18.507091999053955
SA,plant,sa21,27,BRT,tgb,0.7570558937465413,0.29302945372006006,0.08552631578947369,0.7915266666666666,0.41699994119483935,0.3516282165546871,7.66497802734375
SA,plant,sa21,27,RF,random,0.8065855008301053,0.3354472460337458,0.08552631578947369,0.787395,0.4232597119568293,0.41397921444804137,14.7099609375
SA,plant,sa21,27,RF,tgb,0.8126729385722191,0.3555438622329341,0.08552631578947369,0.740275,0.3687575966581482,0.40920320989054837,15.102711915969849
SA,plant,sa21,27,MaxEnt,random,0.7736579966795795,0.2767062210538805,0.08552631578947369,0.8149333333333333,0.535998819016036,0.4656887677862789,38.74677610397339
SA,plant,sa21,27,MaxEnt,tgb,0.7083563918096292,0.19525435172195088,0.08552631578947369,0.71505,0.4227357727737492,0.4451259503530762,4.752914190292358
SA,plant,sa22,57,GLM,random,0.8813668600902644,0.3796833777149615,0.07236842105263158,0.9150666666666666,0.8880578067847656,0.8475393663001144,4.071968078613281
SA,plant,sa22,57,GLM,tgb,0.8665377176015474,0.381483318867181,0.07236842105263158,0.8928098484848486,0.8348547731375316,0.8178555073248442,0.7844839096069336
SA,plant,sa22,57,BRT,random,0.8072211476466796,0.1711313521500478,0.07236842105263158,0.8977890151515151,0.7609780453447889,0.7259482836658501,15.320832252502441
SA,plant,sa22,57,BRT,tgb,0.8252740167633784,0.2468249795588248,0.07236842105263158,0.8893465909090909,0.7277403802356286,0.6913245404870434,7.093336582183838
SA,plant,sa22,57,RF,random,0.872662798194713,0.3668290160434715,0.07236842105263158,0.9283901515151515,0.8641303259172443,0.8333825340737908,17.900582313537598
SA,plant,sa22,57,RF,tgb,0.8455834945196647,0.3454206511164765,0.07236842105263158,0.916044696969697,0.8565833954574895,0.8288865772921508,16.30838441848755
SA,plant,sa22,57,MaxEnt,random,0.8600902643455834,0.3860173957829044,0.07236842105263158,0.9185295454545453,0.8720636561162957,0.8134449714997034,38.946269273757935
SA,plant,sa22,57,MaxEnt,tgb,0.8729851708575113,0.38785831768353224,0.07236842105263158,0.8849583333333333,0.8430372522295574,0.8002228859563222,3.696680784225464
SA,plant,sa23,55,GLM,random,0.8888888888888888,0.33059652975562953,0.05263157894736842,0.8751454545454547,0.8424075347771902,0.7559748614317485,5.667469263076782
SA,plant,sa23,55,GLM,tgb,0.8793402777777779,0.3367156431084189,0.05263157894736842,0.8435454545454546,0.7936047552159369,0.737171861124098,1.0772080421447754
SA,plant,sa23,55,BRT,random,0.8315972222222221,0.2934518397523536,0.05263157894736842,0.8569636363636363,0.7883482839159404,0.7094974665550502,23.2769672870636
SA,plant,sa23,55,BRT,tgb,0.8307291666666667,0.18356279803826195,0.05263157894736842,0.8214454545454546,0.7145169813013531,0.6504656533944828,9.768609285354614
SA,plant,sa23,55,RF,random,0.8914930555555556,0.36219129780802245,0.05263157894736842,0.8626454545454546,0.8232100067346535,0.7434787508513185,18.213961362838745
SA,plant,sa23,55,RF,tgb,0.8697916666666667,0.3338397643685909,0.05263157894736842,0.8380681818181819,0.8012662689357132,0.7336956521901429,17.474928855895996
SA,plant,sa23,55,MaxEnt,random,0.8619791666666666,0.3361030239023461,0.05263157894736842,0.8784363636363637,0.8150768284540346,0.7580896866679033,49.61944794654846
SA,plant,sa23,55,MaxEnt,tgb,0.8697916666666667,0.33609010777215176,0.05263157894736842,0.8301545454545455,0.769912386558426,0.7366762067120647,4.678240537643433
SA,plant,sa24,138,GLM,random,0.7473645946928389,0.3033147502791968,0.13815789473684212,0.758033201058201,0.6261089085225255,0.6988548981640348,9.7701256275177
SA,plant,sa24,138,GLM,tgb,0.7778989458378771,0.3511115654925884,0.13815789473684212,0.718987037037037,0.6152257510291583,0.7022975624352152,1.3750934600830078
SA,plant,sa24,138,BRT,random,0.7978916757542711,0.35672622864833453,0.13815789473684212,0.786088888888889,0.6844356505345404,0.7075575866510199,23.764567375183105
SA,plant,sa24,138,BRT,tgb,0.7797164667393675,0.30428259986667455,0.13815789473684212,0.731113425925926,0.6868580686224117,0.740934591191503,9.504457473754883
SA,plant,sa24,138,RF,random,0.7955288985823338,0.3572926448489653,0.13815789473684212,0.8050446428571428,0.7080778496638199,0.7506929436994723,20.387524843215942
SA,plant,sa24,138,RF,tgb,0.7924391130498001,0.3570900714170854,0.13815789473684212,0.743342791005291,0.6851210750448029,0.7654680008202962,20.47843599319458
SA,plant,sa24,138,MaxEnt,random,0.7804434750999637,0.33934930459655743,0.13815789473684212,0.7773649470899471,0.7337180510276597,0.7556494467644578,51.20890522003174
SA,plant,sa24,138,MaxEnt,tgb,0.7455470737913485,0.29915597454703113,0.13815789473684212,0.7188354497354498,0.6900026598589927,0.7643976018330719,1.7650017738342285
SA,plant,sa25,66,GLM,random,0.6682206682206683,0.1330172384564146,0.05921052631578947,0.8179010989010989,0.7793530700264502,0.7056812058116095,7.676372051239014
SA,plant,sa25,66,GLM,tgb,0.6767676767676767,0.15459061841406005,0.05921052631578947,0.77545,0.7580633599294906,0.7222475301817564,1.4145915508270264
SA,plant,sa25,66,BRT,random,0.7886557886557887,0.2523913503031872,0.05921052631578947,0.8278928571428572,0.722702627195745,0.627453365431395,20.89701819419861
SA,plant,sa25,66,BRT,tgb,0.7226107226107226,0.13405156572877222,0.05921052631578947,0.7691434065934067,0.6968849625293669,0.6283933125277524,8.402132511138916
SA,plant,sa25,66,RF,random,0.7758352758352758,0.21553807954761278,0.05921052631578947,0.8503302197802197,0.7536289694260626,0.6545334514163587,17.719229221343994
SA,plant,sa25,66,RF,tgb,0.7152292152292152,0.18449726911769102,0.05921052631578947,0.7983914835164836,0.7279171557507491,0.6514050664115015,12.283478498458862
SA,plant,sa25,66,MaxEnt,random,0.6993006993006993,0.1695660200038841,0.05921052631578947,0.7938472527472527,0.7257644351962431,0.6451527208475654,43.05395317077637
SA,plant,sa25,66,MaxEnt,tgb,0.7016317016317015,0.16971915977584248,0.05921052631578947,0.7400373626373626,0.671549980907437,0.6420578819951612,1.2467255592346191
SA,plant,sa26,216,GLM,random,0.6764444444444444,0.2575570198296598,0.17763157894736842,0.7322623150105708,0.6151832465854026,0.5849377998377466,13.392019271850586
SA,plant,sa26,216,GLM,tgb,0.6361481481481481,0.1827373995039468,0.17763157894736842,0.6367478858350951,0.6076711164264261,0.6400366678965931,1.7196464538574219
SA,plant,sa26,216,BRT,random,0.7108148148148149,0.2850231000739792,0.17763157894736842,0.7541303911205074,0.6284445114377388,0.592221222553478,18.620187044143677
SA,plant,sa26,216,BRT,tgb,0.6915555555555555,0.2642496545407193,0.17763157894736842,0.6557806553911204,0.5871078636742426,0.6330560817728631,8.761243343353271
SA,plant,sa26,216,RF,random,0.7133333333333334,0.2851817865644015,0.17763157894736842,0.7807689746300212,0.6355111039481924,0.6058774476636508,19.489463806152344
SA,plant,sa26,216,RF,tgb,0.6874074074074075,0.25684728118516387,0.17763157894736842,0.6443196353065539,0.5914150846059628,0.6441168687273914,25.13623833656311
SA,plant,sa26,216,MaxEnt,random,0.6477037037037037,0.1824359692019011,0.17763157894736842,0.7308973044397463,0.6381585635034704,0.6103523745131028,52.04860281944275
SA,plant,sa26,216,MaxEnt,tgb,0.6266666666666666,0.17176411312298578,0.17763157894736842,0.6385354122621565,0.6009246477117992,0.6454421632905905,2.4945621490478516
SA,plant,sa27,38,GLM,random,0.8616938616938616,0.34358249678064445,0.05921052631578947,0.8594446428571431,0.7193562732821718,0.7053096467414567,4.865629196166992
SA,plant,sa27,38,GLM,tgb,0.8912198912198912,0.37741150012175656,0.05921052631578947,0.8550339285714286,0.7164048489243757,0.7074631889845137,0.740321159362793
SA,plant,sa27,38,BRT,random,0.9261849261849262,0.5728518746287582,0.05921052631578947,0.8607178571428571,0.7543390056827939,0.7466114593103413,17.175568342208862
SA,plant,sa27,38,BRT,tgb,0.9075369075369075,0.5964937653838049,0.05921052631578947,0.8542232142857143,0.7874496279906116,0.7740244595288749,7.4767889976501465
SA,plant,sa27,38,RF,random,0.8869463869463869,0.41976059841240876,0.05921052631578947,0.9116366071428572,0.7519485154595484,0.7316127502421699,11.115031003952026
SA,plant,sa27,38,RF,tgb,0.9075369075369075,0.4488667999283801,0.05921052631578947,0.8795660714285715,0.7712952566996596,0.7636804176260223,12.697602272033691
SA,plant,sa27,38,MaxEnt,random,0.8422688422688422,0.3220869334170684,0.05921052631578947,0.8719446428571429,0.7847784635277913,0.7582507231699098,38.68371772766113
SA,plant,sa27,38,MaxEnt,tgb,0.8648018648018647,0.3576624080550793,0.05921052631578947,0.8323142857142857,0.7051634009666741,0.7350734389314342,2.933326482772827
SA,plant,sa28,43,GLM,random,0.7246478873239436,0.1807513959838234,0.06578947368421052,0.8307694444444443,0.7678780390285632,0.6961713249602348,5.003525733947754
SA,plant,sa28,43,GLM,tgb,0.7647887323943662,0.23459235055127278,0.06578947368421052,0.7909027777777777,0.6833267662031048,0.6637364860312106,0.8741157054901123
SA,plant,sa28,43,BRT,random,0.7894366197183098,0.24881177936008275,0.06578947368421052,0.7989222222222222,0.7240222083765925,0.6548514225428441,15.240325689315796
SA,plant,sa28,43,BRT,tgb,0.7866197183098592,0.26015852185812854,0.06578947368421052,0.7593222222222222,0.6884294811166581,0.6129229392891757,8.376392602920532
SA,plant,sa28,43,RF,random,0.7257042253521128,0.2530340003179466,0.06578947368421052,0.8045763888888888,0.7494314525361873,0.6682686503251034,16.664320945739746
SA,plant,sa28,43,RF,tgb,0.7640845070422535,0.3011320325754281,0.06578947368421052,0.7611805555555555,0.6734497759618855,0.6409539590970195,14.473251342773438
SA,plant,sa28,43,MaxEnt,random,0.6535211267605634,0.19526308209103357,0.06578947368421052,0.8217944444444445,0.7585052019908053,0.6716802546823146,30.964396476745605
SA,plant,sa28,43,MaxEnt,tgb,0.6915492957746479,0.21040635170529462,0.06578947368421052,0.7628833333333332,0.6931800979890277,0.6864718022335784,1.5830063819885254
SA,plant,sa29,61,GLM,random,0.7909867909867909,0.23836926777000772,0.05921052631578947,0.7273762820512821,0.6784501796361398,0.6480255332160432,0.6776161193847656
SA,plant,sa29,61,GLM,tgb,0.7342657342657343,0.19807893235384633,0.05921052631578947,0.6685807692307691,0.6188367429858417,0.6528420929260238,0.9459781646728516
SA,plant,sa29,61,BRT,random,0.8352758352758353,0.42438758381374486,0.05921052631578947,0.6795769230769231,0.6325958300131552,0.5991764966109893,16.641777992248535
SA,plant,sa29,61,BRT,tgb,0.7536907536907537,0.24343044508109873,0.05921052631578947,0.6564038461538462,0.612653460911432,0.6066694675132538,8.580589771270752
SA,plant,sa29,61,RF,random,0.8352758352758353,0.2978439972242994,0.05921052631578947,0.7219339743589744,0.6606034121268952,0.6230751528462075,16.598851919174194
SA,plant,sa29,61,RF,tgb,0.7284382284382285,0.21957477431316216,0.05921052631578947,0.6506724358974358,0.6276926435825947,0.6578158924498533,8.551557302474976
SA,plant,sa29,61,MaxEnt,random,0.7233877233877234,0.18505470174574135,0.05921052631578947,0.7117775641025641,0.6968984125119378,0.6759577801227952,25.430654525756836
SA,plant,sa29,61,MaxEnt,tgb,0.662004662004662,0.13096455343491029,0.05921052631578947,0.6505230769230769,0.6144008041554645,0.672654929918614,2.5642223358154297
SA,plant,sa30,88,GLM,random,0.6068965517241378,0.07480723933728305,0.046052631578947366,0.7365222222222222,0.6209539276015785,0.6376240203511397,2.5093166828155518
SA,plant,sa30,88,GLM,tgb,0.6197044334975369,0.1013478657826891,0.046052631578947366,0.7124931372549019,0.6319587251421638,0.6844601758416958,0.24581241607666016
SA,plant,sa30,88,BRT,random,0.658128078817734,0.013621324216987729,0.046052631578947366,0.7423313725490195,0.6343214871211487,0.6317895978615854,17.26645565032959
SA,plant,sa30,88,BRT,tgb,0.7625615763546798,0.11316584936011434,0.046052631578947366,0.7135437908496731,0.6502878642276806,0.6778371372767663,8.277531623840332
SA,plant,sa30,88,RF,random,0.6482758620689655,0.08759380051862647,0.046052631578947366,0.7957321895424837,0.6927557570420991,0.6977408292844094,17.000890254974365
SA,plant,sa30,88,RF,tgb,0.7423645320197044,0.16783720076602388,0.046052631578947366,0.733450816993464,0.6680236622753555,0.7123101287423446,7.653204441070557
SA,plant,sa30,88,MaxEnt,random,0.6522167487684729,0.08407528729674524,0.046052631578947366,0.7760571895424836,0.704677796966276,0.7248791576980378,25.915789127349854
SA,plant,sa30,88,MaxEnt,tgb,0.7054187192118226,0.1386539708041324,0.046052631578947366,0.7355437908496731,0.6662946249595548,0.7379334294562376,2.312744379043579
SWI,tree,swi01,482,GLM,random,0.8269773251743964,0.1268631727795497,0.010686108059522621,0.936491376718213,0.918448878057848,0.7605468274137579,19.66272497177124
SWI,tree,swi01,482,GLM,tgb,0.8462680033435792,0.14419749770380458,0.010686108059522621,0.8649203178694158,0.8334486435497389,0.7909570832701653,16.829141855239868
SWI,tree,swi01,482,BRT,random,0.8505691820873218,0.1458447847167849,0.010686108059522621,0.9427893900343642,0.9247155264018863,0.773033537185676,21.600801944732666
SWI,tree,swi01,482,BRT,tgb,0.8612641069039626,0.16216154138626238,0.010686108059522621,0.8846273518041237,0.8467936493403727,0.7909893552368099,22.3876473903656
SWI,tree,swi01,482,RF,random,0.8358249791026301,0.13613602674912745,0.010686108059522621,0.9421067386168385,0.9233614958216352,0.765794920355477,26.317016124725342
SWI,tree,swi01,482,RF,tgb,0.8517216036349158,0.15825938011167254,0.010686108059522621,0.8917439379295532,0.8524630756082423,0.7968645345146619,29.322018146514893
SWI,tree,swi01,482,MaxEnt,random,0.8385831488892788,0.16678275494037106,0.010686108059522621,0.9362612220790378,0.9198492131329227,0.7730338892461626,267.55322790145874
SWI,tree,swi01,482,MaxEnt,tgb,0.8568544316575812,0.16485890525771038,0.010686108059522621,0.8709023410652922,0.8433110913748868,0.8089646936733373,91.26720309257507
SWI,tree,swi02,1245,GLM,random,0.7551057487383724,0.1538813354399104,0.029761310296614402,0.9301895582329317,0.9096104467583797,0.7532097734838024,26.17199158668518
SWI,tree,swi02,1245,GLM,tgb,0.7883121997050156,0.18152200153777315,0.029761310296614402,0.863939357429719,0.8287543322993696,0.7814593498006529,19.846118688583374
SWI,tree,swi02,1245,BRT,random,0.7633442369269137,0.16017173391312411,0.029761310296614402,0.9407582329317268,0.9189724294869108,0.7578941296510882,20.1259982585907
SWI,tree,swi02,1245,BRT,tgb,0.7951790457570974,0.18988069675265898,0.029761310296614402,0.8959903614457831,0.8376332750579728,0.777771145810706,19.61798334121704
SWI,tree,swi02,1245,RF,random,0.7587944332952227,0.15792408470320235,0.029761310296614402,0.9441777108433735,0.9222070231436614,0.7678089163704976,48.568612813949585
SWI,tree,swi02,1245,RF,tgb,0.7859583706093463,0.18298867116321255,0.029761310296614402,0.9023184738955823,0.8482177766937191,0.7823130055256129,57.48439383506775
SWI,tree,swi02,1245,MaxEnt,random,0.7500488761929763,0.15285539069547993,0.029761310296614402,0.9290536144578313,0.9033928299895878,0.7422707724002505,273.96349596977234
SWI,tree,swi02,1245,MaxEnt,tgb,0.795880928613125,0.1941819623279024,0.029761310296614402,0.873356626506024,0.8133700417237956,0.769759507057136,108.17098069190979
SWI,tree,swi03,291,GLM,random,0.6549916457513187,0.05764897689837396,0.014181563966843103,0.8995817650496786,0.8342119818873863,0.7737227446762829,19.761882305145264
SWI,tree,swi03,291,GLM,tgb,0.6712135848216643,0.06821535360338478,0.014181563966843103,0.7811849503214494,0.7333966492518933,0.8415721234674152,19.65407967567444
SWI,tree,swi03,291,BRT,random,0.7003728377763287,0.07329346250580066,0.014181563966843103,0.9296712741087083,0.8700206728182358,0.8073397289369082,20.834981441497803
SWI,tree,swi03,291,BRT,tgb,0.7252843369608798,0.08349274731010235,0.014181563966843103,0.8244274108708357,0.7479180124200137,0.8587759297888111,21.589163303375244
SWI,tree,swi03,291,RF,random,0.6996676136242029,0.08503360393062512,0.014181563966843103,0.9297839567504382,0.8662883018473242,0.7849908694896358,22.124979496002197
SWI,tree,swi03,291,RF,tgb,0.759696564556012,0.11203643202105981,0.014181563966843103,0.8149873027469315,0.7106427549618519,0.8560182432648912,22.069907903671265
SWI,tree,swi03,291,MaxEnt,random,0.655700793760639,0.056560011396129276,0.014181563966843103,0.8936024547048508,0.8328238189594257,0.7477595952148087,102.41015100479126
SWI,tree,swi03,291,MaxEnt,tgb,0.737737946267413,0.09577516250928886,0.014181563966843103,0.75868357685564,0.6743731685175437,0.8402398166258627,141.27559638023376
SWI,tree,swi04,710,GLM,random,0.8698786973855643,0.1644802932364255,0.011884550084889643,0.9489887323943662,0.9221926751766347,0.7918937676269813,21.53198266029358
SWI,tree,swi04,710,GLM,tgb,0.9078917194530934,0.20534703407494315,0.011884550084889643,0.8639014084507041,0.8153993815459698,0.8216049589968307,19.93703603744507
SWI,tree,swi04,710,BRT,random,0.8779720499479354,0.1743599640278221,0.011884550084889643,0.9552471830985916,0.9384643079868334,0.8217201213701205,20.117823362350464
SWI,tree,swi04,710,BRT,tgb,0.9052146025177811,0.20908950246928104,0.011884550084889643,0.8848669014084507,0.8379632655597117,0.8352280621753361,20.73173236846924
SWI,tree,swi04,710,RF,random,0.8782765380257622,0.17491391633976844,0.011884550084889643,0.9567746478873239,0.9430132277480816,0.8287507477952559,33.11059379577637
SWI,tree,swi04,710,RF,tgb,0.9030585551382468,0.2097512218819947,0.011884550084889643,0.8912475352112675,0.8549052410441899,0.8505808228972352,41.79640555381775
SWI,tree,swi04,710,MaxEnt,random,0.8632207279515809,0.17928290868384628,0.011884550084889643,0.948038028169014,0.9325287416191259,0.8071680929775716,259.73978996276855
SWI,tree,swi04,710,MaxEnt,tgb,0.9029281815819111,0.2201618237072273,0.011884550084889643,0.8805542253521127,0.8489161274311599,0.8485143454534503,109.62367486953735
SWI,tree,swi05,91,GLM,random,0.9919680439824757,0.34819926991028294,0.0034954559073204832,0.9965932748538012,0.9836045967590726,0.9579450905267497,6.913924217224121
SWI,tree,swi05,91,GLM,tgb,0.9935486642041061,0.4021795150386646,0.0034954559073204832,0.9933938596491227,0.9735724612105794,0.9497678411051989,11.561055183410645
SWI,tree,swi05,91,BRT,random,0.9676402370930333,0.49851070354669574,0.0034954559073204832,0.9972327485380117,0.9781572318990562,0.958162365469425,20.234137058258057
SWI,tree,swi05,91,BRT,tgb,0.9652406723362826,0.4754829607901087,0.0034954559073204832,0.996654970760234,0.979831809351705,0.9622702336895275,15.293147563934326
SWI,tree,swi05,91,RF,random,0.9902886349969934,0.30275999471646314,0.0034954559073204832,0.9975647660818712,0.9831331955118884,0.9629134910716749,12.597367286682129
SWI,tree,swi05,91,RF,tgb,0.9923832431348969,0.360562415994267,0.0034954559073204832,0.9977985380116958,0.9781796385006295,0.9597107955558218,13.43954849243164
SWI,tree,swi05,91,MaxEnt,random,0.9707785699968502,0.50404788958221,0.0034954559073204832,0.9941185672514621,0.9690549258244512,0.9399180066245062,94.24408102035522
SWI,tree,swi05,91,MaxEnt,tgb,0.9914125361509607,0.5643401953757642,0.0034954559073204832,0.9950856725146199,0.9230771921395872,0.9539481134502013,34.22283744812012
SWI,tree,swi06,5822,GLM,random,0.7082352189161776,0.3574950428060791,0.6943972835314092,0.8702147979071724,0.8555267618921892,0.6581674940288826,32.28972339630127
SWI,tree,swi06,5822,GLM,tgb,0.8355777681895904,0.5772328146702518,0.6943972835314092,0.7098073438122207,0.7018947468445897,0.7843467003810861,19.426780462265015
SWI,tree,swi06,5822,BRT,random,0.7224838293340252,0.38516616783289287,0.6943972835314092,0.8780209576641154,0.861736600029408,0.6874522026179595,25.960472345352173
SWI,tree,swi06,5822,BRT,tgb,0.8438533608946719,0.5835087579945339,0.6943972835314092,0.7600833596227307,0.7385911983773182,0.8017763996644891,24.737483739852905
SWI,tree,swi06,5822,RF,random,0.7173529975775726,0.3704466207697622,0.6943972835314092,0.8828230533678451,0.8599012218162458,0.6810910585165306,153.05941796302795
SWI,tree,swi06,5822,RF,tgb,0.8314514870620573,0.5676513297166764,0.6943972835314092,0.7244341769169506,0.6962914511701235,0.7931328860597106,181.21106219291687
SWI,tree,swi06,5822,MaxEnt,random,0.7091622650306587,0.3430197156659237,0.6943972835314092,0.8721489245682343,0.8543392905250219,0.6502482114125214,187.1155138015747
SWI,tree,swi06,5822,MaxEnt,tgb,0.8412739504929926,0.5837302065510594,0.6943972835314092,0.708913385580284,0.6982806457761181,0.7926813102652523,105.41888737678528
SWI,tree,swi07,857,GLM,random,0.9081312954257496,0.2593017078047993,0.022171177469289923,0.9599533115735073,0.9472313355117276,0.8726132565400132,21.709137201309204
SWI,tree,swi07,857,GLM,tgb,0.9262307450950082,0.2966763639431973,0.022171177469289923,0.8820162620699035,0.8442093264800414,0.8963494874562171,21.692132234573364
SWI,tree,swi07,857,BRT,random,0.9210867490920601,0.28184956681574264,0.022171177469289923,0.9642779579763362,0.9460980496822392,0.882491092200746,19.519331216812134
SWI,tree,swi07,857,BRT,tgb,0.9350584881684871,0.31772032057755323,0.022171177469289923,0.9046646606827146,0.863957632077138,0.9036167072272809,19.89826250076294
SWI,tree,swi07,857,RF,random,0.9131333611213092,0.27182016703968226,0.022171177469289923,0.963036043111655,0.9500012811548105,0.8841322438327239,37.602863788604736
SWI,tree,swi07,857,RF,tgb,0.9328584533875106,0.3135310550499394,0.022171177469289923,0.9041071739426085,0.8622017948781246,0.9043388283799152,47.250019788742065
SWI,tree,swi07,857,MaxEnt,random,0.9057941610285599,0.29111205688940667,0.022171177469289923,0.9589995461036311,0.944663291020358,0.8674405954833748,262.86851716041565
SWI,tree,swi07,857,MaxEnt,tgb,0.929737366822445,0.33026299925037755,0.022171177469289923,0.8910060893512852,0.8575921668755205,0.9033118938723315,150.0536813735962
SWI,tree,swi08,1452,GLM,random,0.8475627611751299,0.2756746142092393,0.04763807050833916,0.9485291859225027,0.9335324762078873,0.8140817043093442,22.741256952285767
SWI,tree,swi08,1452,GLM,tgb,0.8649058450466423,0.3035362048434523,0.04763807050833916,0.892990231070032,0.8599960770512542,0.811261230374239,22.366580724716187
SWI,tree,swi08,1452,BRT,random,0.8634531133482476,0.29448857955586,0.04763807050833916,0.9557576573053679,0.9375677570854102,0.8218259710517245,20.785242319107056
SWI,tree,swi08,1452,BRT,tgb,0.8689975887467816,0.3128762575560622,0.04763807050833916,0.909264395070506,0.8681991326454982,0.8348754754063716,20.031903505325317
SWI,tree,swi08,1452,RF,random,0.8643412846650628,0.3009468986142958,0.04763807050833916,0.9551064669984596,0.936270099576239,0.8224222157093994,55.23271608352661
SWI,tree,swi08,1452,RF,tgb,0.8710256532016376,0.32060603102377483,0.04763807050833916,0.9102861660149306,0.8706204839259861,0.8396986266286482,56.3253698348999
SWI,tree,swi08,1452,MaxEnt,random,0.8489941679681454,0.31207709911150255,0.04763807050833916,0.9469079215546866,0.9302172301562168,0.8011363820012875,256.41076159477234
SWI,tree,swi08,1452,MaxEnt,tgb,0.8675890457698424,0.3227427588783919,0.04763807050833916,0.9013342374688943,0.8723665003774885,0.8318959796085761,102.40240812301636
SWI,tree,swi09,937,GLM,random,0.7988295623870921,0.18270226096729314,0.030560271646859084,0.9263359369666627,0.9108009650077342,0.740532815211345,3.145263195037842
SWI,tree,swi09,937,GLM,tgb,0.8214037306141851,0.20948336157654254,0.030560271646859084,0.8346271333485037,0.8045872564885197,0.7818358770030772,3.2364554405212402
SWI,tree,swi09,937,BRT,random,0.8033758402231124,0.18879507160367182,0.030560271646859084,0.9372267209011265,0.9249448104067917,0.764046753246379,9.048611402511597
SWI,tree,swi09,937,BRT,tgb,0.825200936457822,0.2157014999903829,0.030560271646859084,0.8759141597451361,0.8499132963956113,0.7927378965013314,8.529602527618408
SWI,tree,swi09,937,RF,random,0.8131353224645512,0.1954418976219537,0.030560271646859084,0.934129691944476,0.9211430241630231,0.7585858340828058,15.714407205581665
SWI,tree,swi09,937,RF,tgb,0.8330700639858979,0.222353554159051,0.030560271646859084,0.8793469251336898,0.8524129939261137,0.7936183351080506,55.806047439575195
SWI,tree,swi09,937,MaxEnt,random,0.7815931633461737,0.18707086265501333,0.030560271646859084,0.9274353638070316,0.9133004108413356,0.7387407889603821,183.02655148506165
SWI,tree,swi09,937,MaxEnt,tgb,0.819102985447467,0.22000663979279922,0.030560271646859084,0.8495433354192741,0.8271896938810841,0.7769552560337427,143.70121908187866
SWI,tree,swi10,2830,GLM,random,0.7598015103876616,0.3080334547234579,0.13642265055427943,0.9177917844522968,0.8964782545091341,0.7468576745643285,2.89046573638916
SWI,tree,swi10,2830,GLM,tgb,0.8089050256683951,0.3722905256541821,0.13642265055427943,0.7822165194346289,0.7572531348626939,0.7849836633013103,3.620746612548828
SWI,tree,swi10,2830,BRT,random,0.7651682613711269,0.3172151798220434,0.13642265055427943,0.9264308303886926,0.907077429034843,0.7499553450382372,8.741050004959106
SWI,tree,swi10,2830,BRT,tgb,0.8171245166486875,0.3795419584715023,0.13642265055427943,0.8088378975265018,0.777150929761666,0.791331999779956,9.644169092178345
SWI,tree,swi10,2830,RF,random,0.7717990870486993,0.3272912840751024,0.13642265055427943,0.928191519434629,0.9044080198532287,0.7497447901167297,42.88991856575012
SWI,tree,swi10,2830,RF,tgb,0.8194733961845957,0.3886014835773512,0.13642265055427943,0.8221942579505299,0.7765130309578065,0.7931672119320919,52.97625184059143
SWI,tree,swi10,2830,MaxEnt,random,0.7573630170908725,0.29674851936909563,0.13642265055427943,0.9169606890459363,0.898551492362585,0.7335856023993157,285.4038369655609
SWI,tree,swi10,2830,MaxEnt,tgb,0.8133938411768161,0.38418546250383767,0.13642265055427943,0.8025871908127209,0.7770820494137529,0.7917147854991791,157.17209720611572
SWI,tree,swi11,749,GLM,random,0.8274519279287672,0.13422420237912056,0.010386497553180865,0.9527301118568232,0.945619017226832,0.8343416258035579,1.736114501953125
SWI,tree,swi11,749,GLM,tgb,0.8408527213023126,0.1495209507088025,0.010386497553180865,0.9055129082774049,0.8810720428259924,0.8527525244282923,2.3042287826538086
SWI,tree,swi11,749,BRT,random,0.8654496300954067,0.1561000484244945,0.010386497553180865,0.9605806174496646,0.9469872496572724,0.8386903113751896,7.538024663925171
SWI,tree,swi11,749,BRT,tgb,0.8666082504638364,0.1607149467156838,0.010386497553180865,0.9234547695749441,0.8929660449972674,0.8600536054261131,8.253612279891968
SWI,tree,swi11,749,RF,random,0.8670764534184153,0.15477115326234814,0.010386497553180865,0.9590190402684563,0.9466709639519941,0.8407102444353706,12.005727291107178
SWI,tree,swi11,749,RF,tgb,0.8730020106041905,0.1644560941369978,0.010386497553180865,0.9248287225950783,0.9008254630303114,0.8636045672275827,13.989505290985107
SWI,tree,swi11,749,MaxEnt,random,0.8448477297251139,0.15181538167435973,0.010386497553180865,0.9540830693512306,0.9419766847699031,0.842631728412344,169.92481112480164
SWI,tree,swi11,749,MaxEnt,tgb,0.8639018918310473,0.16781359959011227,0.010386497553180865,0.9130094496644295,0.8911761368376808,0.8698447295583701,115.71140480041504
SWI,tree,swi12,37,GLM,random,0.6628590013009106,0.04555828878813836,0.001997403375611705,0.9076410714285714,0.9132635850742027,0.9265353438236117,0.9310803413391113
SWI,tree,swi12,37,GLM,tgb,0.66413989792855,0.06177460241404227,0.001997403375611705,0.8808785714285715,0.8896978092717293,0.9635323253789492,1.1389985084533691
SWI,tree,swi12,37,BRT,random,0.6940958671069748,0.03663573005452456,0.001997403375611705,0.8970732142857143,0.9019439251995429,0.9174043750204215,6.352133750915527
SWI,tree,swi12,37,BRT,tgb,0.7035274692284599,0.07389304394071868,0.001997403375611705,0.8743285714285713,0.8532329821058229,0.9364373442251337,7.609154462814331
SWI,tree,swi12,37,RF,random,0.6560842589812869,0.04183864581669956,0.001997403375611705,0.9430366071428571,0.9364287419041297,0.9323383527985716,4.526264190673828
SWI,tree,swi12,37,RF,tgb,0.6884544180926649,0.050928862396589225,0.001997403375611705,0.9214910714285715,0.9164135642147334,0.9566385066610916,4.622944593429565
SWI,tree,swi12,37,MaxEnt,random,0.7150355248674072,0.051596815271604195,0.001997403375611705,0.9271285714285714,0.9364046729879307,0.9253455004162563,13.12424612045288
SWI,tree,swi12,37,MaxEnt,tgb,0.7553937756429501,0.08450840928135574,0.001997403375611705,0.8885821428571429,0.8956265024413284,0.9555188281259461,16.219862937927246
SWI,tree,swi13,3357,GLM,random,0.7533328369519269,0.39777446944451067,0.3321681813642265,0.8950351989967,0.8696185899834645,0.6803610655056176,3.031834363937378
SWI,tree,swi13,3357,GLM,tgb,0.7910026553707525,0.4563767316606592,0.3321681813642265,0.7776727593188915,0.7183526771798332,0.7392335491680766,3.4140825271606445
SWI,tree,swi13,3357,BRT,random,0.7585120418802028,0.40983463340866355,0.3321681813642265,0.902453387246292,0.8800197175997356,0.7015120826479375,8.30922532081604
SWI,tree,swi13,3357,BRT,tgb,0.8131715705462739,0.4807219007208725,0.3321681813642265,0.837346011749521,0.7886687195000674,0.7525711046420052,9.763751029968262
SWI,tree,swi13,3357,RF,random,0.7611368384155326,0.4218805252063048,0.3321681813642265,0.9076159019941809,0.8789850755415618,0.7040061109675954,47.74042201042175
SWI,tree,swi13,3357,RF,tgb,0.8131255743344196,0.49894449738782276,0.3321681813642265,0.8231374716130864,0.7612470305770896,0.7563083762480314,55.36631774902344
SWI,tree,swi13,3357,MaxEnt,random,0.7444727885421503,0.39804259377052775,0.3321681813642265,0.8943916716565538,0.8690234903717391,0.6731640366320357,322.4897952079773
SWI,tree,swi13,3357,MaxEnt,tgb,0.8023910116837574,0.4851916418076292,0.3321681813642265,0.7927839187025406,0.7367018372522591,0.7418408092583121,156.91481256484985
SWI,tree,swi14,2142,GLM,random,0.7984787630018684,0.3079060199550381,0.09767302506741236,0.9276173912925081,0.9079198070278762,0.7461716597508102,2.831338405609131
SWI,tree,swi14,2142,GLM,tgb,0.8108187541519404,0.33435850192938077,0.09767302506741236,0.8460314944012373,0.7866515831271614,0.7789493355188098,3.1278936862945557
SWI,tree,swi14,2142,BRT,random,0.810434653692808,0.32149976463938995,0.09767302506741236,0.9336466246759472,0.914763345164887,0.769521327654616,7.788683891296387
SWI,tree,swi14,2142,BRT,tgb,0.8202541128965635,0.34650178959439065,0.09767302506741236,0.8746171925037579,0.8333867648596145,0.7971781345960096,8.308427572250366
SWI,tree,swi14,2142,RF,random,0.8107926683664867,0.3358105796889679,0.09767302506741236,0.9371915945036273,0.911974352329404,0.762112147191614,28.284829139709473
SWI,tree,swi14,2142,RF,tgb,0.821782366461715,0.3612399795720228,0.09767302506741236,0.8781227574995099,0.8250161180152735,0.7932297473458368,33.37160348892212
SWI,tree,swi14,2142,MaxEnt,random,0.7920617729506816,0.33985339726921265,0.09767302506741236,0.9262364322593294,0.9059575884548549,0.7503582667815614,286.29989194869995
SWI,tree,swi14,2142,MaxEnt,tgb,0.8160871774501116,0.3563570493233674,0.09767302506741236,0.8598839615602465,0.8204782678699271,0.7931689152518557,116.10165047645569
SWI,tree,swi15,297,GLM,random,0.7848443781698855,0.12453825809125518,0.013382602616598422,0.9541881355932205,0.9310211448753958,0.8548101899021858,1.406020164489746
SWI,tree,swi15,297,GLM,tgb,0.8217045655415604,0.15902179892680549,0.013382602616598422,0.8924237570621468,0.8680407127650767,0.8854058205809396,1.95595383644104
SWI,tree,swi15,297,BRT,random,0.7769239136839338,0.13380457364098125,0.013382602616598422,0.9641793220338982,0.9420653864755716,0.8701687941050104,6.887284755706787
SWI,tree,swi15,297,BRT,tgb,0.8164386086572906,0.16117549794805383,0.013382602616598422,0.9064660734463278,0.8718718046375887,0.8836567856057636,7.838502407073975
SWI,tree,swi15,297,RF,random,0.7817290710129885,0.13060099911826586,0.013382602616598422,0.9635020762711864,0.9457916450568569,0.8603698291466216,6.924136161804199
SWI,tree,swi15,297,RF,tgb,0.8190508133489853,0.16982415899824937,0.013382602616598422,0.9068599011299435,0.8723423773915829,0.8950582947704306,7.045899152755737
SWI,tree,swi15,297,MaxEnt,random,0.7745111369964631,0.13857031093772687,0.013382602616598422,0.9563204802259886,0.9360722815206304,0.8555115444051469,39.92618417739868
SWI,tree,swi15,297,MaxEnt,tgb,0.8230016029781249,0.16944048506257542,0.013382602616598422,0.8939494915254238,0.8607425345647645,0.8929821479570388,45.908820152282715
SWI,tree,swi16,734,GLM,random,0.8371408040304176,0.24664425971416326,0.03944871666833117,0.9399752585965894,0.9285430145253306,0.8345277982093995,1.8114118576049805
SWI,tree,swi16,734,GLM,tgb,0.8661681288512311,0.28885551385604813,0.03944871666833117,0.8280972136799924,0.8069382308322492,0.869811699548219,2.313145399093628
SWI,tree,swi16,734,BRT,random,0.848444504107541,0.26078858524523185,0.03944871666833117,0.9459252539371914,0.9303764577296436,0.8476260244370337,7.057005405426025
SWI,tree,swi16,734,BRT,tgb,0.8727780980282223,0.29880630300759875,0.03944871666833117,0.8359837107445719,0.8198445711099055,0.8808040774206904,7.871917009353638
SWI,tree,swi16,734,RF,random,0.8486920620882259,0.2648051057505708,0.03944871666833117,0.9469566163451683,0.9327443402461302,0.8466567661198086,11.3599271774292
SWI,tree,swi16,734,RF,tgb,0.8705985085980664,0.2993902729134886,0.03944871666833117,0.8517876898704685,0.8273743225445056,0.8858616593025893,12.882497549057007
SWI,tree,swi16,734,MaxEnt,random,0.8335807597042466,0.2495141196321794,0.03944871666833117,0.942203373404156,0.9304518503533454,0.8201843691824738,91.60489630699158
SWI,tree,swi16,734,MaxEnt,tgb,0.8684357652186959,0.3030504542999455,0.03944871666833117,0.8348023576553908,0.818223954870118,0.8790037305209258,89.63956499099731
SWI,tree,swi17,458,GLM,random,0.9867657587132085,0.5972727324314493,0.030760011984420254,0.9859780697563305,0.9326268406734737,0.8663893357887407,1.2406017780303955
SWI,tree,swi17,458,GLM,tgb,0.9901386351927309,0.6915530150699317,0.030760011984420254,0.9757480172001912,0.8827266461885628,0.8717142149567261,1.7636876106262207
SWI,tree,swi17,458,BRT,random,0.9839592658758038,0.7077423260639635,0.030760011984420254,0.9882527472527473,0.9521684081333689,0.8863221650933907,6.3667151927948
SWI,tree,swi17,458,BRT,tgb,0.9889493299075988,0.7568773703843275,0.030760011984420254,0.9770759794553273,0.872126623473507,0.9040137295609958,7.400268077850342
SWI,tree,swi17,458,RF,random,0.9884376442722655,0.6444066755143243,0.030760011984420254,0.9885441471571907,0.9593806370906461,0.8949464800019908,6.9067723751068115
SWI,tree,swi17,458,RF,tgb,0.9893429213753789,0.7195714454018174,0.030760011984420254,0.97574368729097,0.8551519430599303,0.8882292802193461,7.940997123718262
SWI,tree,swi17,458,MaxEnt,random,0.9725024589012224,0.6149052905234517,0.030760011984420254,0.981808295508839,0.8871895710773176,0.7942822748745165,99.68563580513
SWI,tree,swi17,458,MaxEnt,tgb,0.9901172243521548,0.7692351726440925,0.030760011984420254,0.9725355231724798,0.8257453543550712,0.8833455543657125,60.14228677749634
SWI,tree,swi18,382,GLM,random,0.9491377251966018,0.12867731129793747,0.0025966243882952164,0.9788147983595351,0.9552079062073415,0.896546660130325,1.2136733531951904
SWI,tree,swi18,382,GLM,tgb,0.9481941909097211,0.14185088070050333,0.0025966243882952164,0.9660822624743677,0.9401466125322969,0.9157989067646628,2.001047372817993
SWI,tree,swi18,382,BRT,random,0.941535534656592,0.13309722023841414,0.0025966243882952164,0.9847041182501709,0.9692981783267909,0.9117560396840977,6.515596628189087
SWI,tree,swi18,382,BRT,tgb,0.927617441135014,0.11854698183844868,0.0025966243882952164,0.9732199248120301,0.9482675864639903,0.9196580954083526,7.4297404289245605
SWI,tree,swi18,382,RF,random,0.9432781847170553,0.12370212110479112,0.0025966243882952164,0.9854540498974709,0.9732524632947424,0.9132243056776037,6.824872016906738
SWI,tree,swi18,382,RF,tgb,0.9429566128274449,0.13596063919768336,0.0025966243882952164,0.9738545881749829,0.9548954477865991,0.9270846972674607,7.239742755889893
SWI,tree,swi18,382,MaxEnt,random,0.9486524789919203,0.17530713283217392,0.0025966243882952164,0.9739681818181818,0.9479707404373208,0.8799157185838353,88.0350170135498
SWI,tree,swi18,382,MaxEnt,tgb,0.9307445833429613,0.13670451997652178,0.0025966243882952164,0.9691821257689679,0.9369916222426882,0.9093120720218675,48.28982162475586
SWI,tree,swi19,36,GLM,random,0.8737137019053537,0.10626064309068964,0.0018975332068311196,0.96925,0.9600305036744109,0.9404155009012992,0.8758430480957031
SWI,tree,swi19,36,GLM,tgb,0.8940943513476507,0.13485892988625622,0.0018975332068311196,0.9360624999999999,0.9147985936119726,0.9581749519671089,1.0453007221221924
SWI,tree,swi19,36,BRT,random,0.8820292175305183,0.07680070991098567,0.0018975332068311196,0.9630017857142856,0.9097454354352223,0.8853478777583907,5.907169580459595
SWI,tree,swi19,36,BRT,tgb,0.9194464046849161,0.07144519510561294,0.0018975332068311196,0.9338446428571429,0.8932877614957121,0.9336992951727734,6.526585578918457
SWI,tree,swi19,36,RF,random,0.9536116406686117,0.11477139352972279,0.0018975332068311196,0.964605357142857,0.9511979775401525,0.937617081503935,3.7656805515289307
SWI,tree,swi19,36,RF,tgb,0.9682572701515646,0.14078555816821803,0.0018975332068311196,0.9450875,0.9225983634073149,0.9501073293082916,3.7005372047424316
SWI,tree,swi19,36,MaxEnt,random,0.9057223807968992,0.1133069196390637,0.0018975332068311196,0.9649767857142857,0.9572116413590752,0.9261322759065692,15.000542879104614
SWI,tree,swi19,36,MaxEnt,tgb,0.9469365830024331,0.15948378968289365,0.0018975332068311196,0.9298410714285714,0.9123661127368546,0.9431122187856851,15.263840436935425
SWI,tree,swi20,613,GLM,random,0.7506460026620385,0.14230318293814292,0.0270648157395386,0.9293755231240837,0.9186026249713659,0.754446076291302,1.6385669708251953
SWI,tree,swi20,613,GLM,tgb,0.8044064540419578,0.18439987543653388,0.0270648157395386,0.7848143942423031,0.7498028726810047,0.7872700429897495,1.9860312938690186
SWI,tree,swi20,613,BRT,random,0.7595487564401411,0.14702152060166307,0.0270648157395386,0.9318380514460882,0.9069693663081064,0.7480074175243121,6.5827765464782715
SWI,tree,swi20,613,BRT,tgb,0.7969180502726809,0.18363693761537095,0.0270648157395386,0.8095587231773956,0.7709717407854394,0.7771237518435294,7.311062812805176
SWI,tree,swi20,613,RF,random,0.7530277468654383,0.14764433358697607,0.0270648157395386,0.9345627382380381,0.9144252833658791,0.7502958669009814,10.12542462348938
SWI,tree,swi20,613,RF,tgb,0.7957911913342086,0.18372106567495766,0.0270648157395386,0.8123169099027056,0.7796023586958549,0.7961830204904615,11.264972448348999
SWI,tree,swi20,613,MaxEnt,random,0.7496645937512547,0.12075191037528427,0.0270648157395386,0.9282497234439557,0.9069248563209165,0.7357326194091816,83.65492010116577
SWI,tree,swi20,613,MaxEnt,tgb,0.8058920139601724,0.18876511287341402,0.0270648157395386,0.8026690390510461,0.7726875498829852,0.7904642046137937,71.86677575111389
SWI,tree,swi21,426,GLM,random,0.7153077251433825,0.10757234108886522,0.022370917806851093,0.8882979343365254,0.8462435142427529,0.7205262620692616,1.4245893955230713
SWI,tree,swi21,426,GLM,tgb,0.7632163653079989,0.13830318040183937,0.022370917806851093,0.7826639124487004,0.7477855003312595,0.750534739035306,1.8747386932373047
SWI,tree,swi21,426,BRT,random,0.7374202822409994,0.12618436093269061,0.022370917806851093,0.904268248974008,0.8885155786146257,0.7527693184159838,6.446445465087891
SWI,tree,swi21,426,BRT,tgb,0.7681836755541935,0.15276526121822942,0.022370917806851093,0.8053116142270863,0.7497651669997131,0.7684889635970233,7.318017482757568
SWI,tree,swi21,426,RF,random,0.7442330038819083,0.13024305288101407,0.022370917806851093,0.9098234268125853,0.8972454452265352,0.7651792056907881,8.689355373382568
SWI,tree,swi21,426,RF,tgb,0.7815042485734717,0.16056877474321557,0.022370917806851093,0.7949443160054719,0.7606064037464594,0.7959071895464913,8.901076793670654
SWI,tree,swi21,426,MaxEnt,random,0.7175980145352656,0.12522843336999268,0.022370917806851093,0.9007329685362517,0.873918393514937,0.7316971962093372,87.79887914657593
SWI,tree,swi21,426,MaxEnt,tgb,0.771072304189834,0.1592578387323735,0.022370917806851093,0.7992732284541724,0.7448061243397321,0.7687628253197849,65.4405243396759
SWI,tree,swi22,560,GLM,random,0.8543316108162005,0.19327439337806562,0.018176370718066513,0.9540276785714286,0.9308077808136282,0.802527116012145,1.3246219158172607
SWI,tree,swi22,560,GLM,tgb,0.8543645856737098,0.2117226313005543,0.018176370718066513,0.8932589285714286,0.8568516260782797,0.8394561357858098,1.9374356269836426
SWI,tree,swi22,560,BRT,random,0.8718686460523506,0.2138106773904765,0.018176370718066513,0.9619107142857143,0.9399367382535768,0.8242271377516118,6.807960748672485
SWI,tree,swi22,560,BRT,tgb,0.8689595929449454,0.23436977502233064,0.018176370718066513,0.9203026785714286,0.8712768203211294,0.8443389810364893,7.312714099884033
SWI,tree,swi22,560,RF,random,0.869443037889788,0.20363727727325873,0.018176370718066513,0.9597709821428572,0.9376977036403819,0.8184426899484322,8.825929164886475
SWI,tree,swi22,560,RF,tgb,0.8664208083646594,0.22878646389012658,0.018176370718066513,0.9289482142857143,0.8789556769284163,0.856169495021825,9.933673620223999
SWI,tree,swi22,560,MaxEnt,random,0.8652032536683131,0.22566319346471536,0.018176370718066513,0.9522919642857142,0.9324924010740181,0.8135409368238399,125.31917643547058
SWI,tree,swi22,560,MaxEnt,tgb,0.8692943715830502,0.24012007074851788,0.018176370718066513,0.8981999999999999,0.8560055325614444,0.8438445541903189,68.67095637321472
SWI,tree,swi23,986,GLM,random,0.7463170853655086,0.29112958305522174,0.14910616198941376,0.8903992283238477,0.8517794253208972,0.6642679977993697,1.6053617000579834
SWI,tree,swi23,986,GLM,tgb,0.8673069787333062,0.5242996461942715,0.14910616198941376,0.700247443982977,0.6580958506209444,0.7384120424990653,1.958711862564087
SWI,tree,swi23,986,BRT,random,0.788248760255213,0.3601608643623684,0.14910616198941376,0.9069033200020511,0.8582096058819101,0.6786649915057563,6.462106943130493
SWI,tree,swi23,986,BRT,tgb,0.8787258379479826,0.5368537734659231,0.14910616198941376,0.7514872532430908,0.6767433375752583,0.7598185611343778,7.342482328414917
SWI,tree,swi23,986,RF,random,0.7955266203157773,0.3825360924028437,0.14910616198941376,0.9124154181407989,0.8606535043515695,0.6793756580094386,14.735612154006958
SWI,tree,swi23,986,RF,tgb,0.881880544261326,0.5564552371514134,0.14910616198941376,0.7539610624006563,0.6487715391269038,0.7445516126413982,16.59571123123169
SWI,tree,swi23,986,MaxEnt,random,0.7562455779553409,0.35200176065293254,0.14910616198941376,0.8945204224991027,0.8537336240978973,0.6702719498464788,105.03116202354431
SWI,tree,swi23,986,MaxEnt,tgb,0.8722073903568768,0.5573357479215808,0.14910616198941376,0.7216721171101882,0.6594094434671915,0.7488829868297382,100.32058072090149
SWI,tree,swi24,293,GLM,random,0.5993426522264469,0.056700072643560154,0.027763906921002696,0.8535822618351843,0.8181951935247321,0.6585711557497236,1.2291555404663086
SWI,tree,swi24,293,GLM,tgb,0.6620548861373151,0.10344270897543449,0.027763906921002696,0.7084716247808298,0.6670339476048394,0.7330362137679105,1.4926245212554932
SWI,tree,swi24,293,BRT,random,0.6645834026153499,0.09534483261125974,0.027763906921002696,0.8849901227352426,0.8367656625001928,0.679032560662874,6.444904327392578
SWI,tree,swi24,293,BRT,tgb,0.7039588668048613,0.1449712581035602,0.027763906921002696,0.7365155464640561,0.687287476664341,0.7634033489451328,7.443124532699585
SWI,tree,swi24,293,RF,random,0.6929286155051306,0.1094217419354972,0.027763906921002696,0.8892899620105202,0.8474959098799506,0.6752764966501574,6.929948806762695
SWI,tree,swi24,293,RF,tgb,0.7230576093824478,0.14816106148003197,0.027763906921002696,0.7324992109877264,0.6974310985808645,0.7794607309217604,7.4026994705200195
SWI,tree,swi24,293,MaxEnt,random,0.6332383707825728,0.08369118016164293,0.027763906921002696,0.8611154003506719,0.8211972193221454,0.6480878054158682,53.02200388908386
SWI,tree,swi24,293,MaxEnt,tgb,0.7131746682777045,0.1485029970996945,0.027763906921002696,0.7020359731151374,0.6690815665989752,0.7627075604367693,49.190993785858154
SWI,tree,swi25,279,GLM,random,0.9737488448064648,0.41544927021985584,0.023769100169779286,0.9500721103896103,0.9161509926433125,0.9464623502197238,1.2407112121582031
SWI,tree,swi25,279,GLM,tgb,0.9824268735627244,0.4651708569352557,0.023769100169779286,0.8765106493506494,0.8513717035651173,0.9755116420000455,2.015947103500366
SWI,tree,swi25,279,BRT,random,0.9712583550044059,0.4762891348570347,0.023769100169779286,0.964418116883117,0.9265267969856156,0.9476113994596101,7.075647354125977
SWI,tree,swi25,279,BRT,tgb,0.9804560596617165,0.5123404276293735,0.023769100169779286,0.9104355519480519,0.846546714229276,0.9721841236691582,7.455313682556152
SWI,tree,swi25,279,RF,random,0.9756831223538008,0.43051280412017084,0.023769100169779286,0.9646836688311689,0.9445589814660534,0.9647370953744845,6.347392797470093
SWI,tree,swi25,279,RF,tgb,0.9816793827505427,0.44794029632998683,0.023769100169779286,0.8908210551948053,0.8106762788993878,0.9746714502377053,5.868009567260742
SWI,tree,swi25,279,MaxEnt,random,0.9689926712372929,0.5033248006912605,0.023769100169779286,0.9578686363636363,0.9223632642508596,0.9510079208214876,35.75744557380676
SWI,tree,swi25,279,MaxEnt,tgb,0.9828782049904361,0.5873115264767816,0.023769100169779286,0.8814637337662339,0.8339371921519735,0.9780742395869012,30.429452896118164
SWI,tree,swi26,89,GLM,random,0.7944013248287094,0.06353731912916345,0.0021971437131728753,0.9302104575163399,0.6375812298654928,0.5444746878223259,1.0188720226287842
SWI,tree,swi26,89,GLM,tgb,0.8046150626472917,0.08481954959486941,0.0021971437131728753,0.8904218954248366,0.5428780977081663,0.5138498596031559,1.369338035583496
SWI,tree,swi26,89,BRT,random,0.8162846561905716,0.14148698248939423,0.0021971437131728753,0.9597143790849673,0.7720428890011236,0.7015989568641485,6.617150783538818
SWI,tree,swi26,89,BRT,tgb,0.8220216376557083,0.1453788843761485,0.0021971437131728753,0.9084849673202614,0.6011745561738555,0.7662218920218111,7.601085186004639
SWI,tree,swi26,89,RF,random,0.825768191372235,0.09366032732464888,0.0021971437131728753,0.9645145424836603,0.8441626359801754,0.7405829636554052,4.673469305038452
SWI,tree,swi26,89,RF,tgb,0.8504517702295702,0.10422856930375297,0.0021971437131728753,0.9011083333333334,0.6062813845674557,0.8287772722753818,4.413830995559692
SWI,tree,swi26,89,MaxEnt,random,0.7488739865879291,0.14946058612157562,0.0021971437131728753,0.9207026143790848,0.7512272981898656,0.6232759239937019,35.159369707107544
SWI,tree,swi26,89,MaxEnt,tgb,0.8378040236212592,0.15684670797625483,0.0021971437131728753,0.8656712418300654,0.5155187697936207,0.7205217244033439,15.014899015426636
SWI,tree,swi27,468,GLM,random,0.7406662374853875,0.16480234193878057,0.03904923599320883,0.924309597346145,0.8799130361497806,0.6849551278133769,1.5001437664031982
SWI,tree,swi27,468,GLM,tgb,0.8094926854007307,0.23315571292797677,0.03904923599320883,0.839239224433768,0.7608744660174958,0.7037055168533732,1.9117953777313232
SWI,tree,swi27,468,BRT,random,0.7414017110192381,0.17472712540037255,0.03904923599320883,0.9359419354838711,0.8906656689587187,0.6919384177170101,6.683391571044922
SWI,tree,swi27,468,BRT,tgb,0.8022995575463518,0.2444532562156263,0.03904923599320883,0.8792263669640814,0.7756817238538484,0.7061254589692673,7.378655195236206
SWI,tree,swi27,468,RF,random,0.7686943710093185,0.19603896192876716,0.03904923599320883,0.9391641901166781,0.8997721409381448,0.7034946204399708,8.510456562042236
SWI,tree,swi27,468,RF,tgb,0.8247326964368207,0.26396837789497263,0.03904923599320883,0.8728879432624114,0.7930282666468651,0.7487731848942134,9.479173421859741
SWI,tree,swi27,468,MaxEnt,random,0.7212519423465301,0.1613193130605384,0.03904923599320883,0.9255793582704188,0.8626429551578741,0.6598704375575862,78.27246356010437
SWI,tree,swi27,468,MaxEnt,tgb,0.7925161913156179,0.24534588933681617,0.03904923599320883,0.8415615762983298,0.7507432277053694,0.7036273383754471,38.54679536819458
SWI,tree,swi28,5528,GLM,random,0.8096509768044522,0.5275237913072305,0.4240487366423649,0.8993680016855817,0.8895757549415457,0.7398610629460821,2.9275357723236084
SWI,tree,swi28,5528,GLM,tgb,0.8423892220268961,0.5845451218587037,0.4240487366423649,0.7834062670910623,0.7652137231499271,0.8096094992193212,3.14772891998291
SWI,tree,swi28,5528,BRT,random,0.8177010057957219,0.5353044066435716,0.4240487366423649,0.9052999752072202,0.893120881168237,0.7489355548861844,8.287453651428223
SWI,tree,swi28,5528,BRT,tgb,0.8478153961406448,0.5852777515186168,0.4240487366423649,0.8174925194537407,0.7986592932743266,0.817045515864997,8.351017236709595
SWI,tree,swi28,5528,RF,random,0.8093471790093897,0.5320299376394308,0.4240487366423649,0.9090201119357187,0.8907811932277262,0.7540579364261554,65.50529766082764
SWI,tree,swi28,5528,RF,tgb,0.8468674114361432,0.5943120506336956,0.4240487366423649,0.8103723187385956,0.7719822429581051,0.8127763973335131,72.9120991230011
SWI,tree,swi28,5528,MaxEnt,random,0.8111487705847611,0.5282339948987468,0.4240487366423649,0.8988916472879318,0.886339058634802,0.7248620700449724,165.97514295578003
SWI,tree,swi28,5528,MaxEnt,tgb,0.848966389157992,0.5987736774985188,0.4240487366423649,0.7990665927519987,0.7745369687158749,0.8157085839772021,210.66902709007263
SWI,tree,swi29,154,GLM,random,0.6693564006859679,0.0600289390919519,0.009987016878058523,0.8630546236559141,0.8453970281051066,0.6784555634471637,1.1992392539978027
SWI,tree,swi29,154,GLM,tgb,0.6716079895087259,0.06653681330713311,0.009987016878058523,0.7463661290322581,0.7406258689894496,0.7551545822853962,1.6071298122406006
SWI,tree,swi29,154,BRT,random,0.6907717139110259,0.06513675762399009,0.009987016878058523,0.8936905376344086,0.8560203707300931,0.711152384497957,6.629566669464111
SWI,tree,swi29,154,BRT,tgb,0.6676293755674367,0.06224876866462675,0.009987016878058523,0.7754074193548387,0.7181968773207321,0.7453804700292648,7.511733531951904
SWI,tree,swi29,154,RF,random,0.7120432765055986,0.07606220208506746,0.009987016878058523,0.9056181720430108,0.875571970211299,0.6979272650617572,5.21905255317688
SWI,tree,swi29,154,RF,tgb,0.7075799455260768,0.08213464556886627,0.009987016878058523,0.777560430107527,0.7300562700718245,0.7623329628871788,5.4078145027160645
SWI,tree,swi29,154,MaxEnt,random,0.6843024311510137,0.07570498768319708,0.009987016878058523,0.8734449999999999,0.8442058573142563,0.6671444843293486,30.888357877731323
SWI,tree,swi29,154,MaxEnt,tgb,0.6987218803591243,0.08285871710636653,0.009987016878058523,0.7485310752688171,0.7037557172482514,0.72774602454374,22.983792066574097
SWI,tree,swi30,2800,GLM,random,0.7261033854505569,0.2723446565007528,0.15180265654648956,0.9025490178571429,0.8865146817994723,0.7189882261120585,2.1099536418914795
SWI,tree,swi30,2800,GLM,tgb,0.764020602105759,0.324371195936382,0.15180265654648956,0.8028086607142857,0.7845081754991413,0.7749821733466213,2.1036734580993652
SWI,tree,swi30,2800,BRT,random,0.7247500263374791,0.2736142960737807,0.15180265654648956,0.9122738392857143,0.8977030182705168,0.7237775395308793,6.730830907821655
SWI,tree,swi30,2800,BRT,tgb,0.766168268605105,0.3252073391257482,0.15180265654648956,0.8372808928571427,0.8007688137130913,0.7674530455092647,6.625011682510376
SWI,tree,swi30,2800,RF,random,0.729935759789796,0.2859628125182726,0.15180265654648956,0.9134034821428572,0.8961093053725632,0.7272046845433234,30.132519960403442
SWI,tree,swi30,2800,RF,tgb,0.768728232848104,0.3348720659566806,0.15180265654648956,0.8296017857142859,0.7830272711267454,0.7670865208319164,34.01988077163696
SWI,tree,swi30,2800,MaxEnt,random,0.7206995544318231,0.27857269664071044,0.15180265654648956,0.9049941071428572,0.891755280535343,0.7156654304083836,187.62543845176697
SWI,tree,swi30,2800,MaxEnt,tgb,0.7687623553762543,0.33883327304573924,0.15180265654648956,0.8203675892857142,0.7950255994981204,0.7706730938306425,130.9655499458313
