region,group,species,n_pres,model,bg,pa_auc,pa_cor,pa_prev,cv_rand_auc,cv_spat_auc,cv_spat_tg_auc,secs
AWT,bird,awt01,178,GLM,random,0.5490883590462834,0.07775684189290309,0.27058823529411763,0.7637096031746032,0.5814956120617704,0.5133996861756083,16.573635578155518
AWT,bird,awt01,178,GLM,tgb,0.721555049088359,0.3385785650797793,0.27058823529411763,0.610138253968254,0.510519886303719,0.5813416123038104,1.2384121417999268
AWT,bird,awt01,178,BRT,random,0.5801849579242637,0.10938183829036555,0.27058823529411763,0.8347539682539683,0.6718841704516159,0.5674509556190419,17.179698705673218
AWT,bird,awt01,178,BRT,tgb,0.7412780504908837,0.3966654132150999,0.27058823529411763,0.6625059523809524,0.5727595822017927,0.6330010840121961,5.737296104431152
AWT,bird,awt02,149,GLM,random,0.6599392097264437,0.3812393961443021,0.3088235294117647,0.8088075862068965,0.6615358898186858,0.7499479417704504,14.812177896499634
AWT,bird,awt02,149,GLM,tgb,0.7685106382978724,0.5434534212914094,0.3088235294117647,0.7371637931034483,0.6191610555839616,0.7840293280350086,1.2166876792907715
AWT,bird,awt02,149,BRT,random,0.706099290780142,0.5073296596778069,0.3088235294117647,0.8844498850574712,0.7108808599379166,0.7689282159694798,17.032691955566406
AWT,bird,awt02,149,BRT,tgb,0.7693617021276596,0.5684259241902136,0.3088235294117647,0.8019011494252875,0.6846524538212364,0.825221047147993,5.989675760269165
AWT,bird,awt03,219,GLM,random,0.524964179433484,0.07105276149056801,0.37941176470588234,0.8372753171247357,0.7374348243920178,0.6435144747211282,16.13858652114868
AWT,bird,awt03,219,GLM,tgb,0.6362100003673904,0.2507077871190244,0.37941176470588234,0.715601532769556,0.6608183977253789,0.6658502201225767,1.3379311561584473
AWT,bird,awt03,219,BRT,random,0.5741577574488409,0.1303073097043295,0.37941176470588234,0.8652871035940803,0.7790295063760466,0.6917986393064556,17.514453887939453
AWT,bird,awt03,219,BRT,tgb,0.6466806275028472,0.250812704595004,0.37941176470588234,0.7626141649048626,0.7438140798909553,0.7092652572738052,5.806380271911621
AWT,bird,awt04,216,GLM,random,0.4937404367784115,-0.008900151856728348,0.4647058823529412,0.8492031712473572,0.7385474029962109,0.6095052538610879,17.9375057220459
AWT,bird,awt04,216,GLM,tgb,0.4763875365141188,-0.05492455210996303,0.4647058823529412,0.7805094080338266,0.7036656302574669,0.5911723289046593,0.9545688629150391
AWT,bird,awt04,216,BRT,random,0.46939769091667827,-0.05517407279376457,0.4647058823529412,0.8596828224101479,0.6958578436807212,0.5874717554434379,17.23988962173462
AWT,bird,awt04,216,BRT,tgb,0.45799137571289467,-0.07106140278813586,0.4647058823529412,0.7629999735729387,0.6240454342539576,0.57778827993831,6.229538440704346
AWT,bird,awt05,114,GLM,random,0.7633432575702563,0.30177189342376004,0.13823529411764707,0.9151385375494072,0.8734567531014585,0.7570133570708604,12.456809043884277
AWT,bird,awt05,114,GLM,tgb,0.7623266284220463,0.30112205839146794,0.13823529411764707,0.8871276679841896,0.874122444529665,0.7793175333820562,1.1305556297302246
AWT,bird,awt05,114,BRT,random,0.7588410427710407,0.35296474470728306,0.13823529411764707,0.9090357707509881,0.8663001219048219,0.7691389241286075,16.57093119621277
AWT,bird,awt05,114,BRT,tgb,0.7173044804298888,0.26706451123382857,0.13823529411764707,0.8636199604743082,0.8481587664787371,0.761858528466355,6.051337242126465
AWT,bird,awt06,265,GLM,random,0.6488413547237076,0.27534247716923793,0.55,0.8756641509433962,0.739660267642065,0.6877934839772463,16.984690189361572
AWT,bird,awt06,265,GLM,tgb,0.827968263954423,0.6001158603238071,0.55,0.7906094339622641,0.637131140356798,0.6758939954302143,1.0314838886260986
AWT,bird,awt06,265,BRT,random,0.662315193457062,0.261962553461309,0.55,0.8861443396226415,0.7656838978858664,0.7060832212960502,16.895567893981934
AWT,bird,awt06,265,BRT,tgb,0.825801265247632,0.5493244396378616,0.55,0.7933632075471698,0.7369999323422194,0.7331301866703483,5.765132188796997
AWT,bird,awt07,158,GLM,random,0.5220935220935221,0.03472870519849499,0.23823529411764705,0.7989040322580646,0.6296221729491098,0.5229103890165534,16.480315446853638
AWT,bird,awt07,158,GLM,tgb,0.5843462510129177,0.12142410045366045,0.23823529411764705,0.6817047379032258,0.5677827666976354,0.5507994126235236,1.2042930126190186
AWT,bird,awt07,158,BRT,random,0.5265503598836934,0.035910156115492975,0.23823529411764705,0.8332580645161289,0.6540919438148227,0.51935136994604,17.140465021133423
AWT,bird,awt07,158,BRT,tgb,0.5549358882692216,0.06138564995266703,0.23823529411764705,0.681778629032258,0.5855939335330584,0.5646410575213248,5.769935369491577
AWT,bird,awt08,231,GLM,random,0.6510733163136888,0.31108796902844515,0.40294117647058825,0.782334158186864,0.6659540598659837,0.735301762287835,17.944849729537964
AWT,bird,awt08,231,GLM,tgb,0.9220092769048218,0.7433320577712582,0.40294117647058825,0.6247601063829787,0.6051392085079784,0.8355099242484062,0.9773738384246826
AWT,bird,awt08,231,BRT,random,0.7657042177555644,0.4520534239154569,0.40294117647058825,0.8155458140610545,0.6914520974815888,0.7049259391466753,16.983269691467285
AWT,bird,awt08,231,BRT,tgb,0.909640070475711,0.6938312992678852,0.40294117647058825,0.6568386447733581,0.6172428895802902,0.8264568589502259,5.996471643447876
AWT,bird,awt09,112,GLM,random,0.6557971014492754,0.1857821615189038,0.13529411764705881,0.8062693675889328,0.7213233017769947,0.5781546974352396,12.155089855194092
AWT,bird,awt09,112,GLM,tgb,0.7247116237799467,0.26853621817349443,0.13529411764705881,0.6962557312252964,0.6419598718941353,0.5616990358606314,1.4030210971832275
AWT,bird,awt09,112,BRT,random,0.6392339544513458,0.15399560310303173,0.13529411764705881,0.7866478260869565,0.659401053547804,0.5414731166195024,16.511739253997803
AWT,bird,awt09,112,BRT,tgb,0.6833776989056493,0.2174693257466788,0.13529411764705881,0.6552164031620553,0.5921833750346439,0.5451853247889205,5.879804849624634
AWT,bird,awt10,122,GLM,random,0.6803015323776569,0.2931616439134048,0.3,0.8811221666666669,0.7889851938599206,0.6462548202669505,13.349997282028198
AWT,bird,awt10,122,GLM,tgb,0.6953369583127369,0.3137282775855855,0.3,0.8326018333333334,0.7748457480559596,0.6779288880584267,1.200014352798462
AWT,bird,awt10,122,BRT,random,0.6663783160322954,0.2393617515644923,0.3,0.8754402499999999,0.7672846367423114,0.655070842241116,15.706512689590454
AWT,bird,awt10,122,BRT,tgb,0.6872219476025705,0.3013643132478445,0.3,0.8153129166666666,0.7737937328611098,0.6899387531575749,5.826275587081909
AWT,bird,awt11,82,GLM,random,0.5422253587391201,0.03145224822122399,0.03823529411764706,0.7696595588235293,0.6728927246761236,0.5465710048011289,10.856834650039673
AWT,bird,awt11,82,GLM,tgb,0.6798400376382028,0.1126200762543944,0.03823529411764706,0.6131294117647059,0.6315586741202196,0.5856962567150601,1.1469547748565674
AWT,bird,awt11,82,BRT,random,0.4194307221830158,-0.046917453026681225,0.03823529411764706,0.7706720588235294,0.6964673391725176,0.5922936590580106,16.229897499084473
AWT,bird,awt11,82,BRT,tgb,0.5746883086332628,0.05230460463032159,0.03823529411764706,0.6291955882352942,0.7022999295296605,0.6494771272930008,5.935478925704956
AWT,bird,awt12,32,GLM,random,0.8545524691358024,0.28076775194773046,0.047058823529411764,0.8699285714285715,0.6783427182139827,0.5907634500178752,8.339654922485352
AWT,bird,awt12,32,GLM,tgb,0.8690200617283951,0.29431048905971685,0.047058823529411764,0.8471119047619048,0.684505346879344,0.608640779615808,0.9153304100036621
AWT,bird,awt12,32,BRT,random,0.808449074074074,0.15375927654864646,0.047058823529411764,0.8809071428571429,0.7320576922719467,0.6736749921689429,15.093199491500854
AWT,bird,awt12,32,BRT,tgb,0.7544367283950617,0.12208892613848325,0.047058823529411764,0.8434642857142857,0.6447309062549714,0.6045130828318146,5.3436243534088135
AWT,bird,awt13,122,GLM,random,0.7670538803756797,0.43774000514698963,0.3,0.9199809999999999,0.8131884379192306,0.7193181620893742,12.361977338790894
AWT,bird,awt13,122,GLM,tgb,0.767918932278794,0.4083206935179491,0.3,0.881071,0.7849034111616339,0.7150381039562165,1.0764403343200684
AWT,bird,awt13,122,BRT,random,0.747116493656286,0.3709527125528178,0.3,0.9105388333333334,0.8379043896558436,0.7357213571423891,15.177220106124878
AWT,bird,awt13,122,BRT,tgb,0.775045312242544,0.43079899732924326,0.3,0.8753755,0.8213258448096313,0.7250245765272683,5.751006603240967
AWT,bird,awt14,99,GLM,random,0.8229370629370629,0.44047270757302054,0.19117647058823528,0.9472942105263158,0.8450305293070697,0.7882163078365922,10.789654970169067
AWT,bird,awt14,99,GLM,tgb,0.8803356643356643,0.5449428457336162,0.19117647058823528,0.9270036842105263,0.8685750879329792,0.833732618998169,1.1078574657440186
AWT,bird,awt14,99,BRT,random,0.7830489510489511,0.3683550790701712,0.19117647058823528,0.9416236842105263,0.8320516359857564,0.7752645640387509,13.615363597869873
AWT,bird,awt14,99,BRT,tgb,0.8670209790209792,0.603590858525995,0.19117647058823528,0.9260957894736842,0.8526893602107821,0.8002810217284066,4.910047292709351
AWT,bird,awt15,254,GLM,random,0.7719922860109777,0.4853401927366532,0.6294117647058823,0.8934803137254901,0.8713924342668401,0.7957899093291477,15.997810125350952
AWT,bird,awt15,254,GLM,tgb,0.7607550808485387,0.4981545763882718,0.6294117647058823,0.8345801176470588,0.8376488800836615,0.8173164583233202,1.3320541381835938
AWT,bird,awt15,254,BRT,random,0.7949117341640707,0.49405631973463604,0.6294117647058823,0.9187725490196078,0.8727673279296436,0.8060609579871585,15.169634580612183
AWT,bird,awt15,254,BRT,tgb,0.7405058596647381,0.48134973282484544,0.6294117647058823,0.8487508235294119,0.8465587330957287,0.82233915152528,6.735494136810303
AWT,bird,awt16,144,GLM,random,0.7008605072463767,0.2839418777344891,0.18823529411764706,0.9275219211822658,0.8684879776396077,0.7620966169608041,11.576372623443604
AWT,bird,awt16,144,GLM,tgb,0.7829483695652175,0.3801667138192023,0.18823529411764706,0.909542857142857,0.8710861844148836,0.7898110433390233,0.9323699474334717
AWT,bird,awt16,144,BRT,random,0.634284420289855,0.10109920552869235,0.18823529411764706,0.9217323891625616,0.8395999312555388,0.7421398784380824,15.070449829101562
AWT,bird,awt16,144,BRT,tgb,0.6963881340579711,0.26783643195254686,0.18823529411764706,0.8839950738916256,0.8500204678559256,0.7744845984104358,5.735623121261597
AWT,bird,awt17,184,GLM,random,0.8019745196837492,0.4825001336370653,0.3029411764705882,0.8577978228228229,0.7528255191625444,0.6608338730681277,13.62195348739624
AWT,bird,awt17,184,GLM,tgb,0.7780099135635574,0.42353766769706863,0.3029411764705882,0.780653078078078,0.7108860101400485,0.6844469011831537,1.193509817123413
AWT,bird,awt17,184,BRT,random,0.7606406947687517,0.4063803197766499,0.3029411764705882,0.8929453453453453,0.8005761193329766,0.6875318611121426,14.995704412460327
AWT,bird,awt17,184,BRT,tgb,0.7605587644914178,0.4384552896225474,0.3029411764705882,0.8211901651651651,0.7504907171157116,0.6737807910965075,6.192615032196045
AWT,bird,awt18,242,GLM,random,0.5660709791089857,0.12662043678301654,0.40294117647058825,0.7557517006802721,0.6081895845242893,0.5222227485808346,15.817967653274536
AWT,bird,awt18,242,GLM,tgb,0.678904030779188,0.31990014640647035,0.40294117647058825,0.5435480867346938,0.4582495248812787,0.6006064984629991,1.1356422901153564
AWT,bird,awt18,242,BRT,random,0.6072417388802992,0.17554354883174356,0.40294117647058825,0.8222614158163266,0.6670111907900373,0.5525548485359175,15.187172412872314
AWT,bird,awt18,242,BRT,tgb,0.7128114774729424,0.3661234373867393,0.40294117647058825,0.6367184311224491,0.567316136705737,0.6157117815479146,6.21384072303772
AWT,bird,awt19,78,GLM,random,0.6899343297101449,0.2739130607600953,0.18823529411764706,0.9065625,0.801942923156008,0.6931835574776751,10.433495998382568
AWT,bird,awt19,78,GLM,tgb,0.7128057065217391,0.293813604014609,0.18823529411764706,0.8645349999999998,0.8159573034468707,0.7561824296530179,0.9544689655303955
AWT,bird,awt19,78,BRT,random,0.6364356884057971,0.12591566573865376,0.18823529411764706,0.9154295833333335,0.8491305969569968,0.764094548271019,14.750154972076416
AWT,bird,awt19,78,BRT,tgb,0.6809329710144927,0.19984902147068542,0.18823529411764706,0.8823895833333333,0.8397674638256284,0.8081290933055639,5.8372642993927
AWT,bird,awt20,104,GLM,random,0.5390865384615384,0.06329325197338707,0.23529411764705882,0.7089380952380953,0.6530266481755644,0.5075167568901975,13.082163572311401
AWT,bird,awt20,104,GLM,tgb,0.625,0.17351583929585593,0.23529411764705882,0.5186766666666667,0.5363266740774617,0.511251807611517,1.0723507404327393
AWT,bird,awt20,104,BRT,random,0.5263942307692309,0.015164466254944413,0.23529411764705882,0.7704311904761905,0.6344536055675807,0.4974539992191815,15.506650924682617
AWT,bird,awt20,104,BRT,tgb,0.6001442307692307,0.07922000881288932,0.23529411764705882,0.590322619047619,0.5550982194034942,0.5393495913829449,6.494223594665527
AWT,plant,awt21,17,GLM,random,0.6176829268292683,0.2608664185756545,0.19607843137254902,0.9290416666666665,0.8748560140988401,0.8484841415008648,4.816422700881958
AWT,plant,awt21,17,GLM,tgb,0.5817073170731707,0.23793999220003964,0.19607843137254902,0.8774749999999999,0.7904888900313018,0.7821841712376357,0.5059542655944824
AWT,plant,awt21,17,BRT,random,0.5054878048780488,0.2759705053862074,0.19607843137254902,0.9403333333333332,0.6794377702566661,0.5633518777896256,12.32768988609314
AWT,plant,awt21,17,BRT,tgb,0.672560975609756,0.37221179502567,0.19607843137254902,0.8568333333333333,0.6164308969216753,0.7305679714238468,3.453233003616333
AWT,plant,awt22,9,GLM,random,0.7018006148440932,0.29414149579196214,0.3235294117647059,0.7441500000000001,0.7539946704558087,0.7448223299995271,5.3264970779418945
AWT,plant,awt22,9,GLM,tgb,0.6750109793588055,0.2844192622291613,0.3235294117647059,0.58755,0.718548020021642,0.7464519198940748,0.5818395614624023
AWT,plant,awt22,9,BRT,random,0.5404040404040404,0.19351062919885595,0.3235294117647059,0.705825,0.7610423806879794,0.7570167310966094,13.34644603729248
AWT,plant,awt22,9,BRT,tgb,0.7740447957839263,0.19978186375019666,0.3235294117647059,0.73155,0.6734355747757701,0.7083965071877807,4.1432459354400635
AWT,plant,awt23,56,GLM,random,0.6098615916955017,0.14348860217731652,0.3333333333333333,0.7423424242424244,0.7495002302229823,0.551228098416924,9.861619472503662
AWT,plant,awt23,56,GLM,tgb,0.5717993079584776,0.09874428327507466,0.3333333333333333,0.5549575757575756,0.5467362987033002,0.5233698583593227,0.849189281463623
AWT,plant,awt23,56,BRT,random,0.5800173010380623,0.11765080388960472,0.3333333333333333,0.7551386363636363,0.7878309316662558,0.6066457999084514,16.071707487106323
AWT,plant,awt23,56,BRT,tgb,0.5190311418685122,0.21003709463859044,0.3333333333333333,0.5502636363636364,0.6011695707981886,0.543931319383696,5.457844972610474
AWT,plant,awt24,10,GLM,random,0.5407407407407406,0.1043653725583059,0.2647058823529412,0.5919000000000001,0.576056877069361,0.38615888526532677,5.7565016746521
AWT,plant,awt24,10,GLM,tgb,0.5437037037037037,0.052697703357443185,0.2647058823529412,0.55925,0.49658770899426097,0.3903602005919366,0.5557675361633301
AWT,plant,awt24,10,BRT,random,0.5965432098765432,0.006974370476061342,0.2647058823529412,0.598625,0.6147295743055579,0.5638766229987755,14.014833450317383
AWT,plant,awt24,10,BRT,tgb,0.5698765432098766,0.015683990715389666,0.2647058823529412,0.565275,0.5941511078472475,0.6252233235073966,4.66939115524292
AWT,plant,awt25,12,GLM,random,0.7110042735042735,0.2094376939100574,0.23529411764705882,0.8041666666666666,0.7737598435758981,0.6295021072981599,4.3066933155059814
AWT,plant,awt25,12,GLM,tgb,0.7681623931623931,0.4432573449904189,0.23529411764705882,0.7006666666666665,0.6049872794815591,0.5494856934001671,0.6426174640655518
AWT,plant,awt25,12,BRT,random,0.5763888888888888,-0.03977553215552656,0.23529411764705882,0.7849833333333333,0.6619869775643888,0.5629960317460317,13.748294830322266
AWT,plant,awt25,12,BRT,tgb,0.7719017094017094,0.37790096215524427,0.23529411764705882,0.5663499999999999,0.6324350805020307,0.6844468275389327,3.802248954772949
AWT,plant,awt26,34,GLM,random,0.6693313953488372,0.21161944248946749,0.1568627450980392,0.8010833333333334,0.6654905921288483,0.5260917403474057,7.010355234146118
AWT,plant,awt26,34,GLM,tgb,0.659156976744186,0.23708877035584616,0.1568627450980392,0.7736357142857143,0.6367214127529307,0.5367795985756448,0.6839039325714111
AWT,plant,awt26,34,BRT,random,0.6518895348837209,0.25218171143060697,0.1568627450980392,0.7549678571428572,0.6141468061770547,0.45501572238433374,13.981054544448853
AWT,plant,awt26,34,BRT,tgb,0.657703488372093,0.20596084732879905,0.1568627450980392,0.6080059523809525,0.5451090510920645,0.4745075566242393,4.090129613876343
AWT,plant,awt27,41,GLM,random,0.6770370370370371,0.23311105385313485,0.2647058823529412,0.8204930555555556,0.8305973392953533,0.6706667504502286,8.612048149108887
AWT,plant,awt27,41,GLM,tgb,0.6148148148148148,0.1976815972696508,0.2647058823529412,0.7200986111111111,0.7650687077280127,0.6602241016348265,0.7578372955322266
AWT,plant,awt27,41,BRT,random,0.7002469135802469,0.2045331661606361,0.2647058823529412,0.7974173611111111,0.8198775106384169,0.7050491478313422,13.796783447265625
AWT,plant,awt27,41,BRT,tgb,0.72,0.31079148354143304,0.2647058823529412,0.6674402777777778,0.7430553386804091,0.6561292353103039,4.539078950881958
AWT,plant,awt28,31,GLM,random,0.8238636363636364,0.41832276171134014,0.13725490196078433,0.8562714285714286,0.7801799897797261,0.6184702860576381,6.978969097137451
AWT,plant,awt28,31,GLM,tgb,0.7662337662337663,0.31513735047357355,0.13725490196078433,0.8236642857142857,0.7330292259720487,0.6126776509573588,0.6360862255096436
AWT,plant,awt28,31,BRT,random,0.7751623376623376,0.3179515200834209,0.13725490196078433,0.851852380952381,0.7971005449419355,0.6106196560718009,13.083499908447266
AWT,plant,awt28,31,BRT,tgb,0.7150974025974026,0.29650968175726683,0.13725490196078433,0.7585952380952381,0.7274776917564841,0.5863482413489705,4.1772301197052
AWT,plant,awt29,44,GLM,random,0.6988505747126438,0.2024764084096477,0.14705882352941177,0.8771513888888889,0.8662914218353244,0.6585664193275025,7.268236875534058
AWT,plant,awt29,44,GLM,tgb,0.6950191570881226,0.24666589253370574,0.14705882352941177,0.8290902777777778,0.8389251022609251,0.674996098981001,0.6567180156707764
AWT,plant,awt29,44,BRT,random,0.8099616858237548,0.09603655477807876,0.14705882352941177,0.8410486111111112,0.8312505834308066,0.6856994832891935,13.635007381439209
AWT,plant,awt29,44,BRT,tgb,0.7172413793103448,0.2960314691401169,0.14705882352941177,0.7639541666666666,0.7826050524429923,0.6889605608056539,4.438447713851929
AWT,plant,awt30,66,GLM,random,0.6583223539745279,0.23857785852884042,0.3235294117647059,0.754834065934066,0.7264358454947932,0.4465888464960271,8.675915479660034
AWT,plant,awt30,66,GLM,tgb,0.7426438296003514,0.38965234330151255,0.3235294117647059,0.5778972527472528,0.5885196941209132,0.4102567830695946,0.6907308101654053
AWT,plant,awt30,66,BRT,random,0.5270092226613966,0.0771880748070627,0.3235294117647059,0.7533590659340659,0.729892363836377,0.446417347932314,13.88197922706604
AWT,plant,awt30,66,BRT,tgb,0.5094422485726833,0.04544741537100557,0.3235294117647059,0.5656596153846154,0.4652510757105306,0.400960574307761,5.066481590270996
AWT,plant,awt31,14,GLM,random,0.6693548387096774,0.22244529825156564,0.6078431372549019,0.7792166666666668,0.6871738056123942,0.6667629059459554,5.112847089767456
AWT,plant,awt31,14,GLM,tgb,0.7012096774193548,0.254672369916442,0.6078431372549019,0.6670833333333334,0.6953498658938304,0.6630810551412787,0.5132937431335449
AWT,plant,awt31,14,BRT,random,0.6048387096774193,0.0919391609829378,0.6078431372549019,0.6185,0.5869208212782785,0.5680230709473927,11.798425912857056
AWT,plant,awt31,14,BRT,tgb,0.6431451612903226,0.16485540594486342,0.6078431372549019,0.5899166666666666,0.6049680469136698,0.5431684984680416,3.7098426818847656
AWT,plant,awt32,74,GLM,random,0.6061912225705329,0.16729037439610497,0.43137254901960786,0.7952400000000001,0.7462155189525737,0.47450013053467,7.973504066467285
AWT,plant,awt32,74,GLM,tgb,0.5466300940438872,0.07219469097302905,0.43137254901960786,0.6670985714285714,0.6001044647838238,0.5303671372725292,0.6985571384429932
AWT,plant,awt32,74,BRT,random,0.6332288401253918,0.09173455571445997,0.43137254901960786,0.7897390476190476,0.7151200620464102,0.5430324395681232,13.828595638275146
AWT,plant,awt32,74,BRT,tgb,0.6152037617554859,0.18535631990991241,0.43137254901960786,0.6133742857142856,0.5820136453930098,0.527993569748647,5.0913310050964355
AWT,plant,awt33,18,GLM,random,0.6196581196581197,0.12984580843810054,0.23529411764705882,0.7056083333333334,0.7849743226035526,0.6818326508648132,3.886920690536499
AWT,plant,awt33,18,GLM,tgb,0.7889957264957266,0.407098360197973,0.23529411764705882,0.4598750000000001,0.4771697639580322,0.6922173305829913,0.5798914432525635
AWT,plant,awt33,18,BRT,random,0.5913461538461539,0.12619376664300996,0.23529411764705882,0.6681666666666667,0.6828896662544365,0.5934104494200982,13.843182563781738
AWT,plant,awt33,18,BRT,tgb,0.7900641025641025,0.25701261612610377,0.23529411764705882,0.6079916666666666,0.5976373200099718,0.6766436325508567,4.627500772476196
AWT,plant,awt34,28,GLM,random,0.8812260536398467,0.489461675023964,0.14705882352941177,0.8720600000000001,0.7556213979592344,0.7290579696598302,3.976867198944092
AWT,plant,awt34,28,GLM,tgb,0.846743295019157,0.44516475838169517,0.14705882352941177,0.7403233333333333,0.6313894099255767,0.7190078285614362,0.46290016174316406
AWT,plant,awt34,28,BRT,random,0.9042145593869731,0.09493801845162321,0.14705882352941177,0.90213,0.8405111698899658,0.7737031484529157,11.262869119644165
AWT,plant,awt34,28,BRT,tgb,0.9019157088122606,0.30686976307955927,0.14705882352941177,0.8807599999999999,0.7992152866772733,0.7395801836148556,3.3819804191589355
AWT,plant,awt35,44,GLM,random,0.666923076923077,0.18836661407796945,0.5098039215686274,0.7134847222222221,0.717617307564365,0.4773633114213348,8.20933198928833
AWT,plant,awt35,44,GLM,tgb,0.41923076923076924,-0.1812473382045838,0.5098039215686274,0.39084861111111113,0.39373111445631265,0.44340723002230364,0.73459792137146
AWT,plant,awt35,44,BRT,random,0.6407692307692308,0.018971861288857163,0.5098039215686274,0.7602986111111112,0.7123340360899633,0.5251771474627058,11.060559511184692
AWT,plant,awt35,44,BRT,tgb,0.658076923076923,0.2183220235998972,0.5098039215686274,0.5832583333333333,0.5361354325453421,0.5014407557333272,2.8968889713287354
AWT,plant,awt36,56,GLM,random,0.5024990388312188,-0.05845858515471961,0.5,0.8252469696969695,0.7061301562620985,0.5402677050591684,7.891028165817261
AWT,plant,awt36,56,GLM,tgb,0.586312956555171,0.13562345695526357,0.5,0.605030303030303,0.5409009131987115,0.5365691280264451,0.7738995552062988
AWT,plant,awt36,56,BRT,random,0.4532871972318339,-0.15383505350804144,0.5,0.7837318181818181,0.6938441505321468,0.5177280893902845,11.07297158241272
AWT,plant,awt36,56,BRT,tgb,0.5697808535178777,0.15283405547906662,0.5,0.5668227272727273,0.4767766319923597,0.5188849244251683,2.900470733642578
AWT,plant,awt37,28,GLM,random,0.871252204585538,0.5077074050956283,0.20588235294117646,0.87828,0.7522003343300524,0.6970271610896611,5.064789533615112
AWT,plant,awt37,28,GLM,tgb,0.8271604938271605,0.4671861589282763,0.20588235294117646,0.80497,0.723510153083089,0.7039385367510368,0.5926387310028076
AWT,plant,awt37,28,BRT,random,0.7895355673133451,0.4770714479767666,0.20588235294117646,0.8153599999999999,0.7277803826175635,0.6396103692978693,9.440810203552246
AWT,plant,awt37,28,BRT,tgb,0.8547912992357437,0.43155153079178854,0.20588235294117646,0.7939466666666666,0.6999918691356992,0.6687515640640641,2.473538398742676
AWT,plant,awt38,42,GLM,random,0.7601744186046512,0.35786276281695184,0.1568627450980392,0.7621416666666667,0.7255739240466613,0.47090585100504195,8.139288187026978
AWT,plant,awt38,42,GLM,tgb,0.7180232558139534,0.27257360385371987,0.1568627450980392,0.6284430555555556,0.5371716846931127,0.38017583719768183,0.7220079898834229
AWT,plant,awt38,42,BRT,random,0.7965116279069768,0.17633276118297903,0.1568627450980392,0.7409250000000001,0.7382114352663102,0.5051269470012189,10.351274251937866
AWT,plant,awt38,42,BRT,tgb,0.7848837209302326,0.08170226297655785,0.1568627450980392,0.6337347222222222,0.6247028725274204,0.5102792845234593,2.6395394802093506
AWT,plant,awt39,20,GLM,random,0.6482142857142857,0.21934745856641652,0.3137254901960784,0.67675,0.6682694927144442,0.4565711951657234,5.457899332046509
AWT,plant,awt39,20,GLM,tgb,0.6933035714285715,0.31162832128156626,0.3137254901960784,0.62525,0.6515424556080401,0.4536115140060826,0.48953962326049805
AWT,plant,awt39,20,BRT,random,0.7308035714285714,0.24345108640966684,0.3137254901960784,0.6922499999999999,0.7146986023268156,0.49405492870040596,9.674342632293701
AWT,plant,awt39,20,BRT,tgb,0.7080357142857143,0.31085605969350677,0.3137254901960784,0.57535,0.6546439927312784,0.60045587761246,2.2423460483551025
AWT,plant,awt40,57,GLM,random,0.8093983311374615,0.49805590874698363,0.3235294117647059,0.7584878787878788,0.7351632039708674,0.43085967669154907,6.647358179092407
AWT,plant,awt40,57,GLM,tgb,0.722880983750549,0.35433788663660065,0.3235294117647059,0.5961189393939395,0.5950590854917259,0.42533692403584344,0.5142412185668945
AWT,plant,awt40,57,BRT,random,0.7856829161176988,0.25573511304340923,0.3235294117647059,0.7806965909090909,0.7069000278389705,0.4246861614185183,8.968340396881104
AWT,plant,awt40,57,BRT,tgb,0.7369345630215196,0.25045223593114363,0.3235294117647059,0.6343511363636363,0.53028820176884,0.3925254593944031,2.105616331100464
CAN,bird,can01,16,GLM,random,0.7038868491979517,0.057481035590373944,0.015784777983666187,0.6246083333333334,0.5497851327631089,0.5481784934335244,8.284997701644897
CAN,bird,can01,16,GLM,tgb,0.8670402282297941,0.2027689326819807,0.015784777983666187,0.4673916666666667,0.38610774928206826,0.5953232436781198,1.7893102169036865
CAN,bird,can01,16,BRT,random,0.5630792528566622,0.000706240228867016,0.015784777983666187,0.6892083333333333,0.6210254679603842,0.5572550244446528,4.954056978225708
CAN,bird,can01,16,BRT,tgb,0.7990131668702989,0.04966138147952641,0.015784777983666187,0.3660916666666666,0.330091491355349,0.5677262446445883,3.4437057971954346
CAN,bird,can02,740,GLM,random,0.703026845574861,0.28240877445264134,0.18406423718344658,0.9832371621621622,0.8864075117024335,0.6302365470214679,11.481142282485962
CAN,bird,can02,740,GLM,tgb,0.7063993286395305,0.2784232059929288,0.18406423718344658,0.9726520270270269,0.8165910567256637,0.5910859529921758,0.7643535137176514
CAN,bird,can02,740,BRT,random,0.6986796805323716,0.25762756464626196,0.18406423718344658,0.9851608108108107,0.8353539254442686,0.6240287434332913,4.880984783172607
CAN,bird,can02,740,BRT,tgb,0.7067289216201894,0.2671086473260335,0.18406423718344658,0.9748581081081081,0.8186924354901024,0.6004133992026902,4.197392463684082
CAN,bird,can03,165,GLM,random,0.5182245135090002,0.004000383278415988,0.04824651705442317,0.900569696969697,0.7900527810982888,0.5304684356519827,10.81371784210205
CAN,bird,can03,165,GLM,tgb,0.6131655979298412,0.0889390672409745,0.04824651705442317,0.5696878787878787,0.614048235273132,0.6270858744034593,0.8981564044952393
CAN,bird,can03,165,BRT,random,0.5143324521673769,0.011254067983698254,0.04824651705442317,0.9039212121212122,0.7622727683293224,0.5072818158361418,5.296966791152954
CAN,bird,can03,165,BRT,tgb,0.6282107749514729,0.09150133591343963,0.04824651705442317,0.5400303030303031,0.47795768444446346,0.5971169242479737,4.5546698570251465
CAN,bird,can04,42,GLM,random,0.5008602530230584,0.00010296440195432105,0.06087433944135612,0.9556479166666666,0.881669486270926,0.748681213261323,9.763355493545532
CAN,bird,can04,42,GLM,tgb,0.6262427387444153,0.10885611082630385,0.06087433944135612,0.9367076388888889,0.8705894740670658,0.7325512747883874,0.674436092376709
CAN,bird,can04,42,BRT,random,0.5441942992861585,0.07192714281419475,0.06087433944135612,0.9496729166666666,0.8644684284479055,0.6929717787201467,4.752892017364502
CAN,bird,can04,42,BRT,tgb,0.6435727816157712,0.1032850419606552,0.06087433944135612,0.9009020833333334,0.853025246129015,0.663078704292704,3.9538793563842773
CAN,bird,can05,138,GLM,random,0.6267808222127487,0.10218431829370202,0.05806053119209389,0.9582988095238095,0.8123961228616476,0.5584940192328075,10.557311773300171
CAN,bird,can05,138,GLM,tgb,0.5903854848919377,0.08147018211751791,0.05806053119209389,0.8995723544973544,0.752232793364507,0.5097633478628169,0.7295207977294922
CAN,bird,can05,138,BRT,random,0.6287012276780909,0.09441122208435154,0.05806053119209389,0.9650392857142857,0.7878029275268775,0.5559410224735805,5.026078462600708
CAN,bird,can05,138,BRT,tgb,0.6119028795101344,0.09623406814328152,0.05806053119209389,0.9120604497354498,0.7084835871894531,0.5546687095837588,4.20277738571167
CAN,bird,can06,27,GLM,random,0.8874325170835423,0.1010297846081048,0.003637361883192643,0.9897533333333334,0.8961204047919966,0.7382128744079884,8.548367738723755
CAN,bird,can06,27,GLM,tgb,0.8822145313430043,0.102942623459856,0.003637361883192643,0.9848866666666668,0.7043116749528544,0.6660225105619413,1.070204734802246
CAN,bird,can06,27,BRT,random,0.9043224156349827,0.12319019567184153,0.003637361883192643,0.9894399999999999,0.9096667650111568,0.7019552254737863,3.2477543354034424
CAN,bird,can06,27,BRT,tgb,0.9062068687666839,0.11586024890452253,0.003637361883192643,0.97698,0.8000440556736133,0.6406769649608928,2.154913902282715
CAN,bird,can07,221,GLM,random,0.6445120847775715,0.0816645321151159,0.02285361334156887,0.9795686868686868,0.9115468200976021,0.6336037012930771,10.595420122146606
CAN,bird,can07,221,GLM,tgb,0.6677352658178617,0.08697767487809124,0.02285361334156887,0.9713142424242426,0.8604262845099283,0.5833996547158685,0.7185318470001221
CAN,bird,can07,221,BRT,random,0.6832866368264598,0.08262310721741001,0.02285361334156887,0.9832174747474749,0.8845970619766804,0.6741286592094705,4.833491563796997
CAN,bird,can07,221,BRT,tgb,0.7047408765697851,0.0997598234954809,0.02285361334156887,0.972695505050505,0.8791908689268528,0.6399893107909693,3.9050674438476562
CAN,bird,can08,322,GLM,random,0.5343471080752845,0.061386531335425175,0.1784366206849221,0.9748879326923078,0.8682783142539335,0.5614794656155954,10.858529567718506
CAN,bird,can08,322,GLM,tgb,0.548597170726692,0.07940008642625292,0.1784366206849221,0.9562695673076924,0.7455294995435156,0.5038934246637601,0.6892058849334717
CAN,bird,can08,322,BRT,random,0.5361696053925191,0.03885132914432052,0.1784366206849221,0.9770555288461539,0.8366438612619597,0.5560636500489747,4.855821132659912
CAN,bird,can08,322,BRT,tgb,0.5483077051592631,0.05917907435397913,0.1784366206849221,0.9585720673076924,0.7826719812256525,0.5367742782578782,4.016523599624634
CAN,bird,can09,119,GLM,random,0.6893056175335448,0.07176831734694827,0.011186603527554732,0.9794317028985506,0.9068771357987556,0.6926383002607549,1.3393619060516357
CAN,bird,can09,119,GLM,tgb,0.7636078116111362,0.09850361960266213,0.011186603527554732,0.9675164855072463,0.8693550548548167,0.6151608571872702,0.5218930244445801
CAN,bird,can09,119,BRT,random,0.7505824984756253,0.0847387372205303,0.011186603527554732,0.9811188405797102,0.9014401395145024,0.7386078935644702,6.750087022781372
CAN,bird,can09,119,BRT,tgb,0.7878138593760113,0.11823038068534088,0.011186603527554732,0.9690384057971014,0.8647858515997207,0.7054229141770396,4.332401275634766
CAN,bird,can10,234,GLM,random,0.6928574857831452,0.20415948895129238,0.08585546633724521,0.976986170212766,0.9012714432752682,0.6637976624444522,2.6022982597351074
CAN,bird,can10,234,GLM,tgb,0.7155547033844396,0.2135411945219578,0.08585546633724521,0.9664020814061056,0.8857715906804936,0.6674014703049538,1.4079928398132324
CAN,bird,can10,234,BRT,random,0.6794542144062526,0.15430219642005963,0.08585546633724521,0.9751269657724329,0.7667343371004026,0.5714518334438939,6.61298131942749
CAN,bird,can10,234,BRT,tgb,0.703117536001229,0.17624469590433758,0.08585546633724521,0.9625143848288621,0.7821393344360483,0.5902923187065691,3.8837788105010986
CAN,bird,can11,478,GLM,random,0.5843118134037546,0.1604139791153157,0.30965616635783405,0.9657625986842104,0.8628402833046097,0.5808960899307791,4.27988076210022
CAN,bird,can11,478,GLM,tgb,0.5709763305187339,0.11306820245754591,0.30965616635783405,0.8685290350877194,0.7166471468877886,0.5477528373842644,1.6631972789764404
CAN,bird,can11,478,BRT,random,0.5834824645407697,0.13210257091319527,0.30965616635783405,0.9694934649122807,0.8083290304286912,0.552770523717464,6.303813219070435
CAN,bird,can11,478,BRT,tgb,0.5581237256040426,0.08117496269411076,0.30965616635783405,0.888387423245614,0.5958926661590873,0.5671966063275826,3.887310028076172
CAN,bird,can12,312,GLM,random,0.5474496860710651,0.043902357306871115,0.14034726511564066,0.8562519969278034,0.7376753505709839,0.5060375556673689,4.606516599655151
CAN,bird,can12,312,GLM,tgb,0.8266038522513757,0.3982954792420272,0.14034726511564066,0.4174376088069637,0.45397107241191537,0.668995652510253,1.3862671852111816
CAN,bird,can12,312,BRT,random,0.5592174243344016,0.08001266124628909,0.14034726511564066,0.8890336661546339,0.7767563130176217,0.5378393079168928,6.126498222351074
CAN,bird,can12,312,BRT,tgb,0.8251016272461349,0.41065821349374243,0.14034726511564066,0.4096423707117255,0.3961649901852057,0.6736445760352787,4.080486536026001
CAN,bird,can13,39,GLM,random,0.3556750800927483,-0.11547393036120858,0.0504426600782376,0.7783357142857144,0.6230473083349262,0.4452397210648278,3.0756912231445312
CAN,bird,can13,39,GLM,tgb,0.536715862985842,0.049788880447552475,0.0504426600782376,0.4310375000000001,0.3997991726032744,0.48534689024493155,1.0919885635375977
CAN,bird,can13,39,BRT,random,0.43117771248424197,-0.031833660852986334,0.0504426600782376,0.8679732142857143,0.6588008171093676,0.4682204076279918,6.645726919174194
CAN,bird,can13,39,BRT,tgb,0.588307589586861,0.05735487125702954,0.0504426600782376,0.4853875,0.4161325680235558,0.5631493726360042,4.181344270706177
CAN,bird,can14,18,GLM,random,0.506882630019053,0.0036879856939412148,0.027451787797680323,0.7270083333333334,0.3797625411656951,0.2969377851765424,2.2379541397094727
CAN,bird,can14,18,GLM,tgb,0.7783975195822455,0.20345275152957787,0.027451787797680323,0.595075,0.4323475801888679,0.4809578828208628,1.101924180984497
CAN,bird,can14,18,BRT,random,0.5105954943193847,0.011553865071619464,0.027451787797680323,0.7744833333333333,0.5561426266849192,0.4361023440830937,5.953474521636963
CAN,bird,can14,18,BRT,tgb,0.7777493649001481,0.07938730989774453,0.027451787797680323,0.5217833333333333,0.4761017895778741,0.5942235118550235,3.6283795833587646
CAN,bird,can15,721,GLM,random,0.6655739671568844,0.23256028191738123,0.20760414521995746,0.9490774329501915,0.8278751020773465,0.5087987069057296,4.553102731704712
CAN,bird,can15,721,GLM,tgb,0.5894135566966772,0.12343681610400918,0.20760414521995746,0.8152998036398469,0.7390835222286404,0.514040733957497,1.1417241096496582
CAN,bird,can15,721,BRT,random,0.656108730725678,0.22471912767679791,0.20760414521995746,0.9581153591954024,0.8337340601462019,0.5276085320438467,6.196699857711792
CAN,bird,can15,721,BRT,tgb,0.5737916462071226,0.11079745736015481,0.20760414521995746,0.8586024473180076,0.7228996588241563,0.5214895841489998,3.9379723072052
CAN,bird,can16,57,GLM,random,0.4431324341004045,-0.03018885084508551,0.021686912360167458,0.7656015151515152,0.6390922689516196,0.4961253526927055,3.08358097076416
CAN,bird,can16,57,GLM,tgb,0.7539449848820534,0.13987731569872214,0.021686912360167458,0.47240984848484846,0.45502850040046106,0.56729595973147,0.9968733787536621
CAN,bird,can16,57,BRT,random,0.48483832010975497,0.01181245378971673,0.021686912360167458,0.8558719696969697,0.6862054017860759,0.50676006507668,6.527409791946411
CAN,bird,can16,57,BRT,tgb,0.7054162652233948,0.08587737443375523,0.021686912360167458,0.5225,0.4687989824177792,0.6390466698360833,4.3000006675720215
CAN,bird,can17,313,GLM,random,0.46108999027447733,-0.05411978015458753,0.18928007686500584,0.9212085765488991,0.7926746705471305,0.4829622266396689,2.236830472946167
CAN,bird,can17,313,GLM,tgb,0.731887526107071,0.30273907351376,0.18928007686500584,0.7383992575524833,0.6309654392211108,0.4872526905992588,1.1206080913543701
CAN,bird,can17,313,BRT,random,0.4949846922617608,-0.007908144437854758,0.18928007686500584,0.9370218637992831,0.7828614606078967,0.5128138572833847,6.0201170444488525
CAN,bird,can17,313,BRT,tgb,0.7065159007047643,0.28066347520366497,0.18928007686500584,0.7377225806451613,0.6383000983478126,0.5434227865499643,2.651703119277954
CAN,bird,can18,612,GLM,random,0.7556570550998448,0.23209563318969123,0.08125729188113376,0.9713639011062242,0.851596573641064,0.6261620739705925,2.577418088912964
CAN,bird,can18,612,GLM,tgb,0.7305024956139377,0.22642426773534705,0.08125729188113376,0.9413429028388645,0.7603421030463184,0.5991931187306346,1.128695011138916
CAN,bird,can18,612,BRT,random,0.7393596033566248,0.22696758428255331,0.08125729188113376,0.9735263361322138,0.8667290811886504,0.6346561497845185,4.19840931892395
CAN,bird,can18,612,BRT,tgb,0.738636489817673,0.23391811480379426,0.08125729188113376,0.943599600159936,0.8054322907112448,0.6184069990923047,2.5630688667297363
CAN,bird,can19,109,GLM,random,0.5291110996539952,0.008038162729388315,0.0016471072678608193,0.9666673160173159,0.77636997871203,0.5004978790335972,2.056058645248413
CAN,bird,can19,109,GLM,tgb,0.556768577713618,0.006124195226730094,0.0016471072678608193,0.908464935064935,0.6739835818617423,0.46808649292121157,0.789506196975708
CAN,bird,can19,109,BRT,random,0.5440798217272749,-0.0016481577930584795,0.0016471072678608193,0.9679664502164502,0.8625956643500196,0.5960690349175916,3.9909160137176514
CAN,bird,can19,109,BRT,tgb,0.596699491304049,0.010789757875018555,0.0016471072678608193,0.919990909090909,0.7781555160915538,0.5925481902025149,2.5811917781829834
CAN,bird,can20,380,GLM,random,0.6058034603920895,0.0671817058011598,0.061286116258321324,0.9140881578947369,0.8225751628965522,0.6125551219627788,2.0630433559417725
CAN,bird,can20,380,GLM,tgb,0.7543838226416015,0.21386700076031573,0.061286116258321324,0.7026631578947369,0.6296829583586094,0.6399880777601755,0.6797385215759277
CAN,bird,can20,380,BRT,random,0.6424246225005228,0.11065474492019911,0.061286116258321324,0.9297539473684212,0.8226290578623553,0.624281354885419,4.201693773269653
CAN,bird,can20,380,BRT,tgb,0.7762995791707104,0.23359415888524382,0.061286116258321324,0.7034605263157895,0.650823877576763,0.6600735450464819,2.507634162902832
NSW,ba,nsw01,26,GLM,random,0.6782592592592592,0.2028914583477541,0.21052631578947367,0.8902599999999999,0.8907544858813788,0.7599379669294923,3.2346243858337402
NSW,ba,nsw01,26,GLM,tgb,0.6807037037037037,0.22899799790402778,0.21052631578947367,0.79787,0.718343211859897,0.7133792186052074,0.27231574058532715
NSW,ba,nsw01,26,BRT,random,0.5583703703703704,0.05169554783929611,0.21052631578947367,0.8969733333333334,0.8770702122691758,0.7412373617175877,5.4419472217559814
NSW,ba,nsw01,26,BRT,tgb,0.717888888888889,0.21422061581767893,0.21052631578947367,0.8616733333333334,0.7428030693373744,0.7562941923111414,1.2877228260040283
NSW,ba,nsw02,6,GLM,random,0.6051811654011225,0.14719198717471366,0.1824561403508772,0.7020500000000001,0.5699865616635316,0.45222222222222225,2.325443983078003
NSW,ba,nsw02,6,GLM,tgb,0.6477488445031364,0.2715826640347611,0.1824561403508772,0.6547499999999999,0.5937809817955804,0.6574074074074074,0.2504251003265381
NSW,ba,nsw02,6,BRT,random,0.5780166721690327,0.024186629172091315,0.1824561403508772,0.8278000000000001,0.7848110197242061,0.7459259259259259,3.65830135345459
NSW,ba,nsw02,6,BRT,tgb,0.6035304555959062,0.15444256968741574,0.1824561403508772,0.68555,0.6371067445436428,0.784074074074074,1.971043348312378
NSW,ba,nsw03,12,GLM,random,0.7046578194119177,0.12037697672715655,0.03684210526315789,0.8525166666666667,0.7097960592833715,0.7018681318681318,2.380019187927246
NSW,ba,nsw03,12,GLM,tgb,0.7115968427443837,0.16285834973897748,0.03684210526315789,0.7946666666666667,0.7144456240290006,0.7033699633699634,0.24451375007629395
NSW,ba,nsw03,12,BRT,random,0.6017000607164542,0.033234152373274484,0.03684210526315789,0.8790333333333333,0.8150688638997806,0.6705494505494505,3.8786849975585938
NSW,ba,nsw03,12,BRT,tgb,0.691213461705265,0.0500534192790327,0.03684210526315789,0.7933999999999999,0.6858610391852236,0.7785714285714285,2.440364122390747
NSW,ba,nsw04,49,GLM,random,0.8052568697729988,0.15671241707019304,0.021052631578947368,0.9360933333333332,0.9236158941826341,0.7857126827078821,3.134037494659424
NSW,ba,nsw04,49,GLM,tgb,0.7955495818399044,0.16256507330695233,0.021052631578947368,0.8209466666666666,0.7666289918867598,0.8564896668813301,0.26735472679138184
NSW,ba,nsw04,49,BRT,random,0.8437873357228195,0.1757323632104635,0.021052631578947368,0.9681811111111113,0.862828413602624,0.666099759967215,4.318224668502808
NSW,ba,nsw04,49,BRT,tgb,0.8790322580645161,0.22184411611104723,0.021052631578947368,0.9113222222222224,0.7719493030381495,0.6797406475030735,1.8549578189849854
NSW,ba,nsw05,22,GLM,random,0.5349999999999999,0.05661482038222026,0.07017543859649122,0.7599500000000001,0.6131883838795187,0.5141005291005292,3.0926201343536377
NSW,ba,nsw05,22,GLM,tgb,0.5868396226415095,0.11181582507089988,0.07017543859649122,0.76625,0.7029763305075329,0.6337962962962963,0.29340076446533203
NSW,ba,nsw05,22,BRT,random,0.432311320754717,-0.023609022841601417,0.07017543859649122,0.70985,0.6525697537864952,0.44917989417989423,6.709240198135376
NSW,ba,nsw05,22,BRT,tgb,0.5610377358490566,0.04598175256124518,0.07017543859649122,0.465505,0.41924803366535224,0.6276851851851852,1.686234712600708
NSW,ba,nsw06,44,GLM,random,0.4718993459150939,-0.0364996024530722,0.33157894736842103,0.8097666666666667,0.6881438639498322,0.4963579403053087,3.441490650177002
NSW,ba,nsw06,44,GLM,tgb,0.494840922662445,0.03036319647166659,0.33157894736842103,0.6166027777777778,0.5488972616879736,0.662021189336979,0.2652299404144287
NSW,ba,nsw06,44,BRT,random,0.479565054368204,-0.06558695119421525,0.33157894736842103,0.916563888888889,0.7488362405846587,0.6115988835725679,6.6611785888671875
NSW,ba,nsw06,44,BRT,tgb,0.5378216611812413,0.06110122610987159,0.33157894736842103,0.8077736111111111,0.6042799586754746,0.6152540442014127,1.7110793590545654
NSW,ba,nsw07,28,GLM,random,0.7351797442101625,0.23060277992586545,0.07719298245614035,0.9111866666666666,0.8958418172449096,0.7803259845679327,3.2445974349975586
NSW,ba,nsw07,28,GLM,tgb,0.7692706533010716,0.2764621820347019,0.07719298245614035,0.8456400000000001,0.812588398863816,0.6977440208390719,0.24475908279418945
NSW,ba,nsw07,28,BRT,random,0.7017801590044938,0.2761518819538696,0.07719298245614035,0.8619433333333333,0.7360559064504544,0.6174046462832795,6.545763969421387
NSW,ba,nsw07,28,BRT,tgb,0.7786467334946422,0.2940466706335358,0.07719298245614035,0.7915166666666666,0.6470911637271637,0.655668938288734,1.605623722076416
NSW,db,nsw08,129,GLM,random,0.85,0.2435771906074246,0.02849002849002849,0.924592,0.8058335074715997,0.7086637183089171,3.641976833343506
NSW,db,nsw08,129,GLM,tgb,0.86158357771261,0.2761777525617079,0.02849002849002849,0.7608950769230769,0.677945624597019,0.7754333629392268,0.48604416847229004
NSW,db,nsw08,129,BRT,random,0.8511730205278593,0.2607513142150681,0.02849002849002849,0.9626643076923077,0.8976882504569499,0.7546850114151749,6.233002662658691
NSW,db,nsw08,129,BRT,tgb,0.8832111436950147,0.29643168472356174,0.02849002849002849,0.9071773846153846,0.8079020901115361,0.7943681318478256,2.3529045581817627
NSW,db,nsw09,426,GLM,random,0.5932051948051947,0.09845476293168526,0.10968660968660969,0.8353000820793435,0.8039741257354065,0.5478455915402725,4.569370269775391
NSW,db,nsw09,426,GLM,tgb,0.6721038961038961,0.18255860644184202,0.10968660968660969,0.5155145006839945,0.5239748890107435,0.7171417023121326,0.9888005256652832
NSW,db,nsw09,426,BRT,random,0.6418077922077922,0.14774955444558094,0.10968660968660969,0.8482505882352941,0.815786749773188,0.5472340610633856,10.55420994758606
NSW,db,nsw09,426,BRT,tgb,0.7046025974025975,0.21728633799325647,0.10968660968660969,0.6063276470588235,0.5709863813595897,0.7423921572357881,6.031167268753052
NSW,db,nsw10,65,GLM,random,0.9636015325670498,0.21450525604419599,0.008547008547008548,0.9413846153846155,0.939197458570524,0.8624956643025501,2.2516558170318604
NSW,db,nsw10,65,GLM,tgb,0.9614463601532567,0.2621726431924345,0.008547008547008548,0.9153692307692308,0.9082631582018885,0.8308176764720065,0.4993014335632324
NSW,db,nsw10,65,BRT,random,0.9808429118773947,0.3453810688512123,0.008547008547008548,0.9684615384615384,0.9475502987702213,0.8767481231153664,6.489217519760132
NSW,db,nsw10,65,BRT,tgb,0.9858716475095785,0.4197222449294381,0.008547008547008548,0.9240076923076923,0.8949818964408309,0.856361363207653,4.836634874343872
NSW,db,nsw11,48,GLM,random,0.6067658164444787,0.0379094691161908,0.027065527065527065,0.9184266666666667,0.8784690832207376,0.7975083332577819,2.2659976482391357
NSW,db,nsw11,48,GLM,tgb,0.767511751560453,0.1591412856105661,0.027065527065527065,0.8382555555555555,0.7969579511794569,0.7889525484621055,0.5895438194274902
NSW,db,nsw11,48,BRT,random,0.5302458195268552,0.023348364198990265,0.027065527065527065,0.9310344444444445,0.8620205094132245,0.7346857708986967,9.125797033309937
NSW,db,nsw11,48,BRT,tgb,0.7457039377359944,0.051547958105384005,0.027065527065527065,0.8670200000000001,0.8449947822651366,0.80799659373613,6.035008430480957
NSW,db,nsw12,139,GLM,random,0.6779698216735253,0.11374690106255979,0.038461538461538464,0.9011825396825397,0.8613542858930663,0.6919372264746338,3.3109896183013916
NSW,db,nsw12,139,GLM,tgb,0.7643895747599451,0.18667266302516114,0.038461538461538464,0.8203335978835978,0.7526245781286842,0.6909991029012854,0.7027103900909424
NSW,db,nsw12,139,BRT,random,0.6452126200274347,0.08782238597236235,0.038461538461538464,0.9159855158730158,0.8548082315299386,0.6016818473119551,11.462045192718506
NSW,db,nsw12,139,BRT,tgb,0.7595061728395063,0.20625124235929396,0.038461538461538464,0.8324161375661376,0.742419593704702,0.6799560553457181,5.085829257965088
NSW,db,nsw13,155,GLM,random,0.7891285081240768,0.19085205395694696,0.03561253561253561,0.9372774193548385,0.8264048171211064,0.7014775791317046,3.3408467769622803
NSW,db,nsw13,155,GLM,tgb,0.8495125553914328,0.26532376937392244,0.03561253561253561,0.8943516129032257,0.6794057284520647,0.6765154220562074,0.7097973823547363
NSW,db,nsw13,155,BRT,random,0.8291875923190547,0.2211002509216336,0.03561253561253561,0.9676612903225807,0.9028551371617268,0.7892366053696886,14.17799711227417
NSW,db,nsw13,155,BRT,tgb,0.83397341211226,0.3067194698546869,0.03561253561253561,0.9193774193548387,0.7919810751576393,0.7839634897393442,2.3416502475738525
NSW,db,nsw14,315,GLM,random,0.701220422268401,0.30229295568315473,0.22934472934472935,0.900357142857143,0.8324986999081461,0.6150697992515191,4.544480323791504
NSW,db,nsw14,315,GLM,tgb,0.7849278423898692,0.4185290438538658,0.22934472934472935,0.770420634920635,0.735923746405647,0.66686921812002,1.491635799407959
NSW,db,nsw14,315,BRT,random,0.6611405150342705,0.22198540686643287,0.22934472934472935,0.9193079365079365,0.8826747527083624,0.660936242802572,13.517842054367065
NSW,db,nsw14,315,BRT,tgb,0.7992560360960265,0.44186130305371446,0.22934472934472935,0.8427777777777777,0.8033505431065452,0.719449293845438,2.6009840965270996
NSW,db,nsw15,236,GLM,random,0.7773986548155638,0.36967486071473343,0.1752136752136752,0.9130633865248227,0.8704036834271985,0.7363274115392237,4.254805564880371
NSW,db,nsw15,236,GLM,tgb,0.797885336366317,0.4060903548232009,0.1752136752136752,0.8783516400709219,0.8244020396357221,0.7427045129642132,1.4389891624450684
NSW,db,nsw15,236,BRT,random,0.8100874791131331,0.429393448592607,0.1752136752136752,0.934521409574468,0.8933309696066539,0.7609571836288498,13.428151607513428
NSW,db,nsw15,236,BRT,tgb,0.8279483831107741,0.4550925624078589,0.1752136752136752,0.8957705673758865,0.8292428961799162,0.7626273996883767,2.4433581829071045
NSW,nb,nsw16,120,GLM,random,0.6343797048022399,0.1626284259807936,0.12576956904133685,0.8499708333333335,0.7952479857616279,0.516166856912188,3.2850847244262695
NSW,nb,nsw16,120,GLM,tgb,0.5829100476987801,0.09806370698800042,0.12576956904133685,0.79415,0.7655209811998113,0.6425172902931816,0.32993555068969727
NSW,nb,nsw16,120,BRT,random,0.6268098099084014,0.13245622599581172,0.12576956904133685,0.8935458333333333,0.8553457040096614,0.5863399845768267,14.175602197647095
NSW,nb,nsw16,120,BRT,tgb,0.6223283758495026,0.1367043711136185,0.12576956904133685,0.7729916666666667,0.7282952394969604,0.5992911019371122,1.7458360195159912
NSW,nb,nsw17,148,GLM,random,0.5955025776866332,0.11200640593727286,0.12401055408970976,0.8317811494252874,0.7912851850604129,0.5229992614624194,8.148859977722168
NSW,nb,nsw17,148,GLM,tgb,0.5364436469281381,0.040736731604229345,0.12401055408970976,0.487358275862069,0.4490644098620177,0.5441221761327024,0.449723482131958
NSW,nb,nsw17,148,BRT,random,0.5720470534620752,0.08203326997799143,0.12401055408970976,0.8432928735632185,0.795105320512761,0.46884765744765744,12.064365863800049
NSW,nb,nsw17,148,BRT,tgb,0.5347275627332023,0.04390280815428688,0.12401055408970976,0.5278345977011495,0.46999259565107004,0.5592610260610261,4.008693218231201
NSW,ot,nsw18,69,GLM,random,0.6122671670836808,0.1510493317614975,0.21204819277108433,0.723167032967033,0.6931146557882834,0.706323016186563,3.873100757598877
NSW,ot,nsw18,69,GLM,tgb,0.6738128996385877,0.21837501101956003,0.21204819277108433,0.6922016483516483,0.655716309589116,0.6883705116385271,0.32109522819519043
NSW,ot,nsw18,69,BRT,random,0.6876146788990827,0.19370355430250447,0.21204819277108433,0.7404637362637363,0.6741810519773593,0.7018121370324722,12.85620903968811
NSW,ot,nsw18,69,BRT,tgb,0.728185988323603,0.27221672363225946,0.21204819277108433,0.737643956043956,0.6700374811714677,0.7297427353528277,4.38257908821106
NSW,ot,nsw19,47,GLM,random,0.8191508104298801,0.14572921807036407,0.005301204819277108,0.8166233333333333,0.7600779816359281,0.7878979094321091,2.003303289413452
NSW,ot,nsw19,47,GLM,tgb,0.8494097956307258,0.1146012470303536,0.005301204819277108,0.8100155555555555,0.7577984717751858,0.8176171501397219,0.3040745258331299
NSW,ot,nsw19,47,BRT,random,0.9421247357293868,0.17090183376693427,0.005301204819277108,0.847591111111111,0.797728894885762,0.8528472041967253,13.06335163116455
NSW,ot,nsw19,47,BRT,tgb,0.9642353770260748,0.2403393012160323,0.005301204819277108,0.8635877777777778,0.8390854219330084,0.8987814237998917,4.242970705032349
NSW,ot,nsw20,18,GLM,random,0.7632549134021166,0.19137141473841568,0.01783132530120482,0.7787083333333333,0.670123051047609,0.6897496994446202,1.7026176452636719
NSW,ot,nsw20,18,GLM,tgb,0.5857226215420523,0.20468052598152744,0.01783132530120482,0.7411,0.6800826437435255,0.7073295840575543,0.2556416988372803
NSW,ot,nsw20,18,BRT,random,0.8721587141606769,0.14903546442344476,0.01783132530120482,0.8896833333333334,0.8104723526241385,0.8790855956117427,11.237810134887695
NSW,ot,nsw20,18,BRT,tgb,0.8755404079250988,0.2440088764071801,0.01783132530120482,0.8767750000000001,0.7701991552738398,0.8260984562260962,3.3658759593963623
NSW,ot,nsw21,37,GLM,random,0.7738006792613034,0.1988543203684131,0.026987951807228915,0.7097089285714285,0.5162791816364809,0.4758944158341877,3.5603904724121094
NSW,ot,nsw21,37,GLM,tgb,0.7375645652020095,0.139479205271255,0.026987951807228915,0.7055928571428571,0.49334896719882837,0.4820729156235844,0.9798693656921387
NSW,ot,nsw21,37,BRT,random,0.9066457935328663,0.2710682308138376,0.026987951807228915,0.8201303571428571,0.6285772119455364,0.594206668574017,14.6471688747406
NSW,ot,nsw21,37,BRT,tgb,0.8720105427014788,0.23759787648628497,0.026987951807228915,0.7672,0.5906187780903084,0.5913200130070704,4.968639850616455
NSW,ot,nsw22,17,GLM,random,0.5553398058252428,0.0677728975418481,0.007228915662650603,0.87585,0.7684773239219345,0.7852386237513874,1.910149097442627
NSW,ot,nsw22,17,GLM,tgb,0.5403559870550161,0.11959217169351602,0.007228915662650603,0.870575,0.7839039380893782,0.8070553194433164,0.7407317161560059
NSW,ot,nsw22,17,BRT,random,0.8031715210355987,0.01495323395865254,0.007228915662650603,0.8284166666666668,0.6930651873537053,0.7288062947222147,10.276360511779785
NSW,ot,nsw22,17,BRT,tgb,0.8616181229773463,0.13147161931766818,0.007228915662650603,0.9026916666666667,0.8296216386069748,0.866389422773251,2.932002544403076
NSW,ot,nsw23,60,GLM,random,0.7754218913270639,0.35605824570340444,0.23132530120481928,0.774475,0.7569688748340685,0.7466695347995659,8.968290567398071
NSW,ot,nsw23,60,GLM,tgb,0.7313257575757576,0.2748993591041731,0.23132530120481928,0.7562749999999999,0.7557604755572367,0.7616213617823526,0.8769726753234863
NSW,ot,nsw23,60,BRT,random,0.7263414315569487,0.20108946471474473,0.23132530120481928,0.7964583333333333,0.745363344653468,0.7035940207023799,15.17175006866455
NSW,ot,nsw23,60,BRT,tgb,0.7757771682340648,0.28511649578522724,0.23132530120481928,0.8064333333333333,0.7881233560038197,0.7857539481502329,4.102717638015747
NSW,ot,nsw24,68,GLM,random,0.6371829949647069,0.10720819499327676,0.08867469879518072,0.6963423076923076,0.6440700510342694,0.618451676075282,8.417112827301025
NSW,ot,nsw24,68,GLM,tgb,0.6355189340813463,0.12133924515116094,0.08867469879518072,0.6847653846153847,0.6367753731723664,0.6634470360330527,0.863792896270752
NSW,ot,nsw24,68,BRT,random,0.6476387004805371,0.07138639613424459,0.08867469879518072,0.7129445054945055,0.6754491271449024,0.6566928539872585,15.48915147781372
NSW,ot,nsw24,68,BRT,tgb,0.6828253971903525,0.15528259763015012,0.08867469879518072,0.7034576923076923,0.6735836208301833,0.6796472310899448,4.150951623916626
NSW,ot,nsw25,23,GLM,random,0.5875800781701703,0.019568025257212626,0.041927710843373496,0.7034849999999999,0.720687020916386,0.6829827608028827,7.380215406417847
NSW,ot,nsw25,23,GLM,tgb,0.5589196096116932,0.015413966561839692,0.041927710843373496,0.73095,0.6961097391910199,0.6787637921022067,0.9964814186096191
NSW,ot,nsw25,23,BRT,random,0.6385699252989199,0.04356738301497541,0.041927710843373496,0.5615399999999999,0.48762937090123665,0.4546144446677983,14.69214153289795
NSW,ot,nsw25,23,BRT,tgb,0.70264402506996,0.07016821314128752,0.041927710843373496,0.526435,0.46807268538992847,0.44929275923940554,3.987860679626465
NSW,ou,nsw26,10,GLM,random,0.3567039719113452,-0.03373045534224454,0.0053475935828877,0.38345,0.5034707131049765,0.4674188034188035,7.675487279891968
NSW,ou,nsw26,10,GLM,tgb,0.2576256308975203,-0.045364765208635416,0.0053475935828877,0.32120000000000004,0.41186956434244476,0.3816121794871795,0.7883126735687256
NSW,ou,nsw26,10,BRT,random,0.7801184990125082,-0.0035860692472703863,0.0053475935828877,0.7562,0.8267194581140938,0.7374797008547008,13.19200873374939
NSW,ou,nsw26,10,BRT,tgb,0.8327847267939434,0.01498462166852242,0.0053475935828877,0.8128500000000001,0.7478636318721527,0.698806623931624,3.4543354511260986
NSW,ou,nsw27,23,GLM,random,0.5307922388680815,0.04092025101196966,0.33995416348357527,0.61727,0.5640710454753509,0.5457142857142857,10.09136438369751
NSW,ou,nsw27,23,GLM,tgb,0.4895365168539326,-0.024119984038705397,0.33995416348357527,0.6136800000000001,0.5753293553819262,0.5566534391534391,0.8573310375213623
NSW,ou,nsw27,23,BRT,random,0.4962676862255514,-0.0025867392630993576,0.33995416348357527,0.639775,0.6422742395536852,0.5763227513227513,14.236953496932983
NSW,ou,nsw27,23,BRT,tgb,0.5435393258426966,0.07331144395623548,0.33995416348357527,0.6144149999999999,0.6458672452086152,0.6604761904761905,4.198848485946655
NSW,ou,nsw28,53,GLM,random,0.5851827164366374,0.19489850402613046,0.39113827349121466,0.5997763636363637,0.5066551649583844,0.5501604717121958,10.153767347335815
NSW,ou,nsw28,53,GLM,tgb,0.5879960006273526,0.15883273126508962,0.39113827349121466,0.5313263636363637,0.49169105271726743,0.5524197641439021,0.8889751434326172
NSW,ou,nsw28,53,BRT,random,0.6540567165934755,0.22297519657245807,0.39113827349121466,0.7092709090909091,0.6148386742427824,0.5725440364233467,14.440232992172241
NSW,ou,nsw28,53,BRT,tgb,0.5755004117001254,0.08845525698687931,0.39113827349121466,0.5577390909090909,0.5164989864531939,0.5798163905060456,4.440304517745972
NSW,ou,nsw29,12,GLM,random,0.6311644719855408,0.12057212837836487,0.013750954927425516,0.4385,0.46572761662899886,0.5195393140533806,7.299306154251099
NSW,ou,nsw29,12,GLM,tgb,0.6167053963335916,0.10168298703940919,0.013750954927425516,0.5612166666666667,0.5048436864587854,0.5594108704594639,0.7801094055175781
NSW,ou,nsw29,12,BRT,random,0.5666580600740168,0.15827829939239324,0.013750954927425516,0.5858166666666668,0.5389653135940168,0.5804865942525789,13.64135217666626
NSW,ou,nsw29,12,BRT,tgb,0.6574576125311989,0.12030675203286142,0.013750954927425516,0.5462499999999999,0.6821148243333905,0.7903255404725993,3.601909875869751
NSW,ou,nsw30,2,GLM,random,0.5372463034800697,-0.01062945361504587,0.5294117647058824,,,,0.5850889682769775
NSW,ou,nsw30,2,GLM,tgb,0.5642323044920448,-0.029443768197332076,0.5294117647058824,,,,0.05705118179321289
NSW,ou,nsw30,2,BRT,random,0.38057523284796013,0.021005757877999756,0.5294117647058824,,,,1.0993268489837646
NSW,ou,nsw30,2,BRT,tgb,0.45263863121005987,-0.026576160234879,0.5294117647058824,,,,0.23424696922302246
NSW,ou,nsw31,24,GLM,random,0.5378062787136294,0.057620963239322205,0.4988540870893812,0.6503,0.6974093471213434,0.7498434898434899,5.639105796813965
NSW,ou,nsw31,24,GLM,tgb,0.5198497553505397,0.02405931242014032,0.4988540870893812,0.598155,0.6326685762463482,0.7038769563769564,0.7579426765441895
NSW,ou,nsw31,24,BRT,random,0.5211336981287118,0.015039075665088143,0.4988540870893812,0.697945,0.7341853499603475,0.6951248751248751,12.958616256713867
NSW,ou,nsw31,24,BRT,tgb,0.49626956261905647,0.003959735395203631,0.4988540870893812,0.6467750000000001,0.7262868764209764,0.7219047619047618,3.784909963607788
NSW,ou,nsw32,28,GLM,random,0.7427067881613336,0.11267880961537494,0.01680672268907563,0.8189033333333333,0.5958909384277409,0.5830557878112226,6.919842004776001
NSW,ou,nsw32,28,GLM,tgb,0.6757434484707212,0.0638985249273373,0.01680672268907563,0.7505666666666666,0.5544992129868025,0.5495227146042364,0.6355721950531006
NSW,ou,nsw32,28,BRT,random,0.8174048174048174,0.20807335820055883,0.01680672268907563,0.8766,0.6668797766341678,0.5076307599405425,13.358114242553711
NSW,ou,nsw32,28,BRT,tgb,0.7365967365967366,0.1640103949747527,0.01680672268907563,0.8147366666666667,0.6756289791487875,0.5763854050538832,3.426755428314209
NSW,ou,nsw33,15,GLM,random,0.5207470099033178,0.012865389814619398,0.3919022154316272,0.4033666666666667,0.28053849434969397,0.3604491725768321,7.076911211013794
NSW,ou,nsw33,15,GLM,tgb,0.5177569132210761,0.01345095775189962,0.3919022154316272,0.4356333333333334,0.3918318513670546,0.4580202634245188,0.6836795806884766
NSW,ou,nsw33,15,BRT,random,0.4951879279438126,0.04198301946673414,0.3919022154316272,0.5304333333333332,0.5465365302794475,0.4008720027017899,14.522612810134888
NSW,ou,nsw33,15,BRT,tgb,0.5362766561854104,0.06241424289058724,0.3919022154316272,0.3657333333333333,0.4407809958125114,0.4216156703816278,4.141689300537109
NSW,rt,nsw34,6,GLM,random,0.5477287828578442,0.04045519450755829,0.32722007722007723,0.5901,0.5182247514108378,0.5333333333333334,4.187610626220703
NSW,rt,nsw34,6,GLM,tgb,0.5342026298971996,0.046532129936511776,0.32722007722007723,0.4575,0.5000106539097247,0.4166666666666667,0.4764554500579834
NSW,rt,nsw34,6,BRT,random,0.5157755742055078,-0.0009431940605081334,0.32722007722007723,0.64365,0.7473243201257063,0.3833333333333333,9.08335566520691
NSW,rt,nsw34,6,BRT,tgb,0.527604609726472,0.01760855799014945,0.32722007722007723,0.51205,0.6296230225538314,0.2833333333333333,2.252345085144043
NSW,rt,nsw35,6,GLM,random,0.4124233811594699,-0.02167466229008037,0.027992277992277992,0.7554000000000001,0.34657862830131486,0.26515151515151514,4.426695823669434
NSW,rt,nsw35,6,GLM,tgb,0.42790124302297705,-0.011131547845412166,0.027992277992277992,0.6355999999999999,0.20558219632657831,0.1742424242424242,0.5049974918365479
NSW,rt,nsw35,6,BRT,random,0.595161456014793,-0.018168362821358697,0.027992277992277992,0.85775,0.9203350694685207,0.5606060606060607,8.18507194519043
NSW,rt,nsw35,6,BRT,tgb,0.43105160428723077,-0.05513527378067403,0.027992277992277992,0.6393000000000001,0.9449875782796215,0.7045454545454546,2.490692615509033
NSW,rt,nsw36,7,GLM,random,0.7735707591377695,0.3574518779352127,0.0637065637065637,0.9660500000000001,0.9161301089138152,0.6759259259259259,4.194416761398315
NSW,rt,nsw36,7,GLM,tgb,0.7281630740393628,0.3681047350296294,0.0637065637065637,0.8028000000000001,0.7692206464108267,0.44943019943019935,0.48818135261535645
NSW,rt,nsw36,7,BRT,random,0.8749765698219306,0.19385693078224478,0.0637065637065637,0.90565,0.7214715269029781,0.5530626780626781,7.8960230350494385
NSW,rt,nsw36,7,BRT,tgb,0.9244611059044049,0.572504585933885,0.0637065637065637,0.77675,0.5361573122537586,0.42414529914529914,2.4121079444885254
NSW,rt,nsw37,6,GLM,random,0.5211727389415481,0.06460653671878056,0.18532818532818532,0.7205999999999999,0.6651744320505614,0.6551515151515152,6.047065258026123
NSW,rt,nsw37,6,GLM,tgb,0.5477574545813586,0.029215942906207017,0.18532818532818532,0.7362500000000001,0.7314989202953385,0.7436363636363635,0.5883104801177979
NSW,rt,nsw37,6,BRT,random,0.4770098983017377,-0.008906533067740127,0.18532818532818532,0.77745,0.6941478443636526,0.7266666666666667,12.612510919570923
NSW,rt,nsw37,6,BRT,tgb,0.4885435179699842,0.0027310448959994627,0.18532818532818532,0.8100999999999999,0.5169433530051207,0.6048484848484847,3.120757579803467
NSW,rt,nsw38,9,GLM,random,0.5589039401249458,-0.052398532294273124,0.08204633204633205,0.8664000000000002,0.19970119521912355,0.18181818181818177,3.9839537143707275
NSW,rt,nsw38,9,GLM,tgb,0.32132120987196133,-0.06336800685287462,0.08204633204633205,0.90105,0.8242031872509961,0.7272727272727273,0.41542792320251465
NSW,rt,nsw38,9,BRT,random,0.43037669326405636,-0.01837908206780468,0.08204633204633205,0.8123000000000001,0.9457171314741035,0.9090909090909091,7.89844536781311
NSW,rt,nsw38,9,BRT,tgb,0.4879940619781035,-0.02383323072311065,0.08204633204633205,0.78895,0.9183266932270917,0.9090909090909091,2.1779088973999023
NSW,rt,nsw39,16,GLM,random,0.5504683349643507,0.03510936444076263,0.3996138996138996,0.5337249999999999,0.5570032324160252,0.5347619047619048,5.69045615196228
NSW,rt,nsw39,16,GLM,tgb,0.5453539307516659,-0.002282996973141048,0.3996138996138996,0.45255,0.5770205164454009,0.6799999999999999,0.8093032836914062
NSW,rt,nsw39,16,BRT,random,0.5587748730136539,0.04489725786630394,0.3996138996138996,0.6052083333333333,0.5410326721117699,0.520952380952381,15.744975090026855
NSW,rt,nsw39,16,BRT,tgb,0.47411148391506286,-0.08105856828209404,0.3996138996138996,0.41234166666666666,0.47503362340415983,0.6433333333333333,3.214752435684204
NSW,rt,nsw40,14,GLM,random,0.6600766119575548,0.2451411259320397,0.3465250965250965,0.6465,0.6522834159084396,0.46759259259259256,7.987659931182861
NSW,rt,nsw40,14,GLM,tgb,0.6351345235205292,0.2119497993279105,0.3465250965250965,0.6626,0.608394533133662,0.4431481481481482,0.7772173881530762
NSW,rt,nsw40,14,BRT,random,0.6333282587854826,0.06030246374363186,0.3465250965250965,0.8574333333333334,0.7160304559368413,0.5981481481481481,13.805004596710205
NSW,rt,nsw40,14,BRT,tgb,0.6273786943051229,0.15408761775869995,0.3465250965250965,0.7083999999999999,0.7093741869320944,0.5604629629629629,3.310490369796753
NSW,ru,nsw41,5,GLM,random,0.5794386598836748,0.054674448701634785,0.18811881188118812,0.8032,0.6457236030590847,0.8087478559176673,5.600341320037842
NSW,ru,nsw41,5,GLM,tgb,0.5567203917653212,0.021981165896021962,0.18811881188118812,0.6788000000000001,0.614125138768965,0.49056603773584906,0.6014194488525391
NSW,ru,nsw41,5,BRT,random,0.5757381258023107,-0.011345988741141773,0.18811881188118812,0.7458,0.8281544241601908,0.6998284734133791,8.035127878189087
NSW,ru,nsw41,5,BRT,tgb,0.5285107529437867,0.010465744761330675,0.18811881188118812,0.7781,0.8587887011224867,0.869639794168096,2.511626958847046
NSW,ru,nsw42,11,GLM,random,0.9292817679558011,0.12694865611203637,0.0044004400440044,0.9463333333333332,,,4.167447328567505
NSW,ru,nsw42,11,GLM,tgb,0.44088397790055245,-0.00693800774033116,0.0044004400440044,0.8844666666666667,,,0.4333643913269043
NSW,ru,nsw42,11,BRT,random,0.7917127071823203,0.03958852944741269,0.0044004400440044,0.874,,,6.565866708755493
NSW,ru,nsw42,11,BRT,tgb,0.8337016574585635,0.15212817269672543,0.0044004400440044,0.9224333333333334,,,1.7863523960113525
NSW,ru,nsw43,42,GLM,random,0.5687697076585965,0.10293716718875437,0.2376237623762376,0.67895,0.7128619575522267,0.6406210632401108,9.698011636734009
NSW,ru,nsw43,42,GLM,tgb,0.5172291700069478,0.011180566398210093,0.2376237623762376,0.5533625000000001,0.5094388964816697,0.5354522549760645,0.8469278812408447
NSW,ru,nsw43,42,BRT,random,0.6601731601731602,0.15535694979582151,0.2376237623762376,0.7504027777777778,0.7670572899236546,0.6141609977324264,14.970899820327759
NSW,ru,nsw43,42,BRT,tgb,0.5044826572604351,-0.0004590127962172051,0.2376237623762376,0.5672583333333333,0.6050387587538808,0.5712459057697153,4.130553722381592
NSW,ru,nsw44,16,GLM,random,0.9851851851851853,0.43982715364948655,0.009900990099009901,0.7936583333333334,0.5882414371879414,0.5977140591966174,7.15175461769104
NSW,ru,nsw44,16,GLM,tgb,0.9369135802469136,0.26264884703589586,0.009900990099009901,0.8003750000000001,0.6344150745786191,0.6029994714587738,0.7162344455718994
NSW,ru,nsw44,16,BRT,random,0.9767901234567902,0.5785087903909006,0.009900990099009901,0.7950333333333333,0.6825058805394638,0.5950713530655392,11.8971266746521
NSW,ru,nsw44,16,BRT,tgb,0.9548148148148148,0.37798145893462104,0.009900990099009901,0.8347166666666667,0.8305369595642391,0.9058535940803383,3.1533071994781494
NSW,ru,nsw45,22,GLM,random,0.6383108705050847,0.1601364932353524,0.15181518151815182,0.7173550000000001,0.647495571285989,0.6339629629629628,8.533680438995361
NSW,ru,nsw45,22,GLM,tgb,0.4980544747081712,-0.02051465324931045,0.15181518151815182,0.5628599999999999,0.48459342148290113,0.5642407407407408,0.8039686679840088
NSW,ru,nsw45,22,BRT,random,0.71809620481588,0.1551898503101395,0.15181518151815182,0.7634649999999998,0.7492552324399196,0.6825185185185185,15.317314863204956
NSW,ru,nsw45,22,BRT,tgb,0.5926709148668208,0.08341471406764837,0.15181518151815182,0.58158,0.5543433708531402,0.7332592592592594,4.256699800491333
NSW,ru,nsw46,14,GLM,random,0.9661429105873551,0.5578833638511347,0.019801980198019802,0.99175,0.9718905472636816,0.7,5.053671598434448
NSW,ru,nsw46,14,GLM,tgb,0.8786008230452674,0.4153696305452099,0.019801980198019802,0.9338666666666666,0.981094527363184,0.7,0.45397043228149414
NSW,ru,nsw46,14,BRT,random,0.9915824915824916,0.6000728706958434,0.019801980198019802,0.9818833333333334,0.9930348258706467,0.9,7.093700885772705
NSW,ru,nsw46,14,BRT,tgb,0.9948871430352911,0.7556748909906673,0.019801980198019802,0.97285,0.9601990049751244,0.85,2.4883174896240234
NSW,sr,nsw47,41,GLM,random,0.9088594704684319,0.29834848968164795,0.025793650793650792,0.9934666666666665,0.9809538422067077,0.7560831193957003,7.558586835861206
NSW,sr,nsw47,41,GLM,tgb,0.9268369105436316,0.35046091660525913,0.025793650793650792,0.9541958333333334,0.962307990161378,0.7919170155540982,0.9562780857086182
NSW,sr,nsw47,41,BRT,random,0.9473601754660818,0.38556194916497244,0.025793650793650792,0.98605,0.9732064720135012,0.7772443212060254,13.461819410324097
NSW,sr,nsw47,41,BRT,tgb,0.9452451825160584,0.4392631230816447,0.025793650793650792,0.961125,0.8072472737941411,0.5595263307762965,4.900830984115601
NSW,sr,nsw48,79,GLM,random,0.9002401759361074,0.43816004383570206,0.07341269841269842,0.9417829166666666,0.8113216720296794,0.6305178947069531,8.409624576568604
NSW,sr,nsw48,79,GLM,tgb,0.8876671103651832,0.4694159438416056,0.07341269841269842,0.9031325000000001,0.8217659298954784,0.7594543817906024,1.1251368522644043
NSW,sr,nsw48,79,BRT,random,0.9090514497366746,0.47285128139691945,0.07341269841269842,0.9807075000000001,0.8723909675044138,0.687447162586852,13.24346923828125
NSW,sr,nsw48,79,BRT,tgb,0.8987354592279646,0.5523927033801248,0.07341269841269842,0.9434995833333334,0.8782722950056355,0.7649377224586539,3.533951997756958
NSW,sr,nsw49,110,GLM,random,0.744617077247498,0.31837444715035157,0.16765873015873015,0.9411363636363637,0.8376515464852059,0.6171114365682366,9.7382493019104
NSW,sr,nsw49,110,GLM,tgb,0.7750668237053128,0.3585917031709253,0.16765873015873015,0.8322909090909091,0.7169671590292841,0.6352080992206746,1.3839409351348877
NSW,sr,nsw49,110,BRT,random,0.7485736048127173,0.2662324433829253,0.16765873015873015,0.9517545454545455,0.8363863036511286,0.6431317167480566,15.551161050796509
NSW,sr,nsw49,110,BRT,tgb,0.8121883617436932,0.42134135626388547,0.16765873015873015,0.8135363636363637,0.6500847029288414,0.6368735051969422,3.3681461811065674
NSW,sr,nsw50,44,GLM,random,0.8341293964394267,0.19146996142901704,0.020833333333333332,0.7709513888888889,0.6880064747655703,0.5601828640697045,9.897063970565796
NSW,sr,nsw50,44,GLM,tgb,0.8205239542625562,0.17747113775587625,0.020833333333333332,0.5516888888888889,0.5130028273414895,0.659266854282017,1.4139409065246582
NSW,sr,nsw50,44,BRT,random,0.8533796497322332,0.2592460036204673,0.020833333333333332,0.8506722222222223,0.8052372702485024,0.6030617131644694,12.963778972625732
NSW,sr,nsw50,44,BRT,tgb,0.8155063443817242,0.30362288463165416,0.020833333333333332,0.7002458333333333,0.7063441470427299,0.7117931212356913,2.853712797164917
NSW,sr,nsw51,63,GLM,random,0.8020625415834997,0.09044514101338717,0.005952380952380952,0.8754717948717949,0.7677667593609103,0.5778772471743387,10.517439842224121
NSW,sr,nsw51,63,GLM,tgb,0.8685961410512308,0.1243913367936375,0.005952380952380952,0.7942762820512821,0.7175970337019704,0.570206257730864,1.3641304969787598
NSW,sr,nsw51,63,BRT,random,0.9234863606121091,0.1700742348065179,0.005952380952380952,0.9069673076923076,0.7921165445141256,0.47913333094215965,12.71760630607605
NSW,sr,nsw51,63,BRT,tgb,0.9657351962741185,0.23490579412508494,0.005952380952380952,0.7621096153846154,0.6229410726138347,0.599744333558541,2.7439823150634766
NSW,sr,nsw52,186,GLM,random,0.8016535461375319,0.39999146955126014,0.1636904761904762,0.9372484352773828,0.9043997457389201,0.7147042096517267,14.654683589935303
NSW,sr,nsw52,186,GLM,tgb,0.7741974909234695,0.33539151106989373,0.1636904761904762,0.8803041963015646,0.8697670812533754,0.7127181673969929,1.3975279331207275
NSW,sr,nsw52,186,BRT,random,0.808195837377332,0.4129519307350407,0.1636904761904762,0.9595354196301564,0.9313783118890588,0.7542493480611158,9.579089879989624
NSW,sr,nsw52,186,BRT,tgb,0.8053416729573313,0.40762182941700265,0.1636904761904762,0.9148552631578948,0.9022883258359687,0.7633645470244019,1.865337610244751
NSW,sr,nsw53,34,GLM,random,0.6409936950201985,0.06853947050560488,0.026785714285714284,0.8106476190476191,0.5988786861588569,0.5735037009014297,10.982823133468628
NSW,sr,nsw53,34,GLM,tgb,0.6903386566995129,0.0908377857135996,0.026785714285714284,0.8032309523809523,0.6311635874786858,0.6068469775575857,0.9386253356933594
NSW,sr,nsw53,34,BRT,random,0.6841846943783743,0.20440754016509932,0.026785714285714284,0.8526095238095237,0.7808100176020447,0.5508602909710258,9.459404230117798
NSW,sr,nsw53,34,BRT,tgb,0.7819307584852946,0.20952491363412326,0.026785714285714284,0.7201428571428571,0.5516988049900889,0.5493246193300855,1.8811228275299072
NSW,sr,nsw54,118,GLM,random,0.40541167375338233,-0.04390730224364224,0.012896825396825396,0.758086231884058,0.7483240050382298,0.4698556875871005,11.924648523330688
NSW,sr,nsw54,118,GLM,tgb,0.6523772709702358,0.061421379103056103,0.012896825396825396,0.5287588768115941,0.5449053679898823,0.6061823484696123,0.941964864730835
NSW,sr,nsw54,118,BRT,random,0.6063393892539621,0.03860483852998635,0.012896825396825396,0.7983302536231884,0.7488048563156824,0.38500947165751753,7.684908628463745
NSW,sr,nsw54,118,BRT,tgb,0.6942404329339004,0.0775422033819511,0.012896825396825396,0.4541432971014493,0.37589987784837486,0.6276958899988019,1.8169548511505127
NZ,plant,nz01,23,GLM,random,0.6868238912691521,0.01387358806212949,0.0034518828451882847,0.83544,0.7465174682090672,0.7693117363103366,7.710367918014526
NZ,plant,nz01,23,GLM,tgb,0.5621264603630511,-0.005417189645758729,0.0034518828451882847,0.81838,0.7418510909551722,0.7862982503091733,3.9256575107574463
NZ,plant,nz01,23,BRT,random,0.861128737781934,0.014472639962473936,0.0034518828451882847,0.7653450000000002,0.7928522836000982,0.8121850380500264,15.49426531791687
NZ,plant,nz01,23,BRT,tgb,0.8156714091688375,0.010087795804847251,0.0034518828451882847,0.7772600000000001,0.7808943014423269,0.8283384041371231,8.669014930725098
NZ,plant,nz02,80,GLM,random,0.7758431461068682,0.41902715945181024,0.26830543933054396,0.7729937500000001,0.6735230989361439,0.6010682354634589,12.812308311462402
NZ,plant,nz02,80,GLM,tgb,0.7457666085633431,0.3758156560116671,0.26830543933054396,0.71045625,0.6558553971658478,0.6392931443897503,5.643550395965576
NZ,plant,nz02,80,BRT,random,0.6709099718958265,0.22514989808114744,0.26830543933054396,0.8408,0.7736292921939976,0.6783533126676321,15.446910858154297
NZ,plant,nz02,80,BRT,tgb,0.6754226076270018,0.2338123337379841,0.26830543933054396,0.7791749999999998,0.714365095916596,0.6681717357023086,10.709768533706665
NZ,plant,nz03,32,GLM,random,0.6367691861750665,0.05780990871481681,0.011349372384937238,0.8294547619047619,0.7798324185758094,0.7211361262986989,7.10691237449646
NZ,plant,nz03,32,GLM,tgb,0.6326647977998762,0.059319196348186984,0.011349372384937238,0.7644238095238094,0.7139898028930662,0.6725958432590775,3.4803731441497803
NZ,plant,nz03,32,BRT,random,0.6222133077650123,0.02220752858981029,0.011349372384937238,0.8209333333333333,0.7603470006670361,0.7122661368344207,14.837981462478638
NZ,plant,nz03,32,BRT,tgb,0.6247633138474837,0.037743717034224286,0.011349372384937238,0.7018309523809523,0.6834408097308571,0.6483095435284435,8.285265922546387
NZ,plant,nz04,48,GLM,random,0.814458514095276,0.32236114818948836,0.09288702928870293,0.8358655555555554,0.7403120522723083,0.6707024301963681,8.262026071548462
NZ,plant,nz04,48,GLM,tgb,0.8738253395519597,0.42340984081831357,0.09288702928870293,0.8064,0.7205288619447838,0.6981094039750078,3.7745723724365234
NZ,plant,nz04,48,BRT,random,0.8347633914472591,0.28616369818862714,0.09288702928870293,0.87425,0.756549608869884,0.6961729035712981,16.108615398406982
NZ,plant,nz04,48,BRT,tgb,0.8842391331166267,0.3500004868995835,0.09288702928870293,0.8320988888888887,0.7213749747225695,0.6836658346939377,9.40938925743103
NZ,plant,nz05,211,GLM,random,0.7157214039744935,0.2759129378247803,0.16908995815899583,0.8219437430786266,0.8008711529188455,0.6963920778157406,15.00849723815918
NZ,plant,nz05,211,GLM,tgb,0.6797265274619382,0.22883850493217542,0.16908995815899583,0.7588674972314507,0.7505851268793411,0.7050390372940558,6.723004341125488
NZ,plant,nz05,211,BRT,random,0.7153064820168719,0.27797075461340176,0.16908995815899583,0.8374437984496124,0.7882759753885189,0.697353006050594,15.488710641860962
NZ,plant,nz05,211,BRT,tgb,0.6821474003951236,0.23593740978890226,0.16908995815899583,0.7839070874861573,0.7435190942259593,0.713996943556175,10.31304144859314
NZ,plant,nz06,35,GLM,random,0.6989195014691381,0.159909177938572,0.07186192468619247,0.8911285714285715,0.7760483205866466,0.7729829385376721,7.73350715637207
NZ,plant,nz06,35,GLM,tgb,0.7033245780544514,0.17149735787075995,0.07186192468619247,0.8483142857142857,0.7001182821438748,0.7497426441379706,3.6266636848449707
NZ,plant,nz06,35,BRT,random,0.5701548094730248,0.02341616784804037,0.07186192468619247,0.8281714285714287,0.7287594144563434,0.7043570778630783,15.8885817527771
NZ,plant,nz06,35,BRT,tgb,0.6224581884988414,0.02726029789416854,0.07186192468619247,0.8036285714285715,0.6533728444252611,0.6546509273883917,9.062087535858154
NZ,plant,nz07,65,GLM,random,0.87775373279619,0.07138483983407162,0.002196652719665272,0.8082846153846155,0.7142284477034812,0.6912495871515605,8.190845489501953
NZ,plant,nz07,65,GLM,tgb,0.8725657576166015,0.07290647587827015,0.002196652719665272,0.7742692307692308,0.7190085194120994,0.7568943573672277,4.044555902481079
NZ,plant,nz07,65,BRT,random,0.9129563346462393,0.17875626640741327,0.002196652719665272,0.8012,0.639433494706143,0.6209471155231262,16.16936755180359
NZ,plant,nz07,65,BRT,tgb,0.8983084480253994,0.1247508842638103,0.002196652719665272,0.7512538461538462,0.6536259471631148,0.6991827391640811,9.7667715549469
NZ,plant,nz08,124,GLM,random,0.7675715235074634,0.26172501251430724,0.0924163179916318,0.7727396666666666,0.7358665681509423,0.6449789792942495,16.49261736869812
NZ,plant,nz08,124,GLM,tgb,0.7716885057051796,0.2808634328081294,0.0924163179916318,0.7071226666666666,0.6807161128369401,0.6866518211776669,6.15717887878418
NZ,plant,nz08,124,BRT,random,0.7186765629737527,0.21569290107236075,0.0924163179916318,0.784124,0.7328272918561973,0.6508488381666866,15.790432453155518
NZ,plant,nz08,124,BRT,tgb,0.7449104615564339,0.24986234845741345,0.0924163179916318,0.7203313333333333,0.6869625655850473,0.693132408092171,10.532809257507324
NZ,plant,nz09,36,GLM,random,0.706222521982414,0.07375880695297936,0.011297071129707114,0.7204446428571428,0.7498282853303255,0.772313007286738,7.502133369445801
NZ,plant,nz09,36,GLM,tgb,0.6877564125170452,0.060597557786123295,0.011297071129707114,0.6756910714285714,0.7373675037784281,0.78138715130179,3.9096083641052246
NZ,plant,nz09,36,BRT,random,0.706255828670397,0.03147582198050351,0.011297071129707114,0.7617946428571429,0.7478402105690841,0.7784758823325794,16.540269374847412
NZ,plant,nz09,36,BRT,tgb,0.71352060508456,0.02221747668105795,0.011297071129707114,0.7198107142857143,0.7342141752604496,0.8102771745236976,9.283124446868896
NZ,plant,nz10,27,GLM,random,0.6342555688125924,0.1097922542748836,0.05397489539748954,0.94597,0.9310114056968898,0.8721328053912953,6.259222507476807
NZ,plant,nz10,27,GLM,tgb,0.5876933163106124,0.07986009764957774,0.05397489539748954,0.9286933333333331,0.9246904478977317,0.8824938514670139,2.832862138748169
NZ,plant,nz10,27,BRT,random,0.6867287383129507,0.1209375352511282,0.05397489539748954,0.9071533333333333,0.8764694996424813,0.8037681681220749,15.093445062637329
NZ,plant,nz10,27,BRT,tgb,0.737391797294193,0.1789113729470333,0.05397489539748954,0.8860766666666666,0.8798992407027229,0.8102826293154501,8.553295850753784
NZ,plant,nz11,21,GLM,random,0.8240667945336604,0.21113400829262963,0.03875523012552301,0.7457999999999999,0.740831795751467,0.6988781847717005,5.9941816329956055
NZ,plant,nz11,21,GLM,tgb,0.8392150021011335,0.24025623948861047,0.03875523012552301,0.709465,0.7169278751897842,0.6984488815046539,2.9247961044311523
NZ,plant,nz11,21,BRT,random,0.7683669657890808,0.07703514223688784,0.03875523012552301,0.8033249999999998,0.8310566107187647,0.7912897119063698,15.957701683044434
NZ,plant,nz11,21,BRT,tgb,0.810797124483225,0.06024874947668048,0.03875523012552301,0.790375,0.7980105556450596,0.7978992478933332,8.816328763961792
NZ,plant,nz12,25,GLM,random,0.5267555034397855,0.03912289797039446,0.19492677824267782,0.88468,0.5946518040482047,0.5545551082505895,5.67820143699646
NZ,plant,nz12,25,GLM,tgb,0.46906690884323965,-0.042669038570530456,0.19492677824267782,0.8684799999999999,0.551573816689055,0.5394931274979679,2.856745719909668
NZ,plant,nz12,25,BRT,random,0.44739845386357274,-0.016103523162778924,0.19492677824267782,0.791,0.5413719765000438,0.5104771531095831,14.698716878890991
NZ,plant,nz12,25,BRT,tgb,0.43521102973658,-0.05363405260682236,0.19492677824267782,0.73726,0.5290560695390987,0.5478104986776688,8.16054892539978
NZ,plant,nz13,21,GLM,random,0.6182998762496698,0.12011442526442356,0.14356694560669456,0.8535449999999999,0.8459166955862735,0.8254395381987504,5.604817628860474
NZ,plant,nz13,21,GLM,tgb,0.626847648048499,0.11835313842074127,0.14356694560669456,0.83019,0.8222813374600868,0.8501447493917373,2.5713951587677
NZ,plant,nz13,21,BRT,random,0.6058719392650065,0.10256111170170684,0.14356694560669456,0.82456,0.8176562950947519,0.8134213407835613,16.176950693130493
NZ,plant,nz13,21,BRT,tgb,0.5818246638579514,0.07541442457994643,0.14356694560669456,0.7922750000000002,0.716915775059872,0.7432195997463287,8.790034770965576
NZ,plant,nz14,19,GLM,random,0.4251214694230472,-0.10461946662743912,0.33776150627615065,0.7802416666666667,0.7546977454082006,0.7008372076136462,5.230290412902832
NZ,plant,nz14,19,GLM,tgb,0.40905345202484256,-0.12440910113008614,0.33776150627615065,0.7486249999999999,0.7114412247226687,0.7204637149038108,2.864708662033081
NZ,plant,nz14,19,BRT,random,0.42617775212680026,-0.015664396635510575,0.33776150627615065,0.7448166666666667,0.7252790062369094,0.7129880305245653,15.376140356063843
NZ,plant,nz14,19,BRT,tgb,0.4056478824157103,-0.0237760795262068,0.33776150627615065,0.7589166666666666,0.7209746803241861,0.7131631603534948,10.656472206115723
NZ,plant,nz15,32,GLM,random,0.849978437182644,0.07718866587237629,0.0025627615062761505,0.9309642857142858,0.8780282162922284,0.8140647680198936,5.011073350906372
NZ,plant,nz15,32,GLM,tgb,0.8437846115322013,0.07600189702020721,0.0025627615062761505,0.9220119047619046,0.8609427158107766,0.8364910662874603,2.4674551486968994
NZ,plant,nz15,32,BRT,random,0.9269919388236654,0.16226738426195844,0.0025627615062761505,0.8997190476190478,0.8390462564052634,0.8114943534231943,13.401569604873657
NZ,plant,nz15,32,BRT,tgb,0.8839048282518922,0.10965200741682271,0.0025627615062761505,0.8962071428571429,0.8591414088673022,0.854400059034768,9.427925109863281
NZ,plant,nz16,40,GLM,random,0.6340946874673783,0.11630363781593409,0.05690376569037657,0.6132124999999999,0.59468050527783,0.5440104048468825,6.608929395675659
NZ,plant,nz16,40,GLM,tgb,0.6472065898370218,0.12262897616577154,0.05690376569037657,0.533475,0.4153773895637105,0.46538615514609083,3.5337870121002197
NZ,plant,nz16,40,BRT,random,0.633969883809502,0.10018676693817674,0.05690376569037657,0.5828249999999999,0.4845820654010563,0.40570734857734425,17.26109266281128
NZ,plant,nz16,40,BRT,tgb,0.5993047439763949,0.058446980667663184,0.05690376569037657,0.49250000000000005,0.3960880248105765,0.43020881606686173,1119.2795915603638
NZ,plant,nz17,94,GLM,random,0.7323203606650054,0.3616253270241572,0.28959205020920503,0.6725611111111112,0.6101744819543894,0.5133554348798748,9.889332056045532
NZ,plant,nz17,94,GLM,tgb,0.7363438115064604,0.3661245334350278,0.28959205020920503,0.5618657894736843,0.5538937121691885,0.5437053795775906,7.817919731140137
NZ,plant,nz17,94,BRT,random,0.6593856743689867,0.22362882280142193,0.28959205020920503,0.7287622807017543,0.5994345083843078,0.5022294656408021,1134.5264418125153
NZ,plant,nz17,94,BRT,tgb,0.6700671651694781,0.20317261763782624,0.28959205020920503,0.6143789473684211,0.5293672446768212,0.5110424340594742,10.45121431350708
NZ,plant,nz18,43,GLM,random,0.9542354416242586,0.4255188853048659,0.026673640167364017,0.8849875,0.8870238081602888,0.878414133967287,6.795318365097046
NZ,plant,nz18,43,GLM,tgb,0.958794238813204,0.4330086950283436,0.026673640167364017,0.8687541666666666,0.8604393822946858,0.878757783643049,4.914779901504517
NZ,plant,nz18,43,BRT,random,0.9219323366100874,0.32723203134191137,0.026673640167364017,0.8930152777777778,0.8815367869121518,0.8587538465167432,1131.278290271759
NZ,plant,nz18,43,BRT,tgb,0.9372156019850174,0.35626321427997104,0.026673640167364017,0.8668194444444444,0.8559400628925244,0.862774080888683,14.837244033813477
NZ,plant,nz19,127,GLM,random,0.6605786708515283,0.11346646960203421,0.04184100418410042,0.7822726153846153,0.7320766100837057,0.7061620374970206,13.314694166183472
NZ,plant,nz19,127,GLM,tgb,0.6581919350436682,0.10955969494717022,0.04184100418410042,0.6852321538461539,0.6500879729413522,0.7297102087083822,1111.5513203144073
NZ,plant,nz19,127,BRT,random,0.6207090611353712,0.07320503026343973,0.04184100418410042,0.7999652307692308,0.7530051099596603,0.7110948949230768,30.932537078857422
NZ,plant,nz19,127,BRT,tgb,0.6405692207969432,0.09323199292072182,0.04184100418410042,0.7268495384615385,0.7153102690593165,0.7551341405372912,6.869635343551636
NZ,plant,nz20,33,GLM,random,0.9613638630559342,0.37284799467759294,0.024947698744769875,0.9145285714285712,0.892509022384394,0.8524559305627946,6.795130968093872
NZ,plant,nz20,33,GLM,tgb,0.9392842070320289,0.32959120195757136,0.024947698744769875,0.9067023809523811,0.8842118307257898,0.8610705825288278,5.2542338371276855
NZ,plant,nz20,33,BRT,random,0.9348870102716708,0.2898019400313207,0.024947698744769875,0.9035047619047619,0.909285142772782,0.8911810942766145,1131.267775774002
NZ,plant,nz20,33,BRT,tgb,0.9157989616439801,0.2600837399771919,0.024947698744769875,0.8884476190476189,0.8621065557094452,0.857495464633455,13.605534315109253
NZ,plant,nz21,21,GLM,random,0.759873115636336,0.21085868091128246,0.04403765690376569,0.762795,0.677073299977964,0.6738182153359752,7.328909158706665
NZ,plant,nz21,21,GLM,tgb,0.7318742935382516,0.1776286500403684,0.04403765690376569,0.7276849999999999,0.6371844205180845,0.6690098820896513,5.418499946594238
NZ,plant,nz21,21,BRT,random,0.7480476054829099,0.11902027276339026,0.04403765690376569,0.7888000000000002,0.7213323173165572,0.732392806919037,1133.6113982200623
NZ,plant,nz21,21,BRT,tgb,0.7365437311680592,0.09460232513856233,0.04403765690376569,0.7004900000000001,0.6516324898730835,0.7036446016530516,12.569305896759033
NZ,plant,nz22,130,GLM,random,0.6814218393806926,0.10883973530725671,0.03603556485355649,0.7357730769230769,0.6527026874360118,0.5866975174425766,1116.9220781326294
NZ,plant,nz22,130,GLM,tgb,0.7371628650820905,0.15829117148410896,0.03603556485355649,0.6473923076923078,0.5818318089003223,0.6106218048638643,7.923731565475464
NZ,plant,nz22,130,BRT,random,0.7031559043540498,0.10988005134564563,0.03603556485355649,0.7923115384615385,0.728153706618778,0.6701619641725591,27.319738388061523
NZ,plant,nz22,130,BRT,tgb,0.7782960004831893,0.20060048130417227,0.03603556485355649,0.6992423076923077,0.6407590484325191,0.6744292273652945,4.395458698272705
NZ,plant,nz23,23,GLM,random,0.4815258520532913,-0.04324740163072691,0.1631276150627615,0.8566100000000001,0.8794982650140485,0.8560195825791403,1112.6510503292084
NZ,plant,nz23,23,GLM,tgb,0.48956584730927866,-0.016656928982535527,0.1631276150627615,0.78415,0.811089497062689,0.8221167370491476,4.381390333175659
NZ,plant,nz23,23,BRT,random,0.5037015661032247,-0.029947120821537616,0.1631276150627615,0.789585,0.8496593182167382,0.8414655698054812,30.44404172897339
NZ,plant,nz23,23,BRT,tgb,0.5282892406592334,-0.024216753320535613,0.1631276150627615,0.740035,0.7476784381801926,0.7647280904388378,6.5013017654418945
NZ,plant,nz24,22,GLM,random,0.7485370759006645,0.10921934975866668,0.0031380753138075313,0.8340350000000001,0.7731043879763758,0.7981238364326456,12.07532262802124
NZ,plant,nz24,22,GLM,tgb,0.7506147254284715,0.10852568827237909,0.0031380753138075313,0.810045,0.7473514524611236,0.7814680090106686,6.15377140045166
NZ,plant,nz24,22,BRT,random,0.7910650577124869,0.1709354484648428,0.0031380753138075313,0.885565,0.8159712045944566,0.8231943208044031,18.237733840942383
NZ,plant,nz24,22,BRT,tgb,0.795583683105981,0.05954744505453123,0.0031380753138075313,0.8310700000000001,0.8226602694160361,0.8401754316875266,3.832770586013794
NZ,plant,nz25,113,GLM,random,0.8239168419852171,0.1895513676828579,0.02557531380753138,0.8750494071146244,0.849472346349873,0.7899154321079832,3.9633467197418213
NZ,plant,nz25,113,GLM,tgb,0.8637658786908684,0.23025996685283678,0.02557531380753138,0.8429974308300394,0.8202773577871632,0.8020466262610724,0.9202344417572021
NZ,plant,nz25,113,BRT,random,0.8329863184026359,0.2064103231282492,0.02557531380753138,0.8594306324110672,0.8194626062585877,0.7647649213202399,6.9807586669921875
NZ,plant,nz25,113,BRT,tgb,0.8587469769966913,0.2305532367150243,0.02557531380753138,0.8202418972332015,0.8000928329092405,0.7901923051872564,4.298840045928955
NZ,plant,nz26,22,GLM,random,0.8862778031454082,0.21235194442723113,0.012447698744769874,0.9632,0.9513535975470679,0.9309265333112542,2.5401268005371094
NZ,plant,nz26,22,GLM,tgb,0.9027066816558208,0.21386871645900732,0.012447698744769874,0.95641,0.9251382949089169,0.9314374046151768,0.5572717189788818
NZ,plant,nz26,22,BRT,random,0.6989665583424345,0.06454248049187694,0.012447698744769874,0.95177,0.8671003316951031,0.8661001992885504,5.645986557006836
NZ,plant,nz26,22,BRT,tgb,0.8209680599281339,0.10350197739064389,0.012447698744769874,0.9283950000000001,0.8966671500836937,0.8980250924296301,3.0109713077545166
NZ,plant,nz27,40,GLM,random,0.5620624586141828,0.04923053940466509,0.057635983263598325,0.7367250000000001,0.6085143114025586,0.6214487737262038,1.8144876956939697
NZ,plant,nz27,40,GLM,tgb,0.5474507343835837,0.04849045310724896,0.057635983263598325,0.6968874999999999,0.6014254255696836,0.6636148182671195,0.6082358360290527
NZ,plant,nz27,40,BRT,random,0.5382942828496369,0.021216731387888953,0.057635983263598325,0.765125,0.5961814014588065,0.5879232011530557,7.153980016708374
NZ,plant,nz27,40,BRT,tgb,0.5358730299746634,0.022231292461514833,0.057635983263598325,0.7111624999999999,0.5655625202582372,0.6202068016148571,4.660404205322266
NZ,plant,nz28,18,GLM,random,0.6283887870772502,0.03536572923350356,0.003608786610878661,0.7148666666666668,0.6526897144790403,0.6850191012032305,1.3936991691589355
NZ,plant,nz28,18,GLM,tgb,0.6898409228014201,0.06119841432466992,0.003608786610878661,0.683525,0.6269293438429109,0.6864212663507192,0.5861728191375732
NZ,plant,nz28,18,BRT,random,0.7429029173408677,0.02990183116594508,0.003608786610878661,0.8713333333333333,0.7642195886318953,0.7815871739993947,6.0113911628723145
NZ,plant,nz28,18,BRT,tgb,0.7858288849381408,0.029245413985647884,0.003608786610878661,0.817,0.7293076451906486,0.7571949895058367,3.74874210357666
NZ,plant,nz29,21,GLM,random,0.6264664378908951,0.16288413428539225,0.1768828451882845,0.64291,0.6022269009453175,0.5808060332749669,1.4052762985229492
NZ,plant,nz29,21,GLM,tgb,0.5911215694249395,0.11795094055262736,0.1768828451882845,0.5671999999999999,0.49888089797410523,0.5205862755231825,0.5466601848602295
NZ,plant,nz29,21,BRT,random,0.6651543300823607,0.08548376789506718,0.1768828451882845,0.667735,0.6214395842221063,0.5964350794299074,7.096554756164551
NZ,plant,nz29,21,BRT,tgb,0.6070501633076639,0.08643460380689312,0.1768828451882845,0.6217349999999999,0.556367044684284,0.5885453919893985,4.709372282028198
NZ,plant,nz30,101,GLM,random,0.7514479093362662,0.42013823561351227,0.39173640167364016,0.7625428571428571,0.7022117448181168,0.6003776982716841,1.6966784000396729
NZ,plant,nz30,101,GLM,tgb,0.7301299927561771,0.3889899738390271,0.39173640167364016,0.6613711904761905,0.6222418965773511,0.5939858503711433,0.6529312133789062
NZ,plant,nz30,101,BRT,random,0.7854151077906111,0.38396079768116487,0.39173640167364016,0.7699021428571429,0.7137949267450231,0.615238499791879,7.085872650146484
NZ,plant,nz30,101,BRT,tgb,0.7747351699658013,0.3669043372300126,0.39173640167364016,0.6420861904761905,0.6339777917876303,0.6138529848332437,4.826742887496948
NZ,plant,nz31,47,GLM,random,0.9407198952879581,0.07170436167665716,0.0010460251046025104,0.9262477777777779,0.8114397205699622,0.7796481432144486,1.179375410079956
NZ,plant,nz31,47,GLM,tgb,0.9006387434554974,0.058279030175520816,0.0010460251046025104,0.9209200000000001,0.8569382970928473,0.8701781216879084,0.5033533573150635
NZ,plant,nz31,47,BRT,random,0.945488219895288,0.06386713605261411,0.0010460251046025104,0.8766222222222222,0.7772702376981814,0.7539892288759109,7.124045372009277
NZ,plant,nz31,47,BRT,tgb,0.9122997382198953,0.03902940675292419,0.0010460251046025104,0.8924644444444445,0.8318447003506986,0.8565850917999509,4.727142333984375
NZ,plant,nz32,105,GLM,random,0.7689468051099734,0.21342399445793703,0.05852510460251046,0.8522000000000001,0.7960366255676081,0.682790310238123,1.2808468341827393
NZ,plant,nz32,105,GLM,tgb,0.7094810888025831,0.16212696155954862,0.05852510460251046,0.8036857142857142,0.748081509550657,0.675753991634493,0.5751640796661377
NZ,plant,nz32,105,BRT,random,0.7370326561641223,0.1995914087732331,0.05852510460251046,0.862957142857143,0.7828857420900693,0.6766427702275101,7.823021411895752
NZ,plant,nz32,105,BRT,tgb,0.6810072213742072,0.13853355701004583,0.05852510460251046,0.7754809523809524,0.6970604350005126,0.6553528039002197,4.784471750259399
NZ,plant,nz33,19,GLM,random,0.8163590548441122,0.1845968396723937,0.04084728033472804,0.7726583333333334,0.6388795874908785,0.6518409370508784,1.1934103965759277
NZ,plant,nz33,19,GLM,tgb,0.8165618090760306,0.20494285097501502,0.04084728033472804,0.7486666666666667,0.6188512732766952,0.6391492592672069,0.525904655456543
NZ,plant,nz33,19,BRT,random,0.6382987034830371,0.04511128689838976,0.04084728033472804,0.71975,0.5812330677241682,0.5869161069396454,7.91438627243042
NZ,plant,nz33,19,BRT,tgb,0.724372517892677,0.05572239140221824,0.04084728033472804,0.72305,0.6447742917026932,0.680108732881446,4.18342661857605
NZ,plant,nz34,42,GLM,random,0.5776398892324013,0.041757727558123126,0.02792887029288703,0.6391097222222222,0.5960908617982581,0.6004424403769884,1.4337193965911865
NZ,plant,nz34,42,GLM,tgb,0.5357330695932785,0.01774988725246547,0.02792887029288703,0.5957152777777778,0.5777628083395103,0.6491652079312887,0.8642988204956055
NZ,plant,nz34,42,BRT,random,0.5737061059611137,0.020602577435127504,0.02792887029288703,0.6428708333333333,0.5705759292283104,0.6044296620188531,8.47221851348877
NZ,plant,nz34,42,BRT,tgb,0.5609746230802372,0.021329519749398094,0.02792887029288703,0.6371694444444443,0.5909780726427007,0.6741603956823086,4.308896064758301
NZ,plant,nz35,24,GLM,random,0.7194355304285581,0.33922432282642684,0.5533995815899582,0.7217849999999999,0.632427209877094,0.6414967505185836,1.2814784049987793
NZ,plant,nz35,24,GLM,tgb,0.6920875691257042,0.3012880428308955,0.5533995815899582,0.673635,0.5923213647647858,0.6618293563921798,0.6824183464050293
NZ,plant,nz35,24,BRT,random,0.6587321918028743,0.17031170242235594,0.5533995815899582,0.7273949999999999,0.6555101703879835,0.6529777115244658,7.982726812362671
NZ,plant,nz35,24,BRT,tgb,0.644111333425175,0.14646381917177032,0.5533995815899582,0.66943,0.6254126597918235,0.6584791702446096,4.143441438674927
NZ,plant,nz36,170,GLM,random,0.5407539716008785,0.05271554979069776,0.3581589958158996,0.7547294117647059,0.7335594842326609,0.6070731171528104,2.146141767501831
NZ,plant,nz36,170,GLM,tgb,0.5051773436262474,-0.015241557752508208,0.3581589958158996,0.6710794117647059,0.6646422249207206,0.6217708183073369,0.9641220569610596
NZ,plant,nz36,170,BRT,random,0.520609236063937,0.0570332242914547,0.3581589958158996,0.7674529411764706,0.734889429050714,0.616716533233986,7.764384746551514
NZ,plant,nz36,170,BRT,tgb,0.5036882491314474,0.01445684818308005,0.3581589958158996,0.660385294117647,0.6321700081858528,0.5986493999420743,4.208822965621948
NZ,plant,nz37,22,GLM,random,0.4993617796173589,-0.026453097642757117,0.1305439330543933,0.799565,0.6547674124630369,0.6016660838477,1.3740193843841553
NZ,plant,nz37,22,GLM,tgb,0.45068869093340486,-0.0752419226597021,0.1305439330543933,0.7632749999999999,0.6301881313013833,0.613726639640036,0.6178867816925049
NZ,plant,nz37,22,BRT,random,0.519114172666642,-0.019372814723579768,0.1305439330543933,0.780225,0.5323704123850808,0.506622821122722,7.7406299114227295
NZ,plant,nz37,22,BRT,tgb,0.5098801128003072,-0.027502741411303013,0.1305439330543933,0.6784800000000001,0.42819595559086654,0.42196518278972556,4.214341640472412
NZ,plant,nz38,147,GLM,random,0.8262633894582415,0.3202123910425437,0.07065899581589959,0.7916791954022988,0.7184497066176754,0.6685654758926941,2.1355953216552734
NZ,plant,nz38,147,GLM,tgb,0.813195237391245,0.29360898701940263,0.07065899581589959,0.7207660919540231,0.6546265303114982,0.6825345158996526,0.821601152420044
NZ,plant,nz38,147,BRT,random,0.8090084574558466,0.3083153407605821,0.07065899581589959,0.8270894252873562,0.7751997648986293,0.7211941386782224,7.593547582626343
NZ,plant,nz38,147,BRT,tgb,0.8049822212596819,0.272992960738627,0.07065899581589959,0.746660459770115,0.6923607219045088,0.7095371146703717,4.400383949279785
NZ,plant,nz39,21,GLM,random,0.642968163322331,0.006254727737665056,0.0017259414225941423,0.73591,0.6625161467774452,0.6966090949627134,1.5134520530700684
NZ,plant,nz39,21,GLM,tgb,0.6364890588707847,0.0056318504073097995,0.0017259414225941423,0.7111049999999999,0.6213365875559596,0.6915036333476383,0.6283230781555176
NZ,plant,nz39,21,BRT,random,0.6318389003462613,-0.0009267994095168671,0.0017259414225941423,0.7441549999999999,0.7070150457500907,0.7600191116391795,7.023007154464722
NZ,plant,nz39,21,BRT,tgb,0.608403149216268,-0.00015580539929109332,0.0017259414225941423,0.7689250000000001,0.6941737367610481,0.7748378365282911,3.9069204330444336
NZ,plant,nz40,19,GLM,random,0.5480608797576703,-0.05579247656734426,0.040742677824267784,0.9769333333333334,0.8910781586137425,0.8721233551738682,1.0386838912963867
NZ,plant,nz40,19,GLM,tgb,0.5630198243390668,-0.0448772256040597,0.040742677824267784,0.9701166666666665,0.8392900652253831,0.8310332389554963,0.5431175231933594
NZ,plant,nz40,19,BRT,random,0.5177345606226473,-0.010295686172208423,0.040742677824267784,0.9237,0.6474445181840417,0.7026917258616154,5.378769397735596
NZ,plant,nz40,19,BRT,tgb,0.639939740918706,-0.0022377006156426484,0.040742677824267784,0.881375,0.5346905102846514,0.6247781755427769,3.124685287475586
NZ,plant,nz41,20,GLM,random,0.9817059748427672,0.20863946842927852,0.0020920502092050207,0.9390000000000001,0.9149330842593251,0.9041023178348683,1.1972510814666748
NZ,plant,nz41,20,GLM,tgb,0.9842531446540881,0.21373006360446864,0.0020920502092050207,0.9244,0.8866150812063391,0.8869584825072941,0.5162017345428467
NZ,plant,nz41,20,BRT,random,0.9585482180293501,0.016890377532454245,0.0020920502092050207,0.9606,0.9279755776331301,0.9114882191756415,6.586774110794067
NZ,plant,nz41,20,BRT,tgb,0.9605607966457024,0.030297311274581774,0.0020920502092050207,0.9228500000000001,0.8555006811647979,0.8440237666730498,3.5637590885162354
NZ,plant,nz42,27,GLM,random,0.6289868946529862,0.23651087930356857,0.3057008368200837,0.6251466666666666,0.594379959603151,0.5511556686246699,1.3624839782714844
NZ,plant,nz42,27,GLM,tgb,0.5736046228769257,0.1356440976104451,0.3057008368200837,0.5493633333333333,0.5397285759778111,0.5579736515993549,0.6037173271179199
NZ,plant,nz42,27,BRT,random,0.5827946109395414,0.12723495239468793,0.3057008368200837,0.5792866666666666,0.5329259555753912,0.4840840395649759,7.711932897567749
NZ,plant,nz42,27,BRT,tgb,0.5326616565094187,0.062078801826779294,0.3057008368200837,0.5131533333333334,0.5104595812390429,0.5515745726352607,4.133506774902344
NZ,plant,nz43,137,GLM,random,0.6289463438903831,0.026899919595743515,0.0024581589958158996,0.8486948412698414,0.8416863054510213,0.7800291616268914,1.77435302734375
NZ,plant,nz43,137,GLM,tgb,0.6096977904601693,0.024363274579279122,0.0024581589958158996,0.80182791005291,0.7998922515851772,0.7993970525506964,0.8298678398132324
NZ,plant,nz43,137,BRT,random,0.6267158320049172,0.03390394571821269,0.0024581589958158996,0.8694465608465608,0.8291823121438607,0.7878091283236014,7.738482713699341
NZ,plant,nz43,137,BRT,tgb,0.5895423072160602,0.029108124215539096,0.0024581589958158996,0.8308366402116402,0.7918299359601914,0.8008509467134811,4.392630338668823
NZ,plant,nz44,65,GLM,random,0.8888467253575999,0.509902855518216,0.1459205020920502,0.8088000000000001,0.8125425603512891,0.7206811997984294,1.6215949058532715
NZ,plant,nz44,65,GLM,tgb,0.8478592295552966,0.44681412689219413,0.1459205020920502,0.7574615384615384,0.7794571374688095,0.7286313848761612,0.7779133319854736
NZ,plant,nz44,65,BRT,random,0.8251201693564849,0.40556853705195606,0.1459205020920502,0.8094384615384616,0.7923417478715782,0.7133717856931436,7.415291786193848
NZ,plant,nz44,65,BRT,tgb,0.8085795213857557,0.3373516403055731,0.1459205020920502,0.7613153846153846,0.7522771945183664,0.721548317372843,6.741184949874878
NZ,plant,nz45,26,GLM,random,0.9084123471030814,0.3186484445180819,0.015742677824267783,0.9431533333333333,0.928276107949267,0.92152970677922,1.4415977001190186
NZ,plant,nz45,26,GLM,tgb,0.908470074864256,0.3260346005486527,0.015742677824267783,0.92913,0.9153759437927667,0.9240521350295443,0.5916337966918945
NZ,plant,nz45,26,BRT,random,0.8487776278974437,0.14751370362767777,0.015742677824267783,0.9240166666666667,0.8416514279971598,0.8393799781935162,6.062472105026245
NZ,plant,nz45,26,BRT,tgb,0.8607493416475432,0.19453233922213958,0.015742677824267783,0.9227233333333335,0.8998479160288962,0.8947492988315926,3.190051794052124
NZ,plant,nz46,36,GLM,random,0.8926232161387675,0.0919496688025695,0.0011506276150627616,0.9323642857142858,0.9002652508726028,0.8820156240615737,1.5672667026519775
NZ,plant,nz46,36,GLM,tgb,0.878999704871524,0.08785824663455453,0.0011506276150627616,0.9194446428571428,0.8848744833841377,0.8912170738125239,0.5896415710449219
NZ,plant,nz46,36,BRT,random,0.8688725140186027,0.1293004243540009,0.0011506276150627616,0.9008107142857144,0.8089564043350908,0.7939868178357926,6.438989162445068
NZ,plant,nz46,36,BRT,tgb,0.84512062186426,0.09143402587986121,0.0011506276150627616,0.88975,0.8217944949801442,0.8300616523486314,4.237403631210327
NZ,plant,nz47,87,GLM,random,0.7734087652041189,0.33779298107163935,0.13263598326359832,0.8228918300653595,0.8050872274368152,0.7292712390771626,1.649383544921875
NZ,plant,nz47,87,GLM,tgb,0.7274186352320127,0.2904353230277075,0.13263598326359832,0.7644238562091503,0.7509368394859541,0.7440766062545097,0.6659226417541504
NZ,plant,nz47,87,BRT,random,0.7639471114266194,0.2670942601683552,0.13263598326359832,0.786878431372549,0.7446540803856052,0.6810019715677119,7.1154632568359375
NZ,plant,nz47,87,BRT,tgb,0.7408302594116026,0.23719646617139684,0.13263598326359832,0.7125156862745097,0.6847073404510388,0.6832027448164644,7.883981943130493
NZ,plant,nz48,43,GLM,random,0.6554165919320971,0.12012098979118072,0.04649581589958159,0.7491944444444444,0.7229744160089997,0.6765486305782364,1.3877742290496826
NZ,plant,nz48,43,GLM,tgb,0.6710002536502091,0.1299604957025063,0.04649581589958159,0.6737638888888888,0.6716677865423153,0.6883782802968859,0.5706815719604492
NZ,plant,nz48,43,BRT,random,0.6442205667191059,0.09659432182571774,0.04649581589958159,0.800911111111111,0.7793208668087854,0.7216103599972102,7.212923765182495
NZ,plant,nz48,43,BRT,tgb,0.658997619538137,0.06561488380870037,0.04649581589958159,0.7070458333333333,0.719882354072146,0.7199129564582603,8.375755786895752
NZ,plant,nz49,37,GLM,random,0.9134416425375099,0.15164895233372092,0.00653765690376569,0.9234857142857142,0.8771602336921529,0.8677352344644126,1.3925809860229492
NZ,plant,nz49,37,GLM,tgb,0.9190148986575414,0.16401945246292055,0.00653765690376569,0.9210964285714287,0.8870705351523356,0.8920664612012776,0.5560216903686523
NZ,plant,nz49,37,BRT,random,0.8729057120294814,0.14902056310324502,0.00653765690376569,0.9355482142857143,0.8916044783455368,0.8664490880126642,6.818838119506836
NZ,plant,nz49,37,BRT,tgb,0.8823016583311397,0.1728192538776438,0.00653765690376569,0.9205553571428572,0.878700736192408,0.8754328476036726,6.845339298248291
NZ,plant,nz50,131,GLM,random,0.7267262882528127,0.16159818243195206,0.050156903765690375,0.8603213675213677,0.8468193469424644,0.7503990951715533,5.56127667427063
NZ,plant,nz50,131,GLM,tgb,0.7079051760355285,0.154387302463892,0.050156903765690375,0.8399682336182337,0.8269043240730719,0.7672294971808341,3.874802589416504
NZ,plant,nz50,131,BRT,random,0.7446901337067439,0.19548923476144764,0.050156903765690375,0.881575641025641,0.8347113138546284,0.7389195808264614,8.526449203491211
NZ,plant,nz50,131,BRT,tgb,0.742777597137043,0.19556593411657452,0.050156903765690375,0.8535203703703704,0.8249814171294719,0.7567784685282004,4.304002285003662
NZ,plant,nz51,42,GLM,random,0.6420666725729358,0.0763387685042156,0.029393305439330542,0.7958125,0.5757518582231909,0.5596856899110443,4.584688663482666
NZ,plant,nz51,42,GLM,tgb,0.6664098014918316,0.09066565714712707,0.029393305439330542,0.759,0.5822919969177419,0.625981390021731,2.7563161849975586
NZ,plant,nz51,42,BRT,random,0.6530598596532406,0.03995986746313663,0.029393305439330542,0.8169194444444445,0.6397558717569883,0.5884679906006361,8.933587312698364
NZ,plant,nz51,42,BRT,tgb,0.6449563818195834,0.04859702210415879,0.029393305439330542,0.7702180555555557,0.6046138173194302,0.6173155370393606,4.572490215301514
NZ,plant,nz52,174,GLM,random,0.8233344251873742,0.18960772228390083,0.029027196652719665,0.8261772268907563,0.8147223430920855,0.7826792493464498,9.605028629302979
NZ,plant,nz52,174,GLM,tgb,0.8285539727715865,0.2071774883766148,0.029027196652719665,0.7825261344537815,0.7719614173290171,0.8253148207296526,2.3449034690856934
NZ,plant,nz52,174,BRT,random,0.8020780651375857,0.19134423121277022,0.029027196652719665,0.833700924369748,0.7967518179266895,0.7630727541259313,7.662840843200684
NZ,plant,nz52,174,BRT,tgb,0.8195250192287629,0.20765938778962362,0.029027196652719665,0.7923368907563025,0.7573108526506076,0.8092410727891558,3.9703075885772705
SA,plant,sa01,120,GLM,random,0.6034063260340633,0.1424960665739409,0.09868421052631579,0.7123791666666668,0.5246867827665495,0.45147730058060576,6.31407904624939
SA,plant,sa01,120,GLM,tgb,0.618978102189781,0.13643377950102956,0.09868421052631579,0.5617041666666667,0.4390660479589606,0.4473580356141376,0.2593522071838379
SA,plant,sa01,120,BRT,random,0.6715328467153285,0.17977355504471498,0.09868421052631579,0.7066208333333334,0.5676743810744046,0.49537916318200426,13.74185037612915
SA,plant,sa01,120,BRT,tgb,0.6209245742092457,0.14201318111974634,0.09868421052631579,0.6131791666666666,0.5146756353424979,0.4940050771013268,6.309566497802734
SA,plant,sa02,150,GLM,random,0.666329625884732,0.22306468064540858,0.1513157894736842,0.8238100000000002,0.7472214429710125,0.6610052162326631,6.298429727554321
SA,plant,sa02,150,GLM,tgb,0.6080215706100438,0.15352724438659732,0.1513157894736842,0.76842,0.6868973334473152,0.6606886582025386,0.2847411632537842
SA,plant,sa02,150,BRT,random,0.6066734074823054,0.11448703876635755,0.1513157894736842,0.8177133333333334,0.682171517880122,0.5872878827111467,13.757590055465698
SA,plant,sa02,150,BRT,tgb,0.6006066734074823,0.07630955458503691,0.1513157894736842,0.7607533333333334,0.6440959526827597,0.5710894002768021,6.320726633071899
SA,plant,sa03,28,GLM,random,0.8828125,0.34378845226107285,0.05263157894736842,0.8189866666666668,0.639957804191888,0.6294116579048915,4.42259955406189
SA,plant,sa03,28,GLM,tgb,0.8845486111111112,0.3419910072532473,0.05263157894736842,0.7868233333333333,0.6131806342632301,0.6116174748756155,0.5825424194335938
SA,plant,sa03,28,BRT,random,0.8550347222222222,0.6009964735276124,0.05263157894736842,0.7516133333333334,0.5521103889163914,0.5140456113580183,11.7867591381073
SA,plant,sa03,28,BRT,tgb,0.868923611111111,0.46637373062700554,0.05263157894736842,0.7879533333333334,0.6397594235848465,0.6417121276345139,5.1852192878723145
SA,plant,sa04,60,GLM,random,0.926961926961927,0.4286148903839486,0.05921052631578947,0.8217916666666667,0.70353102796544,0.7322726645581102,4.903092384338379
SA,plant,sa04,60,GLM,tgb,0.9463869463869464,0.46626483185441997,0.05921052631578947,0.7970166666666667,0.707985964944619,0.7604517260376767,0.7293791770935059
SA,plant,sa04,60,BRT,random,0.9316239316239315,0.49695531563191586,0.05921052631578947,0.8141083333333332,0.6669230616831137,0.6600541917088306,13.344396352767944
SA,plant,sa04,60,BRT,tgb,0.9324009324009324,0.4256549584134708,0.05921052631578947,0.7620083333333334,0.6849519241564653,0.7196963766831881,6.007554531097412
SA,plant,sa05,61,GLM,random,0.9024630541871921,0.3303326091011415,0.046052631578947366,0.8780647435897435,0.7543093432295882,0.675114133958916,5.746273756027222
SA,plant,sa05,61,GLM,tgb,0.8620689655172413,0.2809876762432465,0.046052631578947366,0.8443384615384616,0.6930464279327042,0.6436564629637931,0.43365979194641113
SA,plant,sa05,61,BRT,random,0.903448275862069,0.4350249585314932,0.046052631578947366,0.8902371794871795,0.7386616313604151,0.6322502541378463,12.770979166030884
SA,plant,sa05,61,BRT,tgb,0.9152709359605912,0.4758140583912932,0.046052631578947366,0.8598147435897434,0.6693205351111879,0.5648387681433417,6.052170276641846
SA,plant,sa06,32,GLM,random,0.9261083743842364,0.4061648046325021,0.046052631578947366,0.797052380952381,0.6431831927269018,0.6351778344321037,4.231092929840088
SA,plant,sa06,32,GLM,tgb,0.9448275862068966,0.43031342411511264,0.046052631578947366,0.7754380952380953,0.6621098231261981,0.6811571449687353,0.6284244060516357
SA,plant,sa06,32,BRT,random,0.9389162561576355,0.4204797137053776,0.046052631578947366,0.7618142857142857,0.5228074553378926,0.5362748162587189,11.604638814926147
SA,plant,sa06,32,BRT,tgb,0.9162561576354681,0.37637736103574826,0.046052631578947366,0.7883380952380952,0.6474557646096032,0.6591031642144465,5.192974805831909
SA,plant,sa07,17,GLM,random,0.8767361111111112,0.3466817591158347,0.05263157894736842,0.931175,0.8629253352064462,0.8069943257149208,3.593130350112915
SA,plant,sa07,17,GLM,tgb,0.8697916666666667,0.3401671633363955,0.05263157894736842,0.9192499999999999,0.8122312603005301,0.7563598201134231,0.5799345970153809
SA,plant,sa07,17,BRT,random,0.578125,0.20936315943356262,0.05263157894736842,0.9195249999999999,0.6913547397665698,0.6649285071386419,9.202149868011475
SA,plant,sa07,17,BRT,tgb,0.8346354166666667,0.30120258798260674,0.05263157894736842,0.9432750000000001,0.7597162667387254,0.7127004979282989,3.958340883255005
SA,plant,sa08,35,GLM,random,0.982638888888889,0.4306296490911161,0.05263157894736842,0.8726142857142858,0.8015293856925487,0.7139338346848035,4.540390491485596
SA,plant,sa08,35,GLM,tgb,0.9878472222222222,0.4957709832661996,0.05263157894736842,0.8430714285714286,0.7868598889309892,0.7649295039895094,0.7344977855682373
SA,plant,sa08,35,BRT,random,0.9513888888888888,0.4698130755937189,0.05263157894736842,0.7973857142857143,0.6318920020339089,0.5938424610127753,12.6390700340271
SA,plant,sa08,35,BRT,tgb,0.9322916666666667,0.38924814514788414,0.05263157894736842,0.8134571428571429,0.7248857850904248,0.6792275402785197,5.90563440322876
SA,plant,sa09,49,GLM,random,0.8598591549295774,0.3933559323045431,0.06578947368421052,0.7609888888888889,0.6239006207059711,0.6867425235948307,3.4310688972473145
SA,plant,sa09,49,GLM,tgb,0.8619718309859155,0.39126682953135244,0.06578947368421052,0.7680044444444445,0.6507491181037762,0.6967123685072012,0.6066896915435791
SA,plant,sa09,49,BRT,random,0.7992957746478873,0.3429152600980653,0.06578947368421052,0.7825155555555556,0.5985983240074229,0.6341182353292311,15.055938720703125
SA,plant,sa09,49,BRT,tgb,0.8507042253521127,0.31256107170542646,0.06578947368421052,0.7638577777777777,0.6199673240031576,0.66147676312308,5.688493013381958
SA,plant,sa10,99,GLM,random,0.5573310905522848,0.08902956127048373,0.19078947368421054,0.7185128947368421,0.4821359469302958,0.4408480812023413,6.6486101150512695
SA,plant,sa10,99,GLM,tgb,0.5620970002803476,0.08324964828006626,0.19078947368421054,0.6616610526315789,0.49118682950784115,0.4538325485393539,1.1082112789154053
SA,plant,sa10,99,BRT,random,0.5895710681244744,0.12029916756268355,0.19078947368421054,0.7009339473684211,0.49543315594313747,0.4293192556695288,13.977813959121704
SA,plant,sa10,99,BRT,tgb,0.5817213344547238,0.10911434863005527,0.19078947368421054,0.6435773684210526,0.47985513467559054,0.47662516295900514,5.882483959197998
SA,plant,sa11,35,GLM,random,0.7491319444444444,0.19259763761484228,0.05263157894736842,0.8359285714285715,0.7411555979692162,0.8022369194501155,3.8249094486236572
SA,plant,sa11,35,GLM,tgb,0.7560763888888888,0.19726034093595185,0.05263157894736842,0.8140428571428572,0.7631749514966326,0.8448323695085703,0.6775219440460205
SA,plant,sa11,35,BRT,random,0.7855902777777778,0.10272979064547874,0.05263157894736842,0.8446714285714286,0.7318668056335855,0.7868180966190594,14.22663688659668
SA,plant,sa11,35,BRT,tgb,0.8289930555555556,0.1400480224941882,0.05263157894736842,0.7907571428571428,0.7415932403001948,0.8232251160440157,5.477891206741333
SA,plant,sa12,203,GLM,random,0.7815085158150852,0.30062021816011314,0.09868421052631579,0.8036101219512195,0.7500535307171925,0.6916576275603349,5.870179176330566
SA,plant,sa12,203,GLM,tgb,0.8686131386861313,0.38836623282385574,0.09868421052631579,0.7547956097560975,0.7267704069877718,0.7148984065481587,1.0220527648925781
SA,plant,sa12,203,BRT,random,0.7868613138686131,0.2754408675420663,0.09868421052631579,0.8083650609756099,0.7401957222717617,0.6923846962946425,13.646267414093018
SA,plant,sa12,203,BRT,tgb,0.8690997566909976,0.43241832411935005,0.09868421052631579,0.7551439024390244,0.7219188542957211,0.715631531915341,5.7837233543396
SA,plant,sa13,86,GLM,random,0.8671328671328671,0.3273007702203263,0.05921052631578947,0.7945316993464052,0.6322253290950723,0.6447903471313354,5.378967761993408
SA,plant,sa13,86,GLM,tgb,0.8477078477078477,0.2966338351645387,0.05921052631578947,0.7462130718954249,0.5882886849445738,0.6796848509551029,0.8564045429229736
SA,plant,sa13,86,BRT,random,0.8663558663558664,0.395950123867742,0.05921052631578947,0.8562684640522875,0.6337673104933736,0.6290494200961255,13.752609968185425
SA,plant,sa13,86,BRT,tgb,0.8624708624708625,0.3934344742843689,0.05921052631578947,0.8142431372549019,0.639024255989821,0.6709320326744745,5.936173439025879
SA,plant,sa14,81,GLM,random,0.858128078817734,0.28656302991448723,0.046052631578947366,0.8381830882352942,0.8163647447455027,0.8437376308867301,5.320669889450073
SA,plant,sa14,81,GLM,tgb,0.7970443349753695,0.25375735117252984,0.046052631578947366,0.7877867647058823,0.7724754127713,0.8350914933840832,0.7958958148956299
SA,plant,sa14,81,BRT,random,0.8463054187192118,0.2494033241508004,0.046052631578947366,0.8239496323529412,0.6973961989640887,0.7185400126893562,13.342265844345093
SA,plant,sa14,81,BRT,tgb,0.825615763546798,0.24727075313261407,0.046052631578947366,0.7908827205882354,0.7126865708569089,0.7623013804753768,5.5493550300598145
SA,plant,sa15,88,GLM,random,0.5659367396593674,0.07426177084988195,0.09868421052631579,0.706742156862745,0.6254075329820521,0.5384869122321384,6.679288148880005
SA,plant,sa15,88,GLM,tgb,0.5469586374695863,0.05370047805166646,0.09868421052631579,0.6377434640522874,0.561747168693798,0.5565561009394333,0.8034462928771973
SA,plant,sa15,88,BRT,random,0.5576642335766424,0.01416911805082167,0.09868421052631579,0.7474620915032679,0.667837167162357,0.5861290535458193,13.37201476097107
SA,plant,sa15,88,BRT,tgb,0.5532846715328467,0.043403448180981845,0.09868421052631579,0.6608653594771241,0.6116946339663559,0.5712242007274042,6.475114822387695
SA,plant,sa16,37,GLM,random,0.8088669950738916,0.23187285080423434,0.046052631578947366,0.8105035714285714,0.42002327035997417,0.42062312554141823,3.877258062362671
SA,plant,sa16,37,GLM,tgb,0.8758620689655172,0.31436757074163324,0.046052631578947366,0.7806714285714286,0.47115542287029755,0.5130338437433544,0.7098202705383301
SA,plant,sa16,37,BRT,random,0.9142857142857143,0.19051982067426992,0.046052631578947366,0.7844214285714286,0.5896017637868244,0.5431662940599317,13.734840869903564
SA,plant,sa16,37,BRT,tgb,0.9064039408866995,0.4423586233315535,0.046052631578947366,0.7931803571428571,0.5645435858423832,0.5546032153482944,5.81877326965332
SA,plant,sa17,36,GLM,random,0.8723404255319149,0.39483378099227584,0.07236842105263158,0.9114571428571429,0.8258479054655595,0.7641500307509772,3.028019905090332
SA,plant,sa17,36,GLM,tgb,0.8652482269503546,0.39221382310705394,0.07236842105263158,0.8805660714285715,0.7516669610762208,0.719109552168244,0.5368242263793945
SA,plant,sa17,36,BRT,random,0.8565441650548034,0.4215574843280404,0.07236842105263158,0.9332267857142857,0.8358753620597744,0.799885116863782,13.799710750579834
SA,plant,sa17,36,BRT,tgb,0.7962604771115409,0.4187088215933915,0.07236842105263158,0.8893678571428572,0.8189047130254329,0.7828895075636734,5.5670061111450195
SA,plant,sa18,123,GLM,random,0.7609814008705975,0.31380719434529847,0.125,0.7406245,0.6254306286924194,0.5410709069099136,6.571021795272827
SA,plant,sa18,123,GLM,tgb,0.6248516026909379,0.12680519647552252,0.125,0.6488481666666667,0.5220652871489129,0.5323096835543317,1.041884422302246
SA,plant,sa18,123,BRT,random,0.6770874554808073,0.2191339595423968,0.125,0.7343808333333334,0.6369523237593231,0.553832813606074,13.86548137664795
SA,plant,sa18,123,BRT,tgb,0.556390977443609,0.07531776522853205,0.125,0.661382,0.54437408116959,0.5133153115708392,5.995973825454712
SA,plant,sa19,36,GLM,random,0.8352758352758353,0.29042977763801836,0.05921052631578947,0.8781803571428572,0.8214527006210046,0.6890934035823192,3.276521921157837
SA,plant,sa19,36,GLM,tgb,0.871017871017871,0.3325503395241244,0.05921052631578947,0.8523714285714284,0.7529229807649147,0.6491329154673031,0.6067495346069336
SA,plant,sa19,36,BRT,random,0.8764568764568765,0.34021378414975756,0.05921052631578947,0.8671214285714285,0.7392267665297837,0.6032916900342897,12.5968656539917
SA,plant,sa19,36,BRT,tgb,0.8927738927738927,0.36487412610350367,0.05921052631578947,0.7928089285714286,0.6455734130766501,0.5323970703355785,5.049859285354614
SA,plant,sa20,54,GLM,random,0.767605633802817,0.22479967777366372,0.06578947368421052,0.7463572727272727,0.6405845455964061,0.5930147637749806,4.0828306674957275
SA,plant,sa20,54,GLM,tgb,0.8028169014084507,0.2647628581416318,0.06578947368421052,0.7009199999999999,0.6291114269629292,0.6161489985157875,0.6223571300506592
SA,plant,sa20,54,BRT,random,0.7873239436619719,0.180331631982723,0.06578947368421052,0.7243281818181818,0.6490792380072059,0.6104411920783234,14.108641147613525
SA,plant,sa20,54,BRT,tgb,0.7943661971830986,0.11598634961092638,0.06578947368421052,0.694519090909091,0.6640148669090202,0.6363611804263438,6.050860404968262
SA,plant,sa21,27,GLM,random,0.8007747648035419,0.28070942876949534,0.08552631578947369,0.8037833333333333,0.43911666292270346,0.40314256206061827,3.8248863220214844
SA,plant,sa21,27,GLM,tgb,0.7670171555063643,0.27011636470675765,0.08552631578947369,0.7408333333333333,0.3893650867373982,0.38230299619774766,0.5792784690856934
SA,plant,sa21,27,BRT,random,0.7542888765910348,0.39462314814937005,0.08552631578947369,0.7932133333333333,0.4553703926334103,0.37546009546009546,12.494818210601807
SA,plant,sa21,27,BRT,tgb,0.7570558937465413,0.29302945372006006,0.08552631578947369,0.7915266666666666,0.41699994119483935,0.3516282165546871,5.0539445877075195
SA,plant,sa22,57,GLM,random,0.8813668600902644,0.3796833777149615,0.07236842105263158,0.9150666666666666,0.8880578067847656,0.8475393663001144,3.509005069732666
SA,plant,sa22,57,GLM,tgb,0.8665377176015474,0.381483318867181,0.07236842105263158,0.8928098484848486,0.8348547731375316,0.8178555073248442,0.5396127700805664
SA,plant,sa22,57,BRT,random,0.8072211476466796,0.1711313521500478,0.07236842105263158,0.8977890151515151,0.7609780453447889,0.7259482836658501,11.040592432022095
SA,plant,sa22,57,BRT,tgb,0.8252740167633784,0.2468249795588248,0.07236842105263158,0.8893465909090909,0.7277403802356286,0.6913245404870434,4.435164928436279
SA,plant,sa23,55,GLM,random,0.8888888888888888,0.33059652975562953,0.05263157894736842,0.8751454545454547,0.8424075347771902,0.7559748614317485,4.415153503417969
SA,plant,sa23,55,GLM,tgb,0.8793402777777779,0.3367156431084189,0.05263157894736842,0.8435454545454546,0.7936047552159369,0.737171861124098,0.7874608039855957
SA,plant,sa23,55,BRT,random,0.8315972222222221,0.2934518397523536,0.05263157894736842,0.8569636363636363,0.7883482839159404,0.7094974665550502,13.663792133331299
SA,plant,sa23,55,BRT,tgb,0.8307291666666667,0.18356279803826195,0.05263157894736842,0.8214454545454546,0.7145169813013531,0.6504656533944828,6.094412803649902
SA,plant,sa24,138,GLM,random,0.7473645946928389,0.3033147502791968,0.13815789473684212,0.758033201058201,0.6261089085225255,0.6988548981640348,6.467637062072754
SA,plant,sa24,138,GLM,tgb,0.7778989458378771,0.3511115654925884,0.13815789473684212,0.718987037037037,0.6152257510291583,0.7022975624352152,0.8058514595031738
SA,plant,sa24,138,BRT,random,0.7978916757542711,0.35672622864833453,0.13815789473684212,0.786088888888889,0.6844356505345404,0.7075575866510199,13.421923875808716
SA,plant,sa24,138,BRT,tgb,0.7797164667393675,0.30428259986667455,0.13815789473684212,0.731113425925926,0.6868580686224117,0.740934591191503,5.767165899276733
SA,plant,sa25,66,GLM,random,0.6682206682206683,0.1330172384564146,0.05921052631578947,0.8179010989010989,0.7793530700264502,0.7056812058116095,4.07344126701355
SA,plant,sa25,66,GLM,tgb,0.6767676767676767,0.15459061841406005,0.05921052631578947,0.77545,0.7580633599294906,0.7222475301817564,0.7111546993255615
SA,plant,sa25,66,BRT,random,0.7886557886557887,0.2523913503031872,0.05921052631578947,0.8278928571428572,0.722702627195745,0.627453365431395,12.878509283065796
SA,plant,sa25,66,BRT,tgb,0.7226107226107226,0.13405156572877222,0.05921052631578947,0.7691434065934067,0.6968849625293669,0.6283933125277524,4.3529603481292725
SA,plant,sa26,216,GLM,random,0.6764444444444444,0.2575570198296598,0.17763157894736842,0.7322623150105708,0.6151832465854026,0.5849377998377466,8.463708877563477
SA,plant,sa26,216,GLM,tgb,0.6361481481481481,0.1827373995039468,0.17763157894736842,0.6367478858350951,0.6076711164264261,0.6400366678965931,0.9921014308929443
SA,plant,sa26,216,BRT,random,0.7108148148148149,0.2850231000739792,0.17763157894736842,0.7541303911205074,0.6284445114377388,0.592221222553478,9.531291484832764
SA,plant,sa26,216,BRT,tgb,0.6915555555555555,0.2642496545407193,0.17763157894736842,0.6557806553911204,0.5871078636742426,0.6330560817728631,3.0792999267578125
SA,plant,sa27,38,GLM,random,0.8616938616938616,0.34358249678064445,0.05921052631578947,0.8594446428571431,0.7193562732821718,0.7053096467414567,3.4681055545806885
SA,plant,sa27,38,GLM,tgb,0.8912198912198912,0.37741150012175656,0.05921052631578947,0.8550339285714286,0.7164048489243757,0.7074631889845137,0.5678744316101074
SA,plant,sa27,38,BRT,random,0.9261849261849262,0.5728518746287582,0.05921052631578947,0.8607178571428571,0.7543390056827939,0.7466114593103413,10.261810302734375
SA,plant,sa27,38,BRT,tgb,0.9075369075369075,0.5964937653838049,0.05921052631578947,0.8542232142857143,0.7874496279906116,0.7740244595288749,3.4628779888153076
SA,plant,sa28,43,GLM,random,0.7246478873239436,0.1807513959838234,0.06578947368421052,0.8307694444444443,0.7678780390285632,0.6961713249602348,3.8194985389709473
SA,plant,sa28,43,GLM,tgb,0.7647887323943662,0.23459235055127278,0.06578947368421052,0.7909027777777777,0.6833267662031048,0.6637364860312106,0.6003410816192627
SA,plant,sa28,43,BRT,random,0.7894366197183098,0.24881177936008275,0.06578947368421052,0.7989222222222222,0.7240222083765925,0.6548514225428441,10.794841766357422
SA,plant,sa28,43,BRT,tgb,0.7866197183098592,0.26015852185812854,0.06578947368421052,0.7593222222222222,0.6884294811166581,0.6129229392891757,3.4707798957824707
SA,plant,sa29,61,GLM,random,0.7909867909867909,0.23836926777000772,0.05921052631578947,0.7273762820512821,0.6784501796361398,0.6480255332160432,4.447757005691528
SA,plant,sa29,61,GLM,tgb,0.7342657342657343,0.19807893235384633,0.05921052631578947,0.6685807692307691,0.6188367429858417,0.6528420929260238,0.5822420120239258
SA,plant,sa29,61,BRT,random,0.8352758352758353,0.42438758381374486,0.05921052631578947,0.6795769230769231,0.6325958300131552,0.5991764966109893,10.070092916488647
SA,plant,sa29,61,BRT,tgb,0.7536907536907537,0.24343044508109873,0.05921052631578947,0.6564038461538462,0.612653460911432,0.6066694675132538,3.2642149925231934
SA,plant,sa30,88,GLM,random,0.6068965517241378,0.07480723933728305,0.046052631578947366,0.7365222222222222,0.6209539276015785,0.6376240203511397,5.407383918762207
SA,plant,sa30,88,GLM,tgb,0.6197044334975369,0.1013478657826891,0.046052631578947366,0.7124931372549019,0.6319587251421638,0.6844601758416958,0.543189287185669
SA,plant,sa30,88,BRT,random,0.658128078817734,0.013621324216987729,0.046052631578947366,0.7423313725490195,0.6343214871211487,0.6317895978615854,9.224636793136597
SA,plant,sa30,88,BRT,tgb,0.7625615763546798,0.11316584936011434,0.046052631578947366,0.7135437908496731,0.6502878642276806,0.6778371372767663,2.922301769256592
SWI,tree,swi01,482,GLM,random,0.8269773251743964,0.1268631727795497,0.010686108059522621,0.936491376718213,0.918448878057848,0.7605468274137579,2.702068328857422
SWI,tree,swi01,482,GLM,tgb,0.8462680033435792,0.14419749770380458,0.010686108059522621,0.8649203178694158,0.8334486435497389,0.7909570832701653,2.8463997840881348
SWI,tree,swi01,482,BRT,random,0.8505691820873218,0.1458447847167849,0.010686108059522621,0.9427893900343642,0.9247155264018863,0.773033537185676,6.1835691928863525
SWI,tree,swi01,482,BRT,tgb,0.8612641069039626,0.16216154138626238,0.010686108059522621,0.8846273518041237,0.8467936493403727,0.7909893552368099,6.932819366455078
SWI,tree,swi02,1245,GLM,random,0.7551057487383724,0.1538813354399104,0.029761310296614402,0.9301895582329317,0.9096104467583797,0.7532097734838024,3.58176851272583
SWI,tree,swi02,1245,GLM,tgb,0.7883121997050156,0.18152200153777315,0.029761310296614402,0.863939357429719,0.8287543322993696,0.7814593498006529,3.218402147293091
SWI,tree,swi02,1245,BRT,random,0.7633442369269137,0.16017173391312411,0.029761310296614402,0.9407582329317268,0.9189724294869108,0.7578941296510882,6.342491626739502
SWI,tree,swi02,1245,BRT,tgb,0.7951790457570974,0.18988069675265898,0.029761310296614402,0.8959903614457831,0.8376332750579728,0.777771145810706,7.175955533981323
SWI,tree,swi03,291,GLM,random,0.6549916457513187,0.05764897689837396,0.014181563966843103,0.8995817650496786,0.8342119818873863,0.7737227446762829,2.6915314197540283
SWI,tree,swi03,291,GLM,tgb,0.6712135848216643,0.06821535360338478,0.014181563966843103,0.7811849503214494,0.7333966492518933,0.8415721234674152,3.1442933082580566
SWI,tree,swi03,291,BRT,random,0.7003728377763287,0.07329346250580066,0.014181563966843103,0.9296712741087083,0.8700206728182358,0.8073397289369082,6.26055645942688
SWI,tree,swi03,291,BRT,tgb,0.7252843369608798,0.08349274731010235,0.014181563966843103,0.8244274108708357,0.7479180124200137,0.8587759297888111,6.855161905288696
SWI,tree,swi04,710,GLM,random,0.8698786973855643,0.1644802932364255,0.011884550084889643,0.9489887323943662,0.9221926751766347,0.7918937676269813,3.000282049179077
SWI,tree,swi04,710,GLM,tgb,0.9078917194530934,0.20534703407494315,0.011884550084889643,0.8639014084507041,0.8153993815459698,0.8216049589968307,3.147864580154419
SWI,tree,swi04,710,BRT,random,0.8779720499479354,0.1743599640278221,0.011884550084889643,0.9552471830985916,0.9384643079868334,0.8217201213701205,6.2543487548828125
SWI,tree,swi04,710,BRT,tgb,0.9052146025177811,0.20908950246928104,0.011884550084889643,0.8848669014084507,0.8379632655597117,0.8352280621753361,6.9200499057769775
SWI,tree,swi05,91,GLM,random,0.9919680439824757,0.34819926991028294,0.0034954559073204832,0.9965932748538012,0.9836045967590726,0.9579450905267497,1.2409076690673828
SWI,tree,swi05,91,GLM,tgb,0.9935486642041061,0.4021795150386646,0.0034954559073204832,0.9933938596491227,0.9735724612105794,0.9497678411051989,1.7788920402526855
SWI,tree,swi05,91,BRT,random,0.9676402370930333,0.49851070354669574,0.0034954559073204832,0.9972327485380117,0.9781572318990562,0.958162365469425,4.843943357467651
SWI,tree,swi05,91,BRT,tgb,0.9652406723362826,0.4754829607901087,0.0034954559073204832,0.996654970760234,0.979831809351705,0.9622702336895275,4.709864616394043
SWI,tree,swi06,5822,GLM,random,0.7082352189161776,0.3574950428060791,0.6943972835314092,0.8702147979071724,0.8555267618921892,0.6581674940288826,5.521468877792358
SWI,tree,swi06,5822,GLM,tgb,0.8355777681895904,0.5772328146702518,0.6943972835314092,0.7098073438122207,0.7018947468445897,0.7843467003810861,2.575101375579834
SWI,tree,swi06,5822,BRT,random,0.7224838293340252,0.38516616783289287,0.6943972835314092,0.8780209576641154,0.861736600029408,0.6874522026179595,7.8319783210754395
SWI,tree,swi06,5822,BRT,tgb,0.8438533608946719,0.5835087579945339,0.6943972835314092,0.7600833596227307,0.7385911983773182,0.8017763996644891,8.887218475341797
SWI,tree,swi07,857,GLM,random,0.9081312954257496,0.2593017078047993,0.022171177469289923,0.9599533115735073,0.9472313355117276,0.8726132565400132,3.123167037963867
SWI,tree,swi07,857,GLM,tgb,0.9262307450950082,0.2966763639431973,0.022171177469289923,0.8820162620699035,0.8442093264800414,0.8963494874562171,3.416139841079712
SWI,tree,swi07,857,BRT,random,0.9210867490920601,0.28184956681574264,0.022171177469289923,0.9642779579763362,0.9460980496822392,0.882491092200746,6.03078293800354
SWI,tree,swi07,857,BRT,tgb,0.9350584881684871,0.31772032057755323,0.022171177469289923,0.9046646606827146,0.863957632077138,0.9036167072272809,6.929514408111572
SWI,tree,swi08,1452,GLM,random,0.8475627611751299,0.2756746142092393,0.04763807050833916,0.9485291859225027,0.9335324762078873,0.8140817043093442,3.3669016361236572
SWI,tree,swi08,1452,GLM,tgb,0.8649058450466423,0.3035362048434523,0.04763807050833916,0.892990231070032,0.8599960770512542,0.811261230374239,3.5011298656463623
SWI,tree,swi08,1452,BRT,random,0.8634531133482476,0.29448857955586,0.04763807050833916,0.9557576573053679,0.9375677570854102,0.8218259710517245,6.640243053436279
SWI,tree,swi08,1452,BRT,tgb,0.8689975887467816,0.3128762575560622,0.04763807050833916,0.909264395070506,0.8681991326454982,0.8348754754063716,7.45992112159729
SWI,tree,swi09,937,GLM,random,0.7988295623870921,0.18270226096729314,0.030560271646859084,0.9263359369666627,0.9108009650077342,0.740532815211345,1.4162046909332275
SWI,tree,swi09,937,GLM,tgb,0.8214037306141851,0.20948336157654254,0.030560271646859084,0.8346271333485037,0.8045872564885197,0.7818358770030772,1.5249457359313965
SWI,tree,swi09,937,BRT,random,0.8033758402231124,0.18879507160367182,0.030560271646859084,0.9372267209011265,0.9249448104067917,0.764046753246379,7.199898958206177
SWI,tree,swi09,937,BRT,tgb,0.825200936457822,0.2157014999903829,0.030560271646859084,0.8759141597451361,0.8499132963956113,0.7927378965013314,7.543845176696777
SWI,tree,swi10,2830,GLM,random,0.7598015103876616,0.3080334547234579,0.13642265055427943,0.9177917844522968,0.8964782545091341,0.7468576745643285,2.574436664581299
SWI,tree,swi10,2830,GLM,tgb,0.8089050256683951,0.3722905256541821,0.13642265055427943,0.7822165194346289,0.7572531348626939,0.7849836633013103,3.363224506378174
SWI,tree,swi10,2830,BRT,random,0.7651682613711269,0.3172151798220434,0.13642265055427943,0.9264308303886926,0.907077429034843,0.7499553450382372,7.55257511138916
SWI,tree,swi10,2830,BRT,tgb,0.8171245166486875,0.3795419584715023,0.13642265055427943,0.8088378975265018,0.777150929761666,0.791331999779956,7.707180023193359
SWI,tree,swi11,749,GLM,random,0.8274519279287672,0.13422420237912056,0.010386497553180865,0.9527301118568232,0.945619017226832,0.8343416258035579,1.6936452388763428
SWI,tree,swi11,749,GLM,tgb,0.8408527213023126,0.1495209507088025,0.010386497553180865,0.9055129082774049,0.8810720428259924,0.8527525244282923,2.5153799057006836
SWI,tree,swi11,749,BRT,random,0.8654496300954067,0.1561000484244945,0.010386497553180865,0.9605806174496646,0.9469872496572724,0.8386903113751896,6.97996187210083
SWI,tree,swi11,749,BRT,tgb,0.8666082504638364,0.1607149467156838,0.010386497553180865,0.9234547695749441,0.8929660449972674,0.8600536054261131,6.869152545928955
SWI,tree,swi12,37,GLM,random,0.6628590013009106,0.04555828878813836,0.001997403375611705,0.9076410714285714,0.9132635850742027,0.9265353438236117,1.017108678817749
SWI,tree,swi12,37,GLM,tgb,0.66413989792855,0.06177460241404227,0.001997403375611705,0.8808785714285715,0.8896978092717293,0.9635323253789492,1.4834821224212646
SWI,tree,swi12,37,BRT,random,0.6940958671069748,0.03663573005452456,0.001997403375611705,0.8970732142857143,0.9019439251995429,0.9174043750204215,6.552682876586914
SWI,tree,swi12,37,BRT,tgb,0.7035274692284599,0.07389304394071868,0.001997403375611705,0.8743285714285713,0.8532329821058229,0.9364373442251337,6.1854987144470215
SWI,tree,swi13,3357,GLM,random,0.7533328369519269,0.39777446944451067,0.3321681813642265,0.8950351989967,0.8696185899834645,0.6803610655056176,3.09464168548584
SWI,tree,swi13,3357,GLM,tgb,0.7910026553707525,0.4563767316606592,0.3321681813642265,0.7776727593188915,0.7183526771798332,0.7392335491680766,3.1825599670410156
SWI,tree,swi13,3357,BRT,random,0.7585120418802028,0.40983463340866355,0.3321681813642265,0.902453387246292,0.8800197175997356,0.7015120826479375,7.362602710723877
SWI,tree,swi13,3357,BRT,tgb,0.8131715705462739,0.4807219007208725,0.3321681813642265,0.837346011749521,0.7886687195000674,0.7525711046420052,7.8422417640686035
SWI,tree,swi14,2142,GLM,random,0.7984787630018684,0.3079060199550381,0.09767302506741236,0.9276173912925081,0.9079198070278762,0.7461716597508102,2.84173846244812
SWI,tree,swi14,2142,GLM,tgb,0.8108187541519404,0.33435850192938077,0.09767302506741236,0.8460314944012373,0.7866515831271614,0.7789493355188098,2.769803524017334
SWI,tree,swi14,2142,BRT,random,0.810434653692808,0.32149976463938995,0.09767302506741236,0.9336466246759472,0.914763345164887,0.769521327654616,7.1226806640625
SWI,tree,swi14,2142,BRT,tgb,0.8202541128965635,0.34650178959439065,0.09767302506741236,0.8746171925037579,0.8333867648596145,0.7971781345960096,7.717218399047852
SWI,tree,swi15,297,GLM,random,0.7848443781698855,0.12453825809125518,0.013382602616598422,0.9541881355932205,0.9310211448753958,0.8548101899021858,1.836909532546997
SWI,tree,swi15,297,GLM,tgb,0.8217045655415604,0.15902179892680549,0.013382602616598422,0.8924237570621468,0.8680407127650767,0.8854058205809396,2.1198673248291016
SWI,tree,swi15,297,BRT,random,0.7769239136839338,0.13380457364098125,0.013382602616598422,0.9641793220338982,0.9420653864755716,0.8701687941050104,6.659069061279297
SWI,tree,swi15,297,BRT,tgb,0.8164386086572906,0.16117549794805383,0.013382602616598422,0.9064660734463278,0.8718718046375887,0.8836567856057636,7.029986143112183
SWI,tree,swi16,734,GLM,random,0.8371408040304176,0.24664425971416326,0.03944871666833117,0.9399752585965894,0.9285430145253306,0.8345277982093995,1.4811067581176758
SWI,tree,swi16,734,GLM,tgb,0.8661681288512311,0.28885551385604813,0.03944871666833117,0.8280972136799924,0.8069382308322492,0.869811699548219,1.7695906162261963
SWI,tree,swi16,734,BRT,random,0.848444504107541,0.26078858524523185,0.03944871666833117,0.9459252539371914,0.9303764577296436,0.8476260244370337,6.599448204040527
SWI,tree,swi16,734,BRT,tgb,0.8727780980282223,0.29880630300759875,0.03944871666833117,0.8359837107445719,0.8198445711099055,0.8808040774206904,7.587375164031982
SWI,tree,swi17,458,GLM,random,0.9867657587132085,0.5972727324314493,0.030760011984420254,0.9859780697563305,0.9326268406734737,0.8663893357887407,0.9522585868835449
SWI,tree,swi17,458,GLM,tgb,0.9901386351927309,0.6915530150699317,0.030760011984420254,0.9757480172001912,0.8827266461885628,0.8717142149567261,1.3453304767608643
SWI,tree,swi17,458,BRT,random,0.9839592658758038,0.7077423260639635,0.030760011984420254,0.9882527472527473,0.9521684081333689,0.8863221650933907,6.41122579574585
SWI,tree,swi17,458,BRT,tgb,0.9889493299075988,0.7568773703843275,0.030760011984420254,0.9770759794553273,0.872126623473507,0.9040137295609958,7.900493621826172
SWI,tree,swi18,382,GLM,random,0.9491377251966018,0.12867731129793747,0.0025966243882952164,0.9788147983595351,0.9552079062073415,0.896546660130325,1.0074684619903564
SWI,tree,swi18,382,GLM,tgb,0.9481941909097211,0.14185088070050333,0.0025966243882952164,0.9660822624743677,0.9401466125322969,0.9157989067646628,1.5809800624847412
SWI,tree,swi18,382,BRT,random,0.941535534656592,0.13309722023841414,0.0025966243882952164,0.9847041182501709,0.9692981783267909,0.9117560396840977,7.231206655502319
SWI,tree,swi18,382,BRT,tgb,0.927617441135014,0.11854698183844868,0.0025966243882952164,0.9732199248120301,0.9482675864639903,0.9196580954083526,13.589571237564087
SWI,tree,swi19,36,GLM,random,0.8737137019053537,0.10626064309068964,0.0018975332068311196,0.96925,0.9600305036744109,0.9404155009012992,0.8117802143096924
SWI,tree,swi19,36,GLM,tgb,0.8940943513476507,0.13485892988625622,0.0018975332068311196,0.9360624999999999,0.9147985936119726,0.9581749519671089,0.9313976764678955
SWI,tree,swi19,36,BRT,random,0.8820292175305183,0.07680070991098567,0.0018975332068311196,0.9630017857142856,0.9097454354352223,0.8853478777583907,6.250128984451294
SWI,tree,swi19,36,BRT,tgb,0.9194464046849161,0.07144519510561294,0.0018975332068311196,0.9338446428571429,0.8932877614957121,0.9336992951727734,12.206655502319336
SWI,tree,swi20,613,GLM,random,0.7506460026620385,0.14230318293814292,0.0270648157395386,0.9293755231240837,0.9186026249713659,0.754446076291302,1.353553056716919
SWI,tree,swi20,613,GLM,tgb,0.8044064540419578,0.18439987543653388,0.0270648157395386,0.7848143942423031,0.7498028726810047,0.7872700429897495,2.3488457202911377
SWI,tree,swi20,613,BRT,random,0.7595487564401411,0.14702152060166307,0.0270648157395386,0.9318380514460882,0.9069693663081064,0.7480074175243121,9.10513186454773
SWI,tree,swi20,613,BRT,tgb,0.7969180502726809,0.18363693761537095,0.0270648157395386,0.8095587231773956,0.7709717407854394,0.7771237518435294,23.951473712921143
SWI,tree,swi21,426,GLM,random,0.7153077251433825,0.10757234108886522,0.022370917806851093,0.8882979343365254,0.8462435142427529,0.7205262620692616,1.704040765762329
SWI,tree,swi21,426,GLM,tgb,0.7632163653079989,0.13830318040183937,0.022370917806851093,0.7826639124487004,0.7477855003312595,0.750534739035306,2.451594829559326
SWI,tree,swi21,426,BRT,random,0.7374202822409994,0.12618436093269061,0.022370917806851093,0.904268248974008,0.8885155786146257,0.7527693184159838,10.95736837387085
SWI,tree,swi21,426,BRT,tgb,0.7681836755541935,0.15276526121822942,0.022370917806851093,0.8053116142270863,0.7497651669997131,0.7684889635970233,24.84600305557251
SWI,tree,swi22,560,GLM,random,0.8543316108162005,0.19327439337806562,0.018176370718066513,0.9540276785714286,0.9308077808136282,0.802527116012145,1.7655754089355469
SWI,tree,swi22,560,GLM,tgb,0.8543645856737098,0.2117226313005543,0.018176370718066513,0.8932589285714286,0.8568516260782797,0.8394561357858098,2.3261661529541016
SWI,tree,swi22,560,BRT,random,0.8718686460523506,0.2138106773904765,0.018176370718066513,0.9619107142857143,0.9399367382535768,0.8242271377516118,12.50144362449646
SWI,tree,swi22,560,BRT,tgb,0.8689595929449454,0.23436977502233064,0.018176370718066513,0.9203026785714286,0.8712768203211294,0.8443389810364893,25.3111674785614
SWI,tree,swi23,986,GLM,random,0.7463170853655086,0.29112958305522174,0.14910616198941376,0.8903992283238477,0.8517794253208972,0.6642679977993697,2.396094560623169
SWI,tree,swi23,986,GLM,tgb,0.8673069787333062,0.5242996461942715,0.14910616198941376,0.700247443982977,0.6580958506209444,0.7384120424990653,2.251662015914917
SWI,tree,swi23,986,BRT,random,0.788248760255213,0.3601608643623684,0.14910616198941376,0.9069033200020511,0.8582096058819101,0.6786649915057563,15.097583532333374
SWI,tree,swi23,986,BRT,tgb,0.8787258379479826,0.5368537734659231,0.14910616198941376,0.7514872532430908,0.6767433375752583,0.7598185611343778,25.351301431655884
SWI,tree,swi24,293,GLM,random,0.5993426522264469,0.056700072643560154,0.027763906921002696,0.8535822618351843,0.8181951935247321,0.6585711557497236,1.6968927383422852
SWI,tree,swi24,293,GLM,tgb,0.6620548861373151,0.10344270897543449,0.027763906921002696,0.7084716247808298,0.6670339476048394,0.7330362137679105,1.603381633758545
SWI,tree,swi24,293,BRT,random,0.6645834026153499,0.09534483261125974,0.027763906921002696,0.8849901227352426,0.8367656625001928,0.679032560662874,14.75741720199585
SWI,tree,swi24,293,BRT,tgb,0.7039588668048613,0.1449712581035602,0.027763906921002696,0.7365155464640561,0.687287476664341,0.7634033489451328,25.763126850128174
SWI,tree,swi25,279,GLM,random,0.9737488448064648,0.41544927021985584,0.023769100169779286,0.9500721103896103,0.9161509926433125,0.9464623502197238,0.9818363189697266
SWI,tree,swi25,279,GLM,tgb,0.9824268735627244,0.4651708569352557,0.023769100169779286,0.8765106493506494,0.8513717035651173,0.9755116420000455,7.2060089111328125
SWI,tree,swi25,279,BRT,random,0.9712583550044059,0.4762891348570347,0.023769100169779286,0.964418116883117,0.9265267969856156,0.9476113994596101,22.93144941329956
SWI,tree,swi25,279,BRT,tgb,0.9804560596617165,0.5123404276293735,0.023769100169779286,0.9104355519480519,0.846546714229276,0.9721841236691582,19.789595127105713
SWI,tree,swi26,89,GLM,random,0.7944013248287094,0.06353731912916345,0.0021971437131728753,0.9302104575163399,0.6375812298654928,0.5444746878223259,8.360261678695679
SWI,tree,swi26,89,GLM,tgb,0.8046150626472917,0.08481954959486941,0.0021971437131728753,0.8904218954248366,0.5428780977081663,0.5138498596031559,10.18078899383545
SWI,tree,swi26,89,BRT,random,0.8162846561905716,0.14148698248939423,0.0021971437131728753,0.9597143790849673,0.7720428890011236,0.7015989568641485,20.64095139503479
SWI,tree,swi26,89,BRT,tgb,0.8220216376557083,0.1453788843761485,0.0021971437131728753,0.9084849673202614,0.6011745561738555,0.7662218920218111,8.108837842941284
SWI,tree,swi27,468,GLM,random,0.7406662374853875,0.16480234193878057,0.03904923599320883,0.924309597346145,0.8799130361497806,0.6849551278133769,14.44581651687622
SWI,tree,swi27,468,GLM,tgb,0.8094926854007307,0.23315571292797677,0.03904923599320883,0.839239224433768,0.7608744660174958,0.7037055168533732,15.949315309524536
SWI,tree,swi27,468,BRT,random,0.7414017110192381,0.17472712540037255,0.03904923599320883,0.9359419354838711,0.8906656689587187,0.6919384177170101,13.556254625320435
SWI,tree,swi27,468,BRT,tgb,0.8022995575463518,0.2444532562156263,0.03904923599320883,0.8792263669640814,0.7756817238538484,0.7061254589692673,5.206429719924927
SWI,tree,swi28,5528,GLM,random,0.8096509768044522,0.5275237913072305,0.4240487366423649,0.8993680016855817,0.8895757549415457,0.7398610629460821,18.84268283843994
SWI,tree,swi28,5528,GLM,tgb,0.8423892220268961,0.5845451218587037,0.4240487366423649,0.7834062670910623,0.7652137231499271,0.8096094992193212,7.030701398849487
SWI,tree,swi28,5528,BRT,random,0.8177010057957219,0.5353044066435716,0.4240487366423649,0.9052999752072202,0.893120881168237,0.7489355548861844,5.947976350784302
SWI,tree,swi28,5528,BRT,tgb,0.8478153961406448,0.5852777515186168,0.4240487366423649,0.8174925194537407,0.7986592932743266,0.817045515864997,5.682713747024536
SWI,tree,swi29,154,GLM,random,0.6693564006859679,0.0600289390919519,0.009987016878058523,0.8630546236559141,0.8453970281051066,0.6784555634471637,10.5026376247406
SWI,tree,swi29,154,GLM,tgb,0.6716079895087259,0.06653681330713311,0.009987016878058523,0.7463661290322581,0.7406258689894496,0.7551545822853962,8.497729778289795
SWI,tree,swi29,154,BRT,random,0.6907717139110259,0.06513675762399009,0.009987016878058523,0.8936905376344086,0.8560203707300931,0.711152384497957,6.030192852020264
SWI,tree,swi29,154,BRT,tgb,0.6676293755674367,0.06224876866462675,0.009987016878058523,0.7754074193548387,0.7181968773207321,0.7453804700292648,5.239009618759155
SWI,tree,swi30,2800,GLM,random,0.7261033854505569,0.2723446565007528,0.15180265654648956,0.9025490178571429,0.8865146817994723,0.7189882261120585,15.370216131210327
SWI,tree,swi30,2800,GLM,tgb,0.764020602105759,0.324371195936382,0.15180265654648956,0.8028086607142857,0.7845081754991413,0.7749821733466213,3.506476879119873
SWI,tree,swi30,2800,BRT,random,0.7247500263374791,0.2736142960737807,0.15180265654648956,0.9122738392857143,0.8977030182705168,0.7237775395308793,5.327874422073364
SWI,tree,swi30,2800,BRT,tgb,0.766168268605105,0.3252073391257482,0.15180265654648956,0.8372808928571427,0.8007688137130913,0.7674530455092647,5.3336122035980225
