strength,realised_bias,correction,model,species,prevalence,true_auc,spearman,cv_auc,leakage
0.0,0.029331624507904053,none,GLM,0,0.276053932602442,0.6535322814908324,0.6454896883722241,0.601125,0.023885628463900965
0.0,0.029331624507904053,none,GLM,1,0.2751094017890158,0.8865702076764118,0.9373311099003275,0.8072999999999999,0.048994935905276704
0.0,0.029331624507904053,none,GLM,2,0.0847596837412311,0.8764259385438479,0.8254234548820585,0.8014166666666667,0.0728204417565177
0.0,0.029331624507904053,none,GLM,3,0.305789851544197,0.8905263491935419,0.8887830811804577,0.7937875,0.07597404488400639
0.0,0.029331624507904053,none,GLM,4,0.10748487770604057,0.7346890023535079,0.8308980448002451,0.685,0.02552094689056017
0.0,0.029331624507904053,none,GLM,5,0.24371626867248436,0.8101342624295209,0.8794378103830944,0.7563916666666666,0.05124480894242167
0.0,0.029331624507904053,none,GLM,6,0.17681507208363118,0.8311847881524441,0.8705887917929719,0.804725,0.06036944284997381
0.0,0.029331624507904053,none,GLM,7,0.11350242278225316,0.7449930077244565,0.7398337171593617,0.7483708333333334,0.015616203223155045
0.0,0.029331624507904053,none,GLM,8,0.12874841382503044,0.8366366950897685,0.8523390201158474,0.8084333333333333,0.05106833770532149
0.0,0.029331624507904053,none,GLM,9,0.2930823056318897,0.686779152932123,0.7145972969279932,0.6375416666666666,0.013381057852532852
0.0,0.029331624507904053,none,GLM,10,0.08860196369515083,0.9328420506663105,0.9004634000183104,0.8970166666666666,0.04476360209857888
0.0,0.029331624507904053,none,GLM,11,0.160309870907002,0.6723631504018369,0.7347473750033683,0.6819291666666667,0.043901461045194545
0.0,0.029331624507904053,none,GLM,12,0.22909631915712692,0.6468106821403702,0.6605798952929496,0.5743083333333333,0.04314266532504296
0.0,0.029331624507904053,none,GLM,13,0.13850193284165585,0.8689485237652907,0.9281218112912851,0.8134583333333334,0.15717774790693628
0.0,0.029331624507904053,none,GLM,14,0.16774753280377475,0.7627298569435264,0.7913627967797037,0.7765916666666666,0.03640237912060351
0.0,0.029331624507904053,none,GLM,15,0.3322802562985705,0.7698160574446905,0.7505223599473058,0.6759333333333333,0.027872851388031195
0.0,0.029331624507904053,none,GLM,16,0.3414795240340664,0.841740999314408,0.8540307103025766,0.6955333333333332,0.08460070165179623
0.0,0.029331624507904053,none,GLM,17,0.3047133565577816,0.8406103957739928,0.8932838980137097,0.7316625,0.21613597758023095
0.0,0.029331624507904053,none,GLM,18,0.11675205978388173,0.7664761505088188,0.8795504993923761,0.682225,0.0801522874472197
0.0,0.029331624507904053,none,GLM,19,0.12538027345132455,0.7797802443941166,0.9047137614222842,0.7564916666666667,0.07179701350867773
0.0,0.029331624507904053,none,GLM,20,0.09756651019601381,0.8048233000423628,0.8940327150660816,0.7852916666666667,0.07155584159903638
0.0,0.029331624507904053,none,GLM,21,0.10753961501706992,0.7788162784915696,0.8534400120152701,0.758825,0.13106446550326845
0.0,0.029331624507904053,none,GLM,22,0.15807916540509293,0.7638587877513067,0.8241733608654332,0.7277791666666666,0.01830614295584121
0.0,0.029331624507904053,none,GLM,23,0.060213674683332635,0.838488832,0.8740629068261571,0.7895333333333332,0.010901330010729349
0.0,0.029331624507904053,none,GLM,24,0.144997532652204,0.7577147515825362,0.8421930113589823,0.7337416666666667,0.041480837506124635
0.0,0.029331624507904053,none,GLM,25,0.15175846783405206,0.9018274263813411,0.8991707166009266,0.84165,0.013522698875214956
0.0,0.029331624507904053,none,GLM,26,0.23491513732847308,0.934906680476876,0.8978151172385377,0.844675,0.03550557329144188
0.0,0.029331624507904053,none,GLM,27,0.33933840204810717,0.8515133643048637,0.8497391258688476,0.7176,0.05393549661804409
0.0,0.029331624507904053,none,GLM,28,0.1773390753896233,0.8189101957446245,0.8788024010710058,0.7419166666666667,0.010044111850516235
0.0,0.029331624507904053,none,GLM,29,0.16978730404597858,0.8045937676953039,0.8434998994392495,0.7531375,0.0448229139195081
0.0,0.029331624507904053,none,BRT,0,0.276053932602442,0.6712620525504002,0.7209015186128758,0.6435000000000001,0.022730055580034825
0.0,0.029331624507904053,none,BRT,1,0.2751094017890158,0.8820955634278002,0.917018565251328,0.8080833333333333,0.07072855932889677
0.0,0.029331624507904053,none,BRT,2,0.0847596837412311,0.8857007840771304,0.8583062706702059,0.8297666666666667,0.1556881548109954
0.0,0.029331624507904053,none,BRT,3,0.305789851544197,0.9091884942825501,0.8901646815262512,0.7943625,0.043761221172000986
0.0,0.029331624507904053,none,BRT,4,0.10748487770604057,0.7479585628997452,0.8589922783010527,0.6885583333333334,0.010787079247944198
0.0,0.029331624507904053,none,BRT,5,0.24371626867248436,0.8197925364344545,0.9000668243295172,0.7624250000000001,0.08511318475414187
0.0,0.029331624507904053,none,BRT,6,0.17681507208363118,0.8373577192371526,0.8903852629898004,0.7959416666666667,0.05441330576984993
0.0,0.029331624507904053,none,BRT,7,0.11350242278225316,0.7617749209613882,0.7887887066328593,0.7415958333333333,0.06744698119458203
0.0,0.029331624507904053,none,BRT,8,0.12874841382503044,0.8534223079501703,0.9005902515827036,0.8283250000000001,0.02729134624296492
0.0,0.029331624507904053,none,BRT,9,0.2930823056318897,0.6967694136422962,0.7265760955861424,0.6463416666666667,0.02259940544990635
0.0,0.029331624507904053,none,BRT,10,0.08860196369515083,0.9343929041959204,0.8741154001244846,0.8887666666666666,0.06181224770873317
0.0,0.029331624507904053,none,BRT,11,0.160309870907002,0.6862126107921929,0.7900007305568442,0.6888791666666667,0.03796656752309335
0.0,0.029331624507904053,none,BRT,12,0.22909631915712692,0.6524893840300724,0.7052394050536129,0.5748916666666668,0.03171228403643522
0.0,0.029331624507904053,none,BRT,13,0.13850193284165585,0.8721331629482337,0.9049991111592682,0.8021833333333332,0.11197724813740229
0.0,0.029331624507904053,none,BRT,14,0.16774753280377475,0.7627931195272553,0.8020982589863003,0.7186916666666666,0.010226981712697092
0.0,0.029331624507904053,none,BRT,15,0.3322802562985705,0.7961066099694755,0.8184118673623935,0.68735,0.029631696255159823
0.0,0.029331624507904053,none,BRT,16,0.3414795240340664,0.8605513234846006,0.9039392803492761,0.7238333333333333,0.11030090386193159
0.0,0.029331624507904053,none,BRT,17,0.3047133565577816,0.8469653705557434,0.8792260908386341,0.7056208333333333,0.18337663241856217
0.0,0.029331624507904053,none,BRT,18,0.11675205978388173,0.7830123354756651,0.898207044880028,0.7406166666666667,0.07464953374880756
0.0,0.029331624507904053,none,BRT,19,0.12538027345132455,0.7867031455391624,0.9061493257449824,0.782,0.08818062872261134
0.0,0.029331624507904053,none,BRT,20,0.09756651019601381,0.814015724219605,0.8884122461308589,0.7773083333333333,0.11313622238287302
0.0,0.029331624507904053,none,BRT,21,0.10753961501706992,0.7936480692828322,0.8942987374124358,0.7837083333333333,0.11284468153947347
0.0,0.029331624507904053,none,BRT,22,0.15807916540509293,0.7797193711544746,0.8883539671118011,0.7703625000000001,0.05111530818574961
0.0,0.029331624507904053,none,BRT,23,0.060213674683332635,0.8554983253333333,0.8731659214517977,0.7924666666666667,0.02159163028096267
0.0,0.029331624507904053,none,BRT,24,0.144997532652204,0.7682611965144072,0.8893911682769784,0.7215333333333334,0.03466004485790242
0.0,0.029331624507904053,none,BRT,25,0.15175846783405206,0.918596497380021,0.9297753729893858,0.83965,0.02780444195237186
0.0,0.029331624507904053,none,BRT,26,0.23491513732847308,0.9530256821619599,0.8893599253207365,0.8564999999999998,0.018142798020925555
0.0,0.029331624507904053,none,BRT,27,0.33933840204810717,0.8664099766818391,0.8669120830997307,0.7301666666666666,0.04280088669310056
0.0,0.029331624507904053,none,BRT,28,0.1773390753896233,0.8301029926885891,0.8698188379198087,0.7525999999999999,0.03258477240689572
0.0,0.029331624507904053,none,BRT,29,0.16978730404597858,0.828472866051598,0.8987189833522325,0.7592625,0.06154343898337766
0.0,0.029331624507904053,none,RF,0,0.276053932602442,0.6745368652995334,0.7369490175524614,0.6298375,0.021073106646973594
0.0,0.029331624507904053,none,RF,1,0.2751094017890158,0.8878589219471802,0.914078143069769,0.8167,0.01960638356973754
0.0,0.029331624507904053,none,RF,2,0.0847596837412311,0.8933129704374386,0.8606140858382023,0.8317041666666667,0.0993495891697187
0.0,0.029331624507904053,none,RF,3,0.305789851544197,0.9182118515098472,0.9191961811396641,0.7945166666666665,0.016409990817599418
0.0,0.029331624507904053,none,RF,4,0.10748487770604057,0.7503980996526073,0.8585620156740693,0.7020208333333332,0.01711667839532527
0.0,0.029331624507904053,none,RF,5,0.24371626867248436,0.8306531133393601,0.9119846234768706,0.7650208333333334,0.02628044090708892
0.0,0.029331624507904053,none,RF,6,0.17681507208363118,0.8407052380793305,0.8736299460171434,0.7876708333333333,0.05036263447177458
0.0,0.029331624507904053,none,RF,7,0.11350242278225316,0.7716617116026983,0.8034940081471608,0.762575,0.16589181408951292
0.0,0.029331624507904053,none,RF,8,0.12874841382503044,0.8576852506808711,0.917516002683361,0.8240041666666666,0.020177574342991167
0.0,0.029331624507904053,none,RF,9,0.2930823056318897,0.7005146820056899,0.7460478435233266,0.6569624999999999,0.024754488812954722
0.0,0.029331624507904053,none,RF,10,0.08860196369515083,0.9368574003285934,0.790182290445025,0.8933625000000001,0.04139707864717235
0.0,0.029331624507904053,none,RF,11,0.160309870907002,0.6787058553386911,0.7809389238230675,0.6856041666666666,0.03210382059271266
0.0,0.029331624507904053,none,RF,12,0.22909631915712692,0.6505244576135538,0.7010455802182692,0.5925874999999999,0.03400998480878059
0.0,0.029331624507904053,none,RF,13,0.13850193284165585,0.8788274695008913,0.8957746441427518,0.8098708333333333,0.12449495129597232
0.0,0.029331624507904053,none,RF,14,0.16774753280377475,0.7572502645942452,0.7509191374722627,0.7239958333333334,0.014566723778479451
0.0,0.029331624507904053,none,RF,15,0.3322802562985705,0.8032120629826306,0.8238166017559337,0.6999416666666666,0.005995842225836379
0.0,0.029331624507904053,none,RF,16,0.3414795240340664,0.8633507190064107,0.8962345289021518,0.7321291666666667,0.08389713405519472
0.0,0.029331624507904053,none,RF,17,0.3047133565577816,0.85519435044639,0.8903490141475237,0.7096874999999999,0.17225490627771456
0.0,0.029331624507904053,none,RF,18,0.11675205978388173,0.7839439885317644,0.8722598268217436,0.7335916666666668,0.061455280473411644
0.0,0.029331624507904053,none,RF,19,0.12538027345132455,0.7877974664642493,0.908964772243704,0.7918499999999999,0.089074148763443
0.0,0.029331624507904053,none,RF,20,0.09756651019601381,0.8132087902417431,0.8856639150039951,0.8011208333333333,0.07938634654875576
0.0,0.029331624507904053,none,RF,21,0.10753961501706992,0.7964615918777365,0.877176506396942,0.7748958333333332,0.09363173073406683
0.0,0.029331624507904053,none,RF,22,0.15807916540509293,0.7770325669481034,0.8715625113412981,0.7727208333333333,0.07185816632448605
0.0,0.029331624507904053,none,RF,23,0.060213674683332635,0.8609151786666666,0.8699770040671168,0.8025083333333334,0.020444004746628552
0.0,0.029331624507904053,none,RF,24,0.144997532652204,0.7713028844126717,0.884737158819922,0.7187833333333333,0.03892171961588564
0.0,0.029331624507904053,none,RF,25,0.15175846783405206,0.9224467127007544,0.9269836195391121,0.8510666666666667,0.007832572761214518
0.0,0.029331624507904053,none,RF,26,0.23491513732847308,0.9587322803773459,0.8585646518422878,0.8604916666666667,0.013814980812156596
0.0,0.029331624507904053,none,RF,27,0.33933840204810717,0.8709157133522205,0.8437536048438605,0.7496333333333334,0.05741726713142692
0.0,0.029331624507904053,none,RF,28,0.1773390753896233,0.8309609620116141,0.8534657999846401,0.7668375,0.04490476100065277
0.0,0.029331624507904053,none,RF,29,0.16978730404597858,0.8353307120382151,0.8948449897617253,0.7611666666666665,0.0572605107977443
0.0,0.029331624507904053,none,MLP,0,0.276053932602442,0.5974836395327853,0.42211940860379854,0.5258583333333333,0.016309979300150212
0.0,0.029331624507904053,none,MLP,1,0.2751094017890158,0.8638465585929391,0.9046753683557199,0.7902,0.023796542988948954
0.0,0.029331624507904053,none,MLP,2,0.0847596837412311,0.8683115168179194,0.8501548200931139,0.8086333333333333,0.11429760852002302
0.0,0.029331624507904053,none,MLP,3,0.305789851544197,0.8831979610066936,0.8986015827143349,0.7663708333333333,0.04475030803295632
0.0,0.029331624507904053,none,MLP,4,0.10748487770604057,0.710846587756745,0.7435518300680883,0.6628916666666667,0.010073446671819197
0.0,0.029331624507904053,none,MLP,5,0.24371626867248436,0.7796853303735826,0.8246014758882075,0.7411749999999999,0.10270474339978508
0.0,0.029331624507904053,none,MLP,6,0.17681507208363118,0.8009891300364571,0.8146155729598002,0.7779416666666666,0.030035966752239185
0.0,0.029331624507904053,none,MLP,7,0.11350242278225316,0.7070566081441613,0.6115794305042078,0.6770208333333334,0.01051750645905436
0.0,0.029331624507904053,none,MLP,8,0.12874841382503044,0.7978454026786931,0.7750131889415449,0.7645,0.020679542275515828
0.0,0.029331624507904053,none,MLP,9,0.2930823056318897,0.6691327455266318,0.6660352634120736,0.5841,0.017471887802197883
0.0,0.029331624507904053,none,MLP,10,0.08860196369515083,0.9224332592918383,0.9243483007609254,0.888225,0.0325167947535826
0.0,0.029331624507904053,none,MLP,11,0.160309870907002,0.6243195958668197,0.5337976501182986,0.6427041666666667,0.03714334807619735
0.0,0.029331624507904053,none,MLP,12,0.22909631915712692,0.6022871436209057,0.4837602730762146,0.5556833333333334,0.024389149522668907
0.0,0.029331624507904053,none,MLP,13,0.13850193284165585,0.8335791772827492,0.8785354211441067,0.7645500000000001,0.06761002540139194
0.0,0.029331624507904053,none,MLP,14,0.16774753280377475,0.6819199963016814,0.6178975052630352,0.6918166666666666,0.026959403808146876
0.0,0.029331624507904053,none,MLP,15,0.3322802562985705,0.6712648227613106,0.5168715234439791,0.6372166666666667,0.04267663768662844
0.0,0.029331624507904053,none,MLP,16,0.3414795240340664,0.7842839527209227,0.7226161400689549,0.6781083333333333,0.12477126357484747
0.0,0.029331624507904053,none,MLP,17,0.3047133565577816,0.8262300764102845,0.8540264993511096,0.6911625,0.08563341803354996
0.0,0.029331624507904053,none,MLP,18,0.11675205978388173,0.7609209441542346,0.8550241128033947,0.7008833333333333,0.10352971135883382
0.0,0.029331624507904053,none,MLP,19,0.12538027345132455,0.7496695520949521,0.8383925075794796,0.7557666666666667,0.07533429629329214
0.0,0.029331624507904053,none,MLP,20,0.09756651019601381,0.7781445815315446,0.8385997705314334,0.7586083333333334,0.06266053099881885
0.0,0.029331624507904053,none,MLP,21,0.10753961501706992,0.7423158437342182,0.8088036580850049,0.7184083333333333,0.09638065999702139
0.0,0.029331624507904053,none,MLP,22,0.15807916540509293,0.7365575133148765,0.736350031745976,0.7259291666666666,0.03047217331710661
0.0,0.029331624507904053,none,MLP,23,0.060213674683332635,0.8187845120000001,0.8427344901728345,0.7577916666666666,0.01650208869872749
0.0,0.029331624507904053,none,MLP,24,0.144997532652204,0.7090277390873174,0.6779860846930191,0.6797916666666667,0.04845761971417517
0.0,0.029331624507904053,none,MLP,25,0.15175846783405206,0.8798054175951618,0.8650279658017975,0.8139666666666667,0.02239343973036989
0.0,0.029331624507904053,none,MLP,26,0.23491513732847308,0.9163929401381278,0.8692799914171755,0.8240916666666667,0.018548474354461164
0.0,0.029331624507904053,none,MLP,27,0.33933840204810717,0.7834392552958183,0.7295168651768519,0.6707916666666667,0.028627592046071015
0.0,0.029331624507904053,none,MLP,28,0.1773390753896233,0.7850342041140557,0.8076769997512943,0.7242666666666666,0.008475364292205634
0.0,0.029331624507904053,none,MLP,29,0.16978730404597858,0.7848993764227515,0.7980065375145556,0.7156291666666668,0.04713329060684113
0.0,0.029331624507904053,none,CNN,0,0.276053932602442,0.5982026513445965,0.4283959215426324,0.5138083333333333,0.019473877813964813
0.0,0.029331624507904053,none,CNN,1,0.2751094017890158,0.847140083800072,0.8337397921282247,0.7541833333333334,0.012842989704507923
0.0,0.029331624507904053,none,CNN,2,0.0847596837412311,0.8427819966210549,0.6477162818472125,0.7614333333333335,0.03493753174783243
0.0,0.029331624507904053,none,CNN,3,0.305789851544197,0.8633844909084671,0.7882082196252939,0.7561708333333332,0.0696003870234233
0.0,0.029331624507904053,none,CNN,4,0.10748487770604057,0.6869131538800055,0.652399500174222,0.6441916666666667,0.01934371302563087
0.0,0.029331624507904053,none,CNN,5,0.24371626867248436,0.7503107404191954,0.7162957136243695,0.7124249999999999,0.07926677513553337
0.0,0.029331624507904053,none,CNN,6,0.17681507208363118,0.7908104003327704,0.7278833156526877,0.7468916666666667,0.026673289592823113
0.0,0.029331624507904053,none,CNN,7,0.11350242278225316,0.7033229044872409,0.6042438112501957,0.6637124999999999,0.023037124358094463
0.0,0.029331624507904053,none,CNN,8,0.12874841382503044,0.7659686610332768,0.6467570316676127,0.726675,0.035555921331092866
0.0,0.029331624507904053,none,CNN,9,0.2930823056318897,0.6585800725989385,0.6045722878425409,0.581825,0.01565037328072827
0.0,0.029331624507904053,none,CNN,10,0.08860196369515083,0.9049761354378932,0.7108509911762397,0.8661333333333333,0.022416439138949196
0.0,0.029331624507904053,none,CNN,11,0.160309870907002,0.6320948702640642,0.5469497750492652,0.6354875,0.07439041428471893
0.0,0.029331624507904053,none,CNN,12,0.22909631915712692,0.5913925575038472,0.43897002253925427,0.5238666666666666,0.01975364528145762
0.0,0.029331624507904053,none,CNN,13,0.13850193284165585,0.8197927703324093,0.8268058031599765,0.7792916666666666,0.07642109928449159
0.0,0.029331624507904053,none,CNN,14,0.16774753280377475,0.6535372416677816,0.488428477130836,0.6494749999999999,0.02627326974121791
0.0,0.029331624507904053,none,CNN,15,0.3322802562985705,0.6891425233691812,0.5429397005736636,0.6494166666666666,0.03437233910393489
0.0,0.029331624507904053,none,CNN,16,0.3414795240340664,0.7347000638552665,0.5979830383468288,0.650075,0.11677806619256048
0.0,0.029331624507904053,none,CNN,17,0.3047133565577816,0.7955301919722584,0.7511550463127643,0.6978541666666667,0.1066819554726518
0.0,0.029331624507904053,none,CNN,18,0.11675205978388173,0.7480907315261957,0.8104860069010925,0.7033666666666667,0.06208858010066309
0.0,0.029331624507904053,none,CNN,19,0.12538027345132455,0.7314042593627472,0.7437340836608164,0.6821333333333334,0.08280922504413735
0.0,0.029331624507904053,none,CNN,20,0.09756651019601381,0.7623659521639283,0.7792116384858666,0.7604,0.058554041566056925
0.0,0.029331624507904053,none,CNN,21,0.10753961501706992,0.7224328528480205,0.6972670841010439,0.7272916666666667,0.07589935302615347
0.0,0.029331624507904053,none,CNN,22,0.15807916540509293,0.7199852363487188,0.6678580824113978,0.7110708333333334,0.04847815567056568
0.0,0.029331624507904053,none,CNN,23,0.060213674683332635,0.802722688,0.7769682539153755,0.7413583333333333,0.01778297291894826
0.0,0.029331624507904053,none,CNN,24,0.144997532652204,0.7012219536672538,0.655288947026951,0.649075,0.031052622288572085
0.0,0.029331624507904053,none,CNN,25,0.15175846783405206,0.8803920178637611,0.7497583051393638,0.822375,0.025861532194722536
0.0,0.029331624507904053,none,CNN,26,0.23491513732847308,0.9080134287785117,0.798304702568558,0.819625,0.03531164221968741
0.0,0.029331624507904053,none,CNN,27,0.33933840204810717,0.7948369295218658,0.7036190173111584,0.6986249999999999,0.030631746651998415
0.0,0.029331624507904053,none,CNN,28,0.1773390753896233,0.7675323607358802,0.7352489801510781,0.7359166666666667,0.00508988176834857
0.0,0.029331624507904053,none,CNN,29,0.16978730404597858,0.7671214487894416,0.7321690932792463,0.7314041666666666,0.07740283168013007
0.0,0.029331624507904053,tgb,GLM,0,0.276053932602442,0.632607536264116,0.5632649693141624,0.572,0.028169108900655826
0.0,0.029331624507904053,tgb,GLM,1,0.2751094017890158,0.8778125086170261,0.9223076890712691,0.8048416666666667,0.055718103409664765
0.0,0.029331624507904053,tgb,GLM,2,0.0847596837412311,0.8769414823854709,0.8193347265578367,0.799675,0.07344008808232827
0.0,0.029331624507904053,tgb,GLM,3,0.305789851544197,0.8765042619730621,0.8638252858645631,0.7707041666666667,0.0814430588973033
0.0,0.029331624507904053,tgb,GLM,4,0.10748487770604057,0.7308971828976175,0.8247163835407908,0.6784333333333332,0.02575223068611454
0.0,0.029331624507904053,tgb,GLM,5,0.24371626867248436,0.7990921384029692,0.857841242204603,0.761325,0.051967263475655834
0.0,0.029331624507904053,tgb,GLM,6,0.17681507208363118,0.8223330967973445,0.8467170194327923,0.7986833333333333,0.06346581301488108
0.0,0.029331624507904053,tgb,GLM,7,0.11350242278225316,0.7420654638883157,0.7283357259961123,0.7441208333333333,0.012746922376235537
0.0,0.029331624507904053,tgb,GLM,8,0.12874841382503044,0.8310857318910903,0.8411914247474784,0.8024916666666667,0.05887040500021423
0.0,0.029331624507904053,tgb,GLM,9,0.2930823056318897,0.6859377262565873,0.7137415001348536,0.636175,0.012328138843549552
0.0,0.029331624507904053,tgb,GLM,10,0.08860196369515083,0.933600288697066,0.9122745909751451,0.9020000000000001,0.042284242581063
0.0,0.029331624507904053,tgb,GLM,11,0.160309870907002,0.6591180895522388,0.6705294425048235,0.6626208333333333,0.05418404410859501
0.0,0.029331624507904053,tgb,GLM,12,0.22909631915712692,0.639700359443042,0.619787243650468,0.5480333333333334,0.053866132388718735
0.0,0.029331624507904053,tgb,GLM,13,0.13850193284165585,0.8641685240687644,0.9168607182519914,0.8124416666666667,0.19197941333694013
0.0,0.029331624507904053,tgb,GLM,14,0.16774753280377475,0.7431124640002915,0.7318831848157323,0.761675,0.03863821837246273
0.0,0.029331624507904053,tgb,GLM,15,0.3322802562985705,0.7532919200019447,0.7060669166336672,0.6907833333333333,0.0443022746998426
0.0,0.029331624507904053,tgb,GLM,16,0.3414795240340664,0.826437220540986,0.8184634188136584,0.6871833333333334,0.11356086206364924
0.0,0.029331624507904053,tgb,GLM,17,0.3047133565577816,0.8412466320034329,0.8932065383560163,0.7312375,0.20573981652230888
0.0,0.029331624507904053,tgb,GLM,18,0.11675205978388173,0.7697030512780869,0.8842405291391013,0.6943083333333333,0.0837602445853246
0.0,0.029331624507904053,tgb,GLM,19,0.12538027345132455,0.7684785210558586,0.8819063140062657,0.7506916666666666,0.08113518466644543
0.0,0.029331624507904053,tgb,GLM,20,0.09756651019601381,0.79933246977418,0.8871383987963458,0.77965,0.06937483082988427
0.0,0.029331624507904053,tgb,GLM,21,0.10753961501706992,0.7726264873625249,0.8442556919585388,0.7532166666666666,0.13177109465104464
0.0,0.029331624507904053,tgb,GLM,22,0.15807916540509293,0.7602238210453116,0.8091294895853236,0.7213624999999999,0.014408966854874805
0.0,0.029331624507904053,tgb,GLM,23,0.060213674683332635,0.8389698133333334,0.8606563705101408,0.7915249999999999,0.013166173343372445
0.0,0.029331624507904053,tgb,GLM,24,0.144997532652204,0.7531395664601414,0.8181292072088229,0.7314833333333334,0.05008316512122557
0.0,0.029331624507904053,tgb,GLM,25,0.15175846783405206,0.8896253680195122,0.871972442898431,0.84135,0.01723852376100765
0.0,0.029331624507904053,tgb,GLM,26,0.23491513732847308,0.9293762006105678,0.8868103615755257,0.849575,0.042330512602758774
0.0,0.029331624507904053,tgb,GLM,27,0.33933840204810717,0.8480355456494398,0.8394290159925724,0.7102416666666668,0.04397290598291492
0.0,0.029331624507904053,tgb,GLM,28,0.1773390753896233,0.8092049161555127,0.8528482042776204,0.7417416666666666,0.00495868931630028
0.0,0.029331624507904053,tgb,GLM,29,0.16978730404597858,0.7977240336312499,0.8217447102758616,0.7475958333333333,0.039806492181747366
0.0,0.029331624507904053,tgb,BRT,0,0.276053932602442,0.6539451948180951,0.6555930018682116,0.63735,0.03810186770360102
0.0,0.029331624507904053,tgb,BRT,1,0.2751094017890158,0.8809894414058443,0.9020055018745433,0.820875,0.08755135789017654
0.0,0.029331624507904053,tgb,BRT,2,0.0847596837412311,0.8900165280468029,0.8550699190098704,0.8182166666666666,0.14268308167303512
0.0,0.029331624507904053,tgb,BRT,3,0.305789851544197,0.9084031641414351,0.889699979674837,0.7967791666666666,0.053812800322003085
0.0,0.029331624507904053,tgb,BRT,4,0.10748487770604057,0.7419894323328302,0.8434823361992211,0.6956,0.015964794546477923
0.0,0.029331624507904053,tgb,BRT,5,0.24371626867248436,0.8161012700164021,0.8958219769003987,0.7653583333333333,0.10546299809295723
0.0,0.029331624507904053,tgb,BRT,6,0.17681507208363118,0.8352534765938934,0.8740555834862944,0.8049000000000001,0.07387032550447847
0.0,0.029331624507904053,tgb,BRT,7,0.11350242278225316,0.7708252723000413,0.7944701137401066,0.7304541666666666,0.07949555582581758
0.0,0.029331624507904053,tgb,BRT,8,0.12874841382503044,0.8508584520282667,0.893202533634635,0.8242416666666667,0.035751799964823694
0.0,0.029331624507904053,tgb,BRT,9,0.2930823056318897,0.6942651988650139,0.7262110126374338,0.6297083333333333,0.021331490102916795
0.0,0.029331624507904053,tgb,BRT,10,0.08860196369515083,0.935924727341404,0.8808662646885763,0.8873666666666666,0.0542578462701051
0.0,0.029331624507904053,tgb,BRT,11,0.160309870907002,0.679345442020666,0.7523136351639126,0.6616041666666667,0.06433527172074538
0.0,0.029331624507904053,tgb,BRT,12,0.22909631915712692,0.645893609624713,0.6803770147822078,0.5421499999999999,0.051376307821371814
0.0,0.029331624507904053,tgb,BRT,13,0.13850193284165585,0.8688948489129702,0.894838030825929,0.7881166666666667,0.11939536685528418
0.0,0.029331624507904053,tgb,BRT,14,0.16774753280377475,0.7573177677980469,0.7919718286295234,0.7165833333333333,0.024338212578783436
0.0,0.029331624507904053,tgb,BRT,15,0.3322802562985705,0.7846419154848637,0.7814883874866863,0.680925,0.053476981581359384
0.0,0.029331624507904053,tgb,BRT,16,0.3414795240340664,0.8438810891817276,0.863309182374744,0.712975,0.1602365190605226
0.0,0.029331624507904053,tgb,BRT,17,0.3047133565577816,0.8516288768011583,0.885889016174137,0.7105375,0.20245162121574922
0.0,0.029331624507904053,tgb,BRT,18,0.11675205978388173,0.7848497353083665,0.8971130521980512,0.7431583333333334,0.08492789851357863
0.0,0.029331624507904053,tgb,BRT,19,0.12538027345132455,0.7765113995533847,0.8837596209703119,0.7813416666666667,0.116111497007654
0.0,0.029331624507904053,tgb,BRT,20,0.09756651019601381,0.8109795325869787,0.880642230127022,0.7861333333333334,0.10798644153019898
0.0,0.029331624507904053,tgb,BRT,21,0.10753961501706992,0.7897239143259305,0.8789897760000317,0.7740166666666667,0.1240990291041475
0.0,0.029331624507904053,tgb,BRT,22,0.15807916540509293,0.7763527852577938,0.8750945967142363,0.7620791666666666,0.05058112968476247
0.0,0.029331624507904053,tgb,BRT,23,0.060213674683332635,0.8568330666666667,0.8738646941386818,0.7962,0.019792814864223685
0.0,0.029331624507904053,tgb,BRT,24,0.144997532652204,0.7640685886413523,0.8766178267180306,0.71575,0.04794929364967404
0.0,0.029331624507904053,tgb,BRT,25,0.15175846783405206,0.9073100802629703,0.9038234969700756,0.8403916666666666,0.03493666251648908
0.0,0.029331624507904053,tgb,BRT,26,0.23491513732847308,0.9507181604194924,0.8817806196763468,0.8520083333333334,0.022786994360131207
0.0,0.029331624507904053,tgb,BRT,27,0.33933840204810717,0.8611512950306806,0.8497219737319914,0.7405416666666667,0.041590073189346044
0.0,0.029331624507904053,tgb,BRT,28,0.1773390753896233,0.8210711012856803,0.8329841945218975,0.7450916666666667,0.028722295660199237
0.0,0.029331624507904053,tgb,BRT,29,0.16978730404597858,0.8252433062899471,0.8814505650066986,0.7639041666666667,0.09138071052277741
0.0,0.029331624507904053,tgb,RF,0,0.276053932602442,0.6466874161498218,0.624270127219633,0.6160625000000001,0.06531471822595003
0.0,0.029331624507904053,tgb,RF,1,0.2751094017890158,0.8801739666056784,0.8940670735081662,0.8079291666666668,0.026337811134306
0.0,0.029331624507904053,tgb,RF,2,0.0847596837412311,0.8940183687743668,0.8347145722893298,0.8269916666666668,0.10205870619468738
0.0,0.029331624507904053,tgb,RF,3,0.305789851544197,0.907587718847303,0.8990508156345123,0.7804166666666666,0.028972646035526628
0.0,0.029331624507904053,tgb,RF,4,0.10748487770604057,0.7420480467058186,0.8334990441562524,0.6990125,0.01988419742528158
0.0,0.029331624507904053,tgb,RF,5,0.24371626867248436,0.8218491392582141,0.8961699686105576,0.7633541666666667,0.07138739774945302
0.0,0.029331624507904053,tgb,RF,6,0.17681507208363118,0.836488090094923,0.8326291273716752,0.7898541666666667,0.0747445511020629
0.0,0.029331624507904053,tgb,RF,7,0.11350242278225316,0.77359196580397,0.7840614322372448,0.75625,0.18653957770521312
0.0,0.029331624507904053,tgb,RF,8,0.12874841382503044,0.8497423558826357,0.8989158374478832,0.8164208333333334,0.05023828810994391
0.0,0.029331624507904053,tgb,RF,9,0.2930823056318897,0.6907011567281816,0.7215049587609972,0.629625,0.03574654348764239
0.0,0.029331624507904053,tgb,RF,10,0.08860196369515083,0.9355026518379866,0.778236961919843,0.8896958333333334,0.04514264954301317
0.0,0.029331624507904053,tgb,RF,11,0.160309870907002,0.6625635177956373,0.709161194813724,0.6365125,0.07750780414419367
0.0,0.029331624507904053,tgb,RF,12,0.22909631915712692,0.6354751257978447,0.6358375343077725,0.5349166666666667,0.0753004108388301
0.0,0.029331624507904053,tgb,RF,13,0.13850193284165585,0.8684932616464636,0.8670594567297258,0.8048,0.15380451916154714
0.0,0.029331624507904053,tgb,RF,14,0.16774753280377475,0.7345545637562114,0.686002318894455,0.7252875000000001,0.023281459598523346
0.0,0.029331624507904053,tgb,RF,15,0.3322802562985705,0.7854575503324138,0.7677756951281115,0.6906791666666667,0.018799728736306975
0.0,0.029331624507904053,tgb,RF,16,0.3414795240340664,0.8447856076446836,0.8489384762247321,0.7148416666666667,0.1463631432358633
0.0,0.029331624507904053,tgb,RF,17,0.3047133565577816,0.8533088089977398,0.8774963813555231,0.7167875,0.2011009344816288
0.0,0.029331624507904053,tgb,RF,18,0.11675205978388173,0.7855462250245222,0.8600470864722656,0.7343791666666666,0.07192568091585638
0.0,0.029331624507904053,tgb,RF,19,0.12538027345132455,0.7784653194295812,0.8764582003657743,0.7791291666666667,0.09938060339456178
0.0,0.029331624507904053,tgb,RF,20,0.09756651019601381,0.8124043504051003,0.8629105030821228,0.7942416666666666,0.08878953543922208
0.0,0.029331624507904053,tgb,RF,21,0.10753961501706992,0.7858653716416846,0.8462266097634072,0.7747583333333333,0.1112918268317149
0.0,0.029331624507904053,tgb,RF,22,0.15807916540509293,0.7688442268276869,0.8164326306271066,0.7685166666666667,0.07858841119975757
0.0,0.029331624507904053,tgb,RF,23,0.060213674683332635,0.855665152,0.8366265993378303,0.7945666666666666,0.02112692043699027
0.0,0.029331624507904053,tgb,RF,24,0.144997532652204,0.7631012009332897,0.8491625311234368,0.7170083333333334,0.06443501726203205
0.0,0.029331624507904053,tgb,RF,25,0.15175846783405206,0.9063554798986865,0.8967339914140349,0.8491375000000001,0.013994805440953106
0.0,0.029331624507904053,tgb,RF,26,0.23491513732847308,0.9559580453581984,0.8320346968817625,0.8530125,0.025761019424056397
0.0,0.029331624507904053,tgb,RF,27,0.33933840204810717,0.864463301869481,0.8119835802144978,0.7564124999999999,0.0549953033824927
0.0,0.029331624507904053,tgb,RF,28,0.1773390753896233,0.8189398465442629,0.8003401594169406,0.7464875,0.03638342324174759
0.0,0.029331624507904053,tgb,RF,29,0.16978730404597858,0.826871254768923,0.8642721128816474,0.7550916666666668,0.06745502832329031
0.0,0.029331624507904053,tgb,MLP,0,0.276053932602442,0.5923271722031554,0.3950609704245751,0.5325166666666666,0.026759668049803564
0.0,0.029331624507904053,tgb,MLP,1,0.2751094017890158,0.8612575794347881,0.8959664415016528,0.7918,0.03926542320500348
0.0,0.029331624507904053,tgb,MLP,2,0.0847596837412311,0.8738295252648894,0.8429960426172578,0.798075,0.1180320981067432
0.0,0.029331624507904053,tgb,MLP,3,0.305789851544197,0.8829529485331857,0.8954221300408883,0.7686958333333332,0.048082937370347745
0.0,0.029331624507904053,tgb,MLP,4,0.10748487770604057,0.7122712379258649,0.7571725812788163,0.66835,0.013641224331208956
0.0,0.029331624507904053,tgb,MLP,5,0.24371626867248436,0.7714492097242978,0.8072657300944635,0.7281333333333333,0.11790738297646508
0.0,0.029331624507904053,tgb,MLP,6,0.17681507208363118,0.8039841128849122,0.817887811493342,0.7818333333333334,0.04030936965842946
0.0,0.029331624507904053,tgb,MLP,7,0.11350242278225316,0.7145874868760667,0.6157694494694103,0.6757291666666667,0.008798247810162252
0.0,0.029331624507904053,tgb,MLP,8,0.12874841382503044,0.7922512249274435,0.7760167049157323,0.7602416666666666,0.027417344301238433
0.0,0.029331624507904053,tgb,MLP,9,0.2930823056318897,0.6720048948697982,0.6770249509180152,0.6047333333333333,0.014972431527780494
0.0,0.029331624507904053,tgb,MLP,10,0.08860196369515083,0.9239201922167019,0.9301603175557841,0.8856916666666667,0.03359913881765042
0.0,0.029331624507904053,tgb,MLP,11,0.160309870907002,0.6135738323765786,0.4860705145339789,0.6141291666666666,0.0551344662543648
0.0,0.029331624507904053,tgb,MLP,12,0.22909631915712692,0.6014503275852048,0.47468541531349684,0.5263666666666666,0.03259621080605679
0.0,0.029331624507904053,tgb,MLP,13,0.13850193284165585,0.8345681470026693,0.883468384072606,0.762225,0.07478096741736051
0.0,0.029331624507904053,tgb,MLP,14,0.16774753280377475,0.6728761227752859,0.5960076500045872,0.6848666666666667,0.04036154448459828
0.0,0.029331624507904053,tgb,MLP,15,0.3322802562985705,0.6596922848835399,0.48698513672531024,0.6321166666666667,0.043748513077425
0.0,0.029331624507904053,tgb,MLP,16,0.3414795240340664,0.7721330130587558,0.6930624712700625,0.6691583333333333,0.13945504215409044
0.0,0.029331624507904053,tgb,MLP,17,0.3047133565577816,0.8250597702963458,0.8398993291322063,0.6929375000000001,0.08833356922266766
0.0,0.029331624507904053,tgb,MLP,18,0.11675205978388173,0.7604897079824714,0.8565403326740263,0.6986,0.10530649832045924
0.0,0.029331624507904053,tgb,MLP,19,0.12538027345132455,0.7432718539517773,0.8221033112462417,0.7466833333333334,0.09108122146570319
0.0,0.029331624507904053,tgb,MLP,20,0.09756651019601381,0.778136479176833,0.8496515925110361,0.7493666666666667,0.06653202898089006
0.0,0.029331624507904053,tgb,MLP,21,0.10753961501706992,0.7424332701570894,0.8078671922645512,0.7206833333333333,0.08633735121523245
0.0,0.029331624507904053,tgb,MLP,22,0.15807916540509293,0.74280555744096,0.7577525741856779,0.7331041666666667,0.03174240808685469
0.0,0.029331624507904053,tgb,MLP,23,0.060213674683332635,0.824963968,0.8400027932190411,0.7676166666666667,0.016665874566362815
0.0,0.029331624507904053,tgb,MLP,24,0.144997532652204,0.6992055795722021,0.6463376993065224,0.6579666666666667,0.0450475076836816
0.0,0.029331624507904053,tgb,MLP,25,0.15175846783405206,0.8777854751082584,0.8599296737197438,0.8214250000000001,0.03538815172938381
0.0,0.029331624507904053,tgb,MLP,26,0.23491513732847308,0.9145753265919936,0.8638780931822352,0.8233,0.017676678184162076
0.0,0.029331624507904053,tgb,MLP,27,0.33933840204810717,0.7818042538859872,0.7237545246207291,0.6769916666666667,0.024762996047324126
0.0,0.029331624507904053,tgb,MLP,28,0.1773390753896233,0.7784786795383067,0.7844068090050981,0.7262249999999999,0.0110509045971805
0.0,0.029331624507904053,tgb,MLP,29,0.16978730404597858,0.781660757842268,0.7824141703029995,0.7192125,0.06458603804591256
0.0,0.029331624507904053,tgb,CNN,0,0.276053932602442,0.582829521466903,0.3594127382574753,0.5302916666666667,0.036533392585277547
0.0,0.029331624507904053,tgb,CNN,1,0.2751094017890158,0.846913101194705,0.8434087578984045,0.7587583333333333,0.018290093902026627
0.0,0.029331624507904053,tgb,CNN,2,0.0847596837412311,0.8648115840641918,0.71568259936428,0.78625,0.057427049399380925
0.0,0.029331624507904053,tgb,CNN,3,0.305789851544197,0.8748031264118145,0.8515032177819932,0.7671541666666666,0.06584242232195336
0.0,0.029331624507904053,tgb,CNN,4,0.10748487770604057,0.6869147256620746,0.6445219284524883,0.6373166666666666,0.01494314178446654
0.0,0.029331624507904053,tgb,CNN,5,0.24371626867248436,0.7583290373891483,0.7378073893948385,0.7414833333333334,0.10080940165160479
0.0,0.029331624507904053,tgb,CNN,6,0.17681507208363118,0.7909185135308356,0.7445735914461676,0.7476750000000001,0.03352859364170124
0.0,0.029331624507904053,tgb,CNN,7,0.11350242278225316,0.7028538863602006,0.5791485766797402,0.6436041666666668,0.025161383297444773
0.0,0.029331624507904053,tgb,CNN,8,0.12874841382503044,0.7567588694228101,0.615958424137301,0.7419500000000001,0.04968748719918503
0.0,0.029331624507904053,tgb,CNN,9,0.2930823056318897,0.664854822427082,0.6263454545795681,0.6033083333333333,0.019566732965468514
0.0,0.029331624507904053,tgb,CNN,10,0.08860196369515083,0.9094900197759455,0.7095462459469384,0.8671500000000001,0.024031208081374378
0.0,0.029331624507904053,tgb,CNN,11,0.160309870907002,0.6128204638346728,0.46976267059468513,0.6338958333333333,0.10098817658708914
0.0,0.029331624507904053,tgb,CNN,12,0.22909631915712692,0.6031025093145819,0.4830694295639416,0.530075,0.04239537018873751
0.0,0.029331624507904053,tgb,CNN,13,0.13850193284165585,0.815828840740291,0.8180677055972937,0.788475,0.10119220081562086
0.0,0.029331624507904053,tgb,CNN,14,0.16774753280377475,0.6411110869100415,0.475158679471894,0.6707666666666667,0.050887345342644164
0.0,0.029331624507904053,tgb,CNN,15,0.3322802562985705,0.674153903949566,0.4959694199763534,0.6393583333333333,0.06313024158271607
0.0,0.029331624507904053,tgb,CNN,16,0.3414795240340664,0.7363835711845035,0.5923879970185528,0.6460833333333333,0.10768500440639106
0.0,0.029331624507904053,tgb,CNN,17,0.3047133565577816,0.8032119758459306,0.7816657385232593,0.6936125000000001,0.13957785609483442
0.0,0.029331624507904053,tgb,CNN,18,0.11675205978388173,0.7539016802934508,0.8142858801942967,0.7078416666666667,0.07073750779175747
0.0,0.029331624507904053,tgb,CNN,19,0.12538027345132455,0.7228065503596227,0.7171480236927336,0.6842833333333335,0.07480550131336339
0.0,0.029331624507904053,tgb,CNN,20,0.09756651019601381,0.765670026097079,0.7882263056990892,0.7587750000000001,0.05620659763346891
0.0,0.029331624507904053,tgb,CNN,21,0.10753961501706992,0.7116524678032591,0.6555986563792134,0.721725,0.08945941033237648
0.0,0.029331624507904053,tgb,CNN,22,0.15807916540509293,0.7206954271882511,0.6654227702653045,0.7280291666666667,0.04673980694850144
0.0,0.029331624507904053,tgb,CNN,23,0.060213674683332635,0.8151860906666667,0.7779022367134225,0.7381333333333333,0.018846251229647892
0.0,0.029331624507904053,tgb,CNN,24,0.144997532652204,0.7003599468171892,0.656566274267408,0.6580166666666666,0.033527723942833876
0.0,0.029331624507904053,tgb,CNN,25,0.15175846783405206,0.8808031516170493,0.7574408755058063,0.826875,0.044827638254705926
0.0,0.029331624507904053,tgb,CNN,26,0.23491513732847308,0.8917855899251915,0.7709244427492411,0.81575,0.026955671288249383
0.0,0.029331624507904053,tgb,CNN,27,0.33933840204810717,0.7794060582461699,0.6576104839874957,0.6771333333333334,0.025985723022498686
0.0,0.029331624507904053,tgb,CNN,28,0.1773390753896233,0.763977773699121,0.7173254223463515,0.7130583333333333,0.010620173508171127
0.0,0.029331624507904053,tgb,CNN,29,0.16978730404597858,0.7646069992812298,0.7123402817437207,0.7092291666666667,0.07676162936304154
0.0,0.029331624507904053,biascov,GLM,0,0.276053932602442,0.6341241038569809,0.573541615487854,0.5914166666666667,0.029145296482840255
0.0,0.029331624507904053,biascov,GLM,1,0.2751094017890158,0.8774029210907494,0.9241891253734726,0.7862750000000001,0.025687129543605747
0.0,0.029331624507904053,biascov,GLM,2,0.0847596837412311,0.870293071957702,0.8341271612268177,0.80535,0.08681692304526822
0.0,0.029331624507904053,biascov,GLM,3,0.305789851544197,0.8837096517873618,0.8856031633920077,0.7765375000000001,0.03842571321438848
0.0,0.029331624507904053,biascov,GLM,4,0.10748487770604057,0.7114730738930639,0.7938347217570868,0.654925,0.021100019718896412
0.0,0.029331624507904053,biascov,GLM,5,0.24371626867248436,0.8035011575357928,0.8698193328850482,0.7145416666666666,0.060588556378684655
0.0,0.029331624507904053,biascov,GLM,6,0.17681507208363118,0.8095973791178063,0.8207624919299061,0.7809333333333333,0.06901697205884927
0.0,0.029331624507904053,biascov,GLM,7,0.11350242278225316,0.7198523506180216,0.6755252481473164,0.7371375,0.03148497968414332
0.0,0.029331624507904053,biascov,GLM,8,0.12874841382503044,0.8215419752832772,0.8279115824172788,0.7854666666666665,0.08553037466928204
0.0,0.029331624507904053,biascov,GLM,9,0.2930823056318897,0.6509387956866021,0.5922086016720215,0.6145333333333334,0.038230790834657635
0.0,0.029331624507904053,biascov,GLM,10,0.08860196369515083,0.9250882741249485,0.874062387520858,0.8866999999999999,0.045184473900636846
0.0,0.029331624507904053,biascov,GLM,11,0.160309870907002,0.6495476463834673,0.6504115801800289,0.6576624999999999,0.05045529488523903
0.0,0.029331624507904053,biascov,GLM,12,0.22909631915712692,0.5992598585114937,0.4440002695635006,0.5385333333333333,0.014092937650151738
0.0,0.029331624507904053,biascov,GLM,13,0.13850193284165585,0.8712372763695571,0.9271807731013991,0.8047083333333332,0.181257208884968
0.0,0.029331624507904053,biascov,GLM,14,0.16774753280377475,0.7508298769020002,0.7486560761084209,0.7853583333333333,0.031398115877836474
0.0,0.029331624507904053,biascov,GLM,15,0.3322802562985705,0.741097231846242,0.6726419975401049,0.6685583333333334,0.03612013626836463
0.0,0.029331624507904053,biascov,GLM,16,0.3414795240340664,0.7868207527793999,0.7306397216725992,0.7203416666666667,0.04794521847405897
0.0,0.029331624507904053,biascov,GLM,17,0.3047133565577816,0.82283166693112,0.8543232343558079,0.6929375,0.1423561649743752
0.0,0.029331624507904053,biascov,GLM,18,0.11675205978388173,0.7596187948136067,0.8496540866401351,0.6535083333333334,0.08980446548175669
0.0,0.029331624507904053,biascov,GLM,19,0.12538027345132455,0.7710967417888599,0.8835057920107642,0.7479666666666667,0.10479681225507065
0.0,0.029331624507904053,biascov,GLM,20,0.09756651019601381,0.796206489057669,0.8914470909851177,0.7960333333333333,0.05667501006791342
0.0,0.029331624507904053,biascov,GLM,21,0.10753961501706992,0.7592241095706573,0.8256921760153383,0.7588416666666666,0.08767208262080739
0.0,0.029331624507904053,biascov,GLM,22,0.15807916540509293,0.7253055494139902,0.7267385064258461,0.7124125,0.01457873234818896
0.0,0.029331624507904053,biascov,GLM,23,0.060213674683332635,0.8075068586666666,0.7958482345761203,0.7539166666666667,0.025383844240692066
0.0,0.029331624507904053,biascov,GLM,24,0.144997532652204,0.7405415872698569,0.7847974331474935,0.693125,0.08040287946723212
0.0,0.029331624507904053,biascov,GLM,25,0.15175846783405206,0.8898571422580066,0.8654665781841663,0.836775,0.02564350539683935
0.0,0.029331624507904053,biascov,GLM,26,0.23491513732847308,0.9111952018107117,0.8751338171573344,0.8205499999999999,0.01026929617396688
0.0,0.029331624507904053,biascov,GLM,27,0.33933840204810717,0.8563376053457219,0.8485681886854204,0.6975666666666667,0.07968501661376848
0.0,0.029331624507904053,biascov,GLM,28,0.1773390753896233,0.8078321003535369,0.8515522087143803,0.7265416666666666,0.00652993660156187
0.0,0.029331624507904053,biascov,GLM,29,0.16978730404597858,0.7789010713130465,0.7698661046551651,0.7729125,0.04831628544289701
0.0,0.029331624507904053,biascov,BRT,0,0.276053932602442,0.6614882900295282,0.6831246571208116,0.6391666666666665,0.07587818055516049
0.0,0.029331624507904053,biascov,BRT,1,0.2751094017890158,0.8885139299802761,0.9280051126466449,0.8022416666666666,0.04175777062671027
0.0,0.029331624507904053,biascov,BRT,2,0.0847596837412311,0.8844604275658119,0.8535445745834638,0.8300916666666667,0.14641922456654755
0.0,0.029331624507904053,biascov,BRT,3,0.305789851544197,0.913392448684971,0.9044244831092358,0.7999541666666666,0.02383066006141532
0.0,0.029331624507904053,biascov,BRT,4,0.10748487770604057,0.752311875303403,0.875414172426505,0.6897,0.012292160546365838
0.0,0.029331624507904053,biascov,BRT,5,0.24371626867248436,0.8249583785044264,0.9115257780856153,0.7499333333333333,0.08756714525440024
0.0,0.029331624507904053,biascov,BRT,6,0.17681507208363118,0.831519188754031,0.876149789484517,0.79755,0.10300131958176628
0.0,0.029331624507904053,biascov,BRT,7,0.11350242278225316,0.764213599298661,0.780319798443433,0.7409625,0.05580095197179946
0.0,0.029331624507904053,biascov,BRT,8,0.12874841382503044,0.8553367559881561,0.9017911059073438,0.8388833333333334,0.028790161075643583
0.0,0.029331624507904053,biascov,BRT,9,0.2930823056318897,0.7002749142198648,0.7414401104012404,0.6556916666666666,0.02858434856249048
0.0,0.029331624507904053,biascov,BRT,10,0.08860196369515083,0.9368152572360043,0.8612776557955601,0.8919,0.06521737136922967
0.0,0.029331624507904053,biascov,BRT,11,0.160309870907002,0.6889641882893227,0.805457168619351,0.6906958333333334,0.02043249670607894
0.0,0.029331624507904053,biascov,BRT,12,0.22909631915712692,0.6518473321904222,0.7000621031846928,0.56925,0.022499628653202652
0.0,0.029331624507904053,biascov,BRT,13,0.13850193284165585,0.8755186266890622,0.9055273931856306,0.7934166666666667,0.09927093236841578
0.0,0.029331624507904053,biascov,BRT,14,0.16774753280377475,0.7665312394567917,0.8205207079087056,0.7247,0.00775232037719864
0.0,0.029331624507904053,biascov,BRT,15,0.3322802562985705,0.7989718085891663,0.8239214399472304,0.6792,0.036608008539448234
0.0,0.029331624507904053,biascov,BRT,16,0.3414795240340664,0.8565427267724667,0.8916051996549346,0.7214333333333334,0.1847650181255548
0.0,0.029331624507904053,biascov,BRT,17,0.3047133565577816,0.8495919090732178,0.8869150868338636,0.6947791666666667,0.1610339470053186
0.0,0.029331624507904053,biascov,BRT,18,0.11675205978388173,0.7876087905625443,0.9067197222770692,0.7378583333333334,0.0960261670403304
0.0,0.029331624507904053,biascov,BRT,19,0.12538027345132455,0.7900285299926922,0.9166462224482405,0.7661583333333333,0.09064676890803669
0.0,0.029331624507904053,biascov,BRT,20,0.09756651019601381,0.8148345666405123,0.8932377429406642,0.7941083333333334,0.11218440503524219
0.0,0.029331624507904053,biascov,BRT,21,0.10753961501706992,0.7947221223821493,0.9063730321614916,0.7723250000000002,0.12468147729121615
0.0,0.029331624507904053,biascov,BRT,22,0.15807916540509293,0.7810146721064882,0.9021997728840294,0.7741041666666666,0.039352829403442535
0.0,0.029331624507904053,biascov,BRT,23,0.060213674683332635,0.8580668159999999,0.8684864057053487,0.7958916666666667,0.016032736209990017
0.0,0.029331624507904053,biascov,BRT,24,0.144997532652204,0.7765011187886268,0.908988562674244,0.7053,0.04402710896482853
0.0,0.029331624507904053,biascov,BRT,25,0.15175846783405206,0.9202298776390458,0.9308526105653768,0.84705,0.023067118220465477
0.0,0.029331624507904053,biascov,BRT,26,0.23491513732847308,0.9556849807453599,0.8915404897212965,0.853525,0.017984154708574396
0.0,0.029331624507904053,biascov,BRT,27,0.33933840204810717,0.8686680899248539,0.8704996920807844,0.7331666666666667,0.05754347162885198
0.0,0.029331624507904053,biascov,BRT,28,0.1773390753896233,0.8299755104714279,0.8684214658430437,0.76,0.02799714537892284
0.0,0.029331624507904053,biascov,BRT,29,0.16978730404597858,0.8313992711864444,0.9070243311461219,0.7651791666666667,0.039235711590502875
0.0,0.029331624507904053,biascov,RF,0,0.276053932602442,0.6792717472548232,0.757919474042205,0.6191458333333333,0.0406335601328357
0.0,0.029331624507904053,biascov,RF,1,0.2751094017890158,0.8907744230343448,0.9211341279508923,0.8067041666666668,0.017812264386287247
0.0,0.029331624507904053,biascov,RF,2,0.0847596837412311,0.8945458624160911,0.8609107453649355,0.8274875,0.09397684702874853
0.0,0.029331624507904053,biascov,RF,3,0.305789851544197,0.9220565171355339,0.9284662253848173,0.7981875,0.02537117152058066
0.0,0.029331624507904053,biascov,RF,4,0.10748487770604057,0.7514349256943956,0.8682134208257082,0.7031708333333333,0.014128777017932026
0.0,0.029331624507904053,biascov,RF,5,0.24371626867248436,0.8370248530984289,0.9303621413457043,0.7559,0.04431459556444628
0.0,0.029331624507904053,biascov,RF,6,0.17681507208363118,0.8436206792854548,0.8880156501918026,0.7823958333333334,0.06312004904893764
0.0,0.029331624507904053,biascov,RF,7,0.11350242278225316,0.7795178562448205,0.8176311787809836,0.7675166666666667,0.13424246365170933
0.0,0.029331624507904053,biascov,RF,8,0.12874841382503044,0.8617227484161927,0.9268808286222086,0.824725,0.01810598626207771
0.0,0.029331624507904053,biascov,RF,9,0.2930823056318897,0.7060447901272859,0.7689877373667765,0.6508833333333334,0.02878904078898692
0.0,0.029331624507904053,biascov,RF,10,0.08860196369515083,0.9379227335096427,0.7838496340608799,0.8916,0.052021092604313424
0.0,0.029331624507904053,biascov,RF,11,0.160309870907002,0.6847487026406429,0.8048216453732625,0.6946083333333334,0.03640237861423379
0.0,0.029331624507904053,biascov,RF,12,0.22909631915712692,0.6553692530898493,0.7166103389820788,0.5699625,0.018443226292685355
0.0,0.029331624507904053,biascov,RF,13,0.13850193284165585,0.8820812458519761,0.9064369301613787,0.7993083333333334,0.14941078716018463
0.0,0.029331624507904053,biascov,RF,14,0.16774753280377475,0.760658096228293,0.7578654727683316,0.7372,0.015779475968595857
0.0,0.029331624507904053,biascov,RF,15,0.3322802562985705,0.8082822522450891,0.8379109080434455,0.7144375000000001,0.006935968696103134
0.0,0.029331624507904053,biascov,RF,16,0.3414795240340664,0.8645625024432132,0.894029500889137,0.7318125,0.13310522132993197
0.0,0.029331624507904053,biascov,RF,17,0.3047133565577816,0.8592303554573223,0.9043507450232454,0.7018041666666666,0.19733073564770065
0.0,0.029331624507904053,biascov,RF,18,0.11675205978388173,0.7880892608279247,0.8866549090374879,0.7319958333333333,0.05951909404572886
0.0,0.029331624507904053,biascov,RF,19,0.12538027345132455,0.7937615019310348,0.9195790795930686,0.7865416666666665,0.10355997602235567
0.0,0.029331624507904053,biascov,RF,20,0.09756651019601381,0.8154735858046285,0.884218963459841,0.8057749999999999,0.08292344853887124
0.0,0.029331624507904053,biascov,RF,21,0.10753961501706992,0.7992987757932988,0.8867744594103212,0.77375,0.07143082313724813
0.0,0.029331624507904053,biascov,RF,22,0.15807916540509293,0.7832262610201899,0.8830147907633823,0.7652916666666666,0.07162061254508367
0.0,0.029331624507904053,biascov,RF,23,0.060213674683332635,0.86051552,0.8755515510563647,0.7859,0.01766685997064743
0.0,0.029331624507904053,biascov,RF,24,0.144997532652204,0.7770549436684169,0.9000664570554815,0.7276416666666666,0.035513154018705695
0.0,0.029331624507904053,biascov,RF,25,0.15175846783405206,0.9235226173755849,0.9260740782509196,0.8542416666666667,0.013039753812753463
0.0,0.029331624507904053,biascov,RF,26,0.23491513732847308,0.9596336005354633,0.860790999605216,0.8604458333333334,0.017786483091410066
0.0,0.029331624507904053,biascov,RF,27,0.33933840204810717,0.8754981012035035,0.8573834546556595,0.7531166666666667,0.06130875259564339
0.0,0.029331624507904053,biascov,RF,28,0.1773390753896233,0.8345074042563044,0.8533665973251873,0.771225,0.04670907026930471
0.0,0.029331624507904053,biascov,RF,29,0.16978730404597858,0.8388878428419004,0.9135884665056593,0.7598666666666667,0.028861689079519248
0.0,0.029331624507904053,biascov,MLP,0,0.276053932602442,0.6345664897556675,0.5852248913707051,0.5898083333333334,0.014776658805490395
0.0,0.029331624507904053,biascov,MLP,1,0.2751094017890158,0.86076459683672,0.897943383284696,0.7708166666666667,0.01900784628843777
0.0,0.029331624507904053,biascov,MLP,2,0.0847596837412311,0.8638019241731818,0.8722685344930982,0.8157083333333334,0.1584008150298345
0.0,0.029331624507904053,biascov,MLP,3,0.305789851544197,0.8839075140941465,0.9084301037844976,0.7552708333333333,0.0043404950527706765
0.0,0.029331624507904053,biascov,MLP,4,0.10748487770604057,0.6922958394588082,0.7121194256435476,0.6801416666666666,0.010946183839317336
0.0,0.029331624507904053,biascov,MLP,5,0.24371626867248436,0.805846829335736,0.880800556467725,0.718625,0.06295838563758138
0.0,0.029331624507904053,biascov,MLP,6,0.17681507208363118,0.7962674481102264,0.7976677853219182,0.7633416666666666,0.01972051992006696
0.0,0.029331624507904053,biascov,MLP,7,0.11350242278225316,0.685860820185799,0.5418899352683963,0.7400541666666667,0.003969777269119401
0.0,0.029331624507904053,biascov,MLP,8,0.12874841382503044,0.8193289054593221,0.8287824795246153,0.780375,0.012551453889072195
0.0,0.029331624507904053,biascov,MLP,9,0.2930823056318897,0.6767018114286023,0.6745211678890312,0.607875,0.03879022257416409
0.0,0.029331624507904053,biascov,MLP,10,0.08860196369515083,0.912590069350096,0.9245312971750868,0.8809,0.033905039748862054
0.0,0.029331624507904053,biascov,MLP,11,0.160309870907002,0.6423705258323766,0.5921521617506004,0.6270458333333333,0.0851597817805656
0.0,0.029331624507904053,biascov,MLP,12,0.22909631915712692,0.5572188342811265,0.28259532235305385,0.5364333333333333,0.01744728828182207
0.0,0.029331624507904053,biascov,MLP,13,0.13850193284165585,0.8528758897222688,0.8981833964073911,0.7714,0.052336722803098645
0.0,0.029331624507904053,biascov,MLP,14,0.16774753280377475,0.710226588687857,0.6678997240596629,0.7235333333333334,0.021948691599265713
0.0,0.029331624507904053,biascov,MLP,15,0.3322802562985705,0.6951151013210735,0.5315775520657064,0.6680166666666666,0.019499998159116405
0.0,0.029331624507904053,biascov,MLP,16,0.3414795240340664,0.7722554182489773,0.7170866031332853,0.7031333333333333,0.08653190180615355
0.0,0.029331624507904053,biascov,MLP,17,0.3047133565577816,0.8125603116532728,0.8355497845357226,0.6573458333333334,0.030204211583168106
0.0,0.029331624507904053,biascov,MLP,18,0.11675205978388173,0.7648701922688655,0.8587544325482319,0.6647333333333333,0.1532949745516866
0.0,0.029331624507904053,biascov,MLP,19,0.12538027345132455,0.7624581948501213,0.875048966821752,0.7315583333333334,0.06877075725492632
0.0,0.029331624507904053,biascov,MLP,20,0.09756651019601381,0.8024540100543014,0.8867281750971185,0.765725,0.027259668670278625
0.0,0.029331624507904053,biascov,MLP,21,0.10753961501706992,0.7388351573260366,0.8134096821964589,0.733525,0.04467717662140791
0.0,0.029331624507904053,biascov,MLP,22,0.15807916540509293,0.6894901238774284,0.5848861631911679,0.7093791666666666,0.01875630490749358
0.0,0.029331624507904053,biascov,MLP,23,0.060213674683332635,0.8323153066666665,0.8697109135175368,0.7577166666666667,0.019009368542830196
0.0,0.029331624507904053,biascov,MLP,24,0.144997532652204,0.705837200851671,0.7069609201835082,0.6157833333333333,0.05261412684156597
0.0,0.029331624507904053,biascov,MLP,25,0.15175846783405206,0.8767357923576207,0.8717033800800691,0.8232583333333333,0.04224949599480887
0.0,0.029331624507904053,biascov,MLP,26,0.23491513732847308,0.9236853908265228,0.9034508655399097,0.8228333333333333,0.010344122989790261
0.0,0.029331624507904053,biascov,MLP,27,0.33933840204810717,0.8300187082365472,0.7860340236989998,0.67135,0.038280926010630933
0.0,0.029331624507904053,biascov,MLP,28,0.1773390753896233,0.7893188769933375,0.809015282567796,0.7259083333333333,0.009667779345547078
0.0,0.029331624507904053,biascov,MLP,29,0.16978730404597858,0.7471538393878516,0.6928278583059979,0.7402375,0.03800520084726622
0.0,0.029331624507904053,biascov,CNN,0,0.276053932602442,0.6226727648006168,0.509661573073653,0.5670833333333333,0.0889779610904865
0.0,0.029331624507904053,biascov,CNN,1,0.2751094017890158,0.8350656153590684,0.8120300765222932,0.7209249999999999,0.02274230990954551
0.0,0.029331624507904053,biascov,CNN,2,0.0847596837412311,0.8464756307235451,0.7008710958787419,0.80895,0.05986974261316236
0.0,0.029331624507904053,biascov,CNN,3,0.305789851544197,0.8565524068470248,0.7886061034174937,0.7588125,0.013521920784736241
0.0,0.029331624507904053,biascov,CNN,4,0.10748487770604057,0.6660870152699414,0.5865947335331565,0.6394166666666666,0.019447435183459816
0.0,0.029331624507904053,biascov,CNN,5,0.24371626867248436,0.7482298915986888,0.661660393718634,0.719775,0.04018041504717118
0.0,0.029331624507904053,biascov,CNN,6,0.17681507208363118,0.792205350481246,0.753653942866461,0.735975,0.03618201628347195
0.0,0.029331624507904053,biascov,CNN,7,0.11350242278225316,0.7069436124491454,0.5581326136616338,0.6779791666666666,0.06343657991075491
0.0,0.029331624507904053,biascov,CNN,8,0.12874841382503044,0.7283399590459009,0.5532900337104275,0.6995916666666666,0.002185486871318809
0.0,0.029331624507904053,biascov,CNN,9,0.2930823056318897,0.5693613508231601,0.26038870865005764,0.5533166666666667,0.03862968547939394
0.0,0.029331624507904053,biascov,CNN,10,0.08860196369515083,0.8990365376929447,0.718948644879561,0.8640916666666667,0.03272631221520772
0.0,0.029331624507904053,biascov,CNN,11,0.160309870907002,0.6235887026406428,0.5257200090904972,0.6482958333333333,0.06851005142562816
0.0,0.029331624507904053,biascov,CNN,12,0.22909631915712692,0.5333131536948413,0.19433457457616946,0.5230916666666666,0.062316159224481416
0.0,0.029331624507904053,biascov,CNN,13,0.13850193284165585,0.8083543263477201,0.7990338925153906,0.7781583333333333,0.16322233418751164
0.0,0.029331624507904053,biascov,CNN,14,0.16774753280377475,0.665478863353797,0.48581754846568354,0.648425,0.0200363882145288
0.0,0.029331624507904053,biascov,CNN,15,0.3322802562985705,0.672708926236879,0.47467007742095113,0.6659833333333334,0.024959387665132948
0.0,0.029331624507904053,biascov,CNN,16,0.3414795240340664,0.7951546905931589,0.7137683550262592,0.6624583333333334,0.2014449427664028
0.0,0.029331624507904053,biascov,CNN,17,0.3047133565577816,0.7669339579063549,0.6553222412762673,0.6533458333333334,0.01487653946499301
0.0,0.029331624507904053,biascov,CNN,18,0.11675205978388173,0.7319624184292748,0.7606506512944823,0.6892333333333334,0.16794975834010528
0.0,0.029331624507904053,biascov,CNN,19,0.12538027345132455,0.7498759477002925,0.804839238123918,0.6694583333333334,0.0751871053880303
0.0,0.029331624507904053,biascov,CNN,20,0.09756651019601381,0.7411699471495801,0.6774714272399731,0.756675,0.026643933052999613
0.0,0.029331624507904053,biascov,CNN,21,0.10753961501706992,0.7071529207855226,0.6922484554855343,0.6940583333333333,0.09617905590415421
0.0,0.029331624507904053,biascov,CNN,22,0.15807916540509293,0.6999116510611169,0.6167619188945425,0.6969958333333333,0.013739118967423969
0.0,0.029331624507904053,biascov,CNN,23,0.060213674683332635,0.7852973866666667,0.7146806660252556,0.7235333333333334,0.02813383796289548
0.0,0.029331624507904053,biascov,CNN,24,0.144997532652204,0.7122014594267456,0.6821705182844612,0.655075,0.021870556855900225
0.0,0.029331624507904053,biascov,CNN,25,0.15175846783405206,0.8704837613962949,0.6938695365487657,0.8071916666666666,0.038466183463042425
0.0,0.029331624507904053,biascov,CNN,26,0.23491513732847308,0.8377321533452718,0.6972507398577071,0.8061,0.13127732669664327
0.0,0.029331624507904053,biascov,CNN,27,0.33933840204810717,0.7956512301336879,0.7158534545922628,0.6256083333333333,0.033955217330788434
0.0,0.029331624507904053,biascov,CNN,28,0.1773390753896233,0.7742973020879986,0.7639018620704005,0.7338833333333332,0.019344843152590663
0.0,0.029331624507904053,biascov,CNN,29,0.16978730404597858,0.7249855513137441,0.654205023018239,0.7243291666666667,0.007974973704599542
0.0,0.029331624507904053,thin,GLM,0,0.276053932602442,0.6480147163152263,0.6279735733959338,0.6025083333333332,0.03392053526737293
0.0,0.029331624507904053,thin,GLM,1,0.2751094017890158,0.8853543833088408,0.9343241626233103,0.8037916666666667,0.043983608454401524
0.0,0.029331624507904053,thin,GLM,2,0.0847596837412311,0.8708526499942182,0.8180697388476742,0.8013916666666666,0.0621676801292379
0.0,0.029331624507904053,thin,GLM,3,0.305789851544197,0.8898310858321707,0.8883417011453542,0.7823374999999999,0.07170346127128513
0.0,0.029331624507904053,thin,GLM,4,0.10748487770604057,0.7318602923603716,0.8268689336716722,0.683775,0.030079143982130074
0.0,0.029331624507904053,thin,GLM,5,0.24371626867248436,0.8051607997790923,0.8699538472918844,0.7528416666666666,0.051643369572756836
0.0,0.029331624507904053,thin,GLM,6,0.17681507208363118,0.8262786316873065,0.8570481156816202,0.8134583333333333,0.050141269945865874
0.0,0.029331624507904053,thin,GLM,7,0.11350242278225316,0.7373596156223146,0.7301330930701064,0.7405875,0.016434025799460072
0.0,0.029331624507904053,thin,GLM,8,0.12874841382503044,0.8357587959569589,0.8513389795258471,0.8096583333333333,0.05500430394333666
0.0,0.029331624507904053,thin,GLM,9,0.2930823056318897,0.6852537281830425,0.7134203216205507,0.6345166666666667,0.012692704194836035
0.0,0.029331624507904053,thin,GLM,10,0.08860196369515083,0.9286185945453578,0.9028750397153158,0.89545,0.04646201000122008
0.0,0.029331624507904053,thin,GLM,11,0.160309870907002,0.6646717060849597,0.7061768051954419,0.6767541666666667,0.04781951976134968
0.0,0.029331624507904053,thin,GLM,12,0.22909631915712692,0.6462511827109233,0.6559483669383709,0.5760083333333333,0.042597222040241745
0.0,0.029331624507904053,thin,GLM,13,0.13850193284165585,0.8690979928182284,0.9289225734122781,0.8146333333333333,0.16416353939410255
0.0,0.029331624507904053,thin,GLM,14,0.16774753280377475,0.7584379404810749,0.7874235214921039,0.7776083333333332,0.03515621436958194
0.0,0.029331624507904053,thin,GLM,15,0.3322802562985705,0.7633347927037896,0.7370911548952279,0.6753750000000001,0.02798439449107626
0.0,0.029331624507904053,thin,GLM,16,0.3414795240340664,0.8353789364545026,0.8415118184437793,0.68995,0.08118923152832291
0.0,0.029331624507904053,thin,GLM,17,0.3047133565577816,0.8369990604502313,0.8852818923682046,0.7321708333333333,0.20923709228185572
0.0,0.029331624507904053,thin,GLM,18,0.11675205978388173,0.764437533076116,0.8748415256956037,0.681125,0.07901207574192848
0.0,0.029331624507904053,thin,GLM,19,0.12538027345132455,0.7754636859121566,0.897137291175343,0.7518916666666666,0.07042186058734656
0.0,0.029331624507904053,thin,GLM,20,0.09756651019601381,0.8033273054889907,0.8919356303453391,0.7876833333333333,0.0691078759161512
0.0,0.029331624507904053,thin,GLM,21,0.10753961501706992,0.7722318041078744,0.8451198727482012,0.7564833333333334,0.12965029983024878
0.0,0.029331624507904053,thin,GLM,22,0.15807916540509293,0.7591115816782281,0.8120076254270191,0.7321625,0.018227196692233605
0.0,0.029331624507904053,thin,GLM,23,0.060213674683332635,0.8415031893333333,0.8725463833728657,0.7969499999999999,0.010853360555141633
0.0,0.029331624507904053,thin,GLM,24,0.144997532652204,0.7551875239266456,0.8344703596841758,0.7362083333333334,0.03712822089704204
0.0,0.029331624507904053,thin,GLM,25,0.15175846783405206,0.89904836841188,0.8930014055510034,0.843725,0.016528977930141964
0.0,0.029331624507904053,thin,GLM,26,0.23491513732847308,0.9297769034730704,0.8868402226606004,0.8462666666666667,0.033370373970441736
0.0,0.029331624507904053,thin,GLM,27,0.33933840204810717,0.8457431712698773,0.8386598088521494,0.7155666666666667,0.05174786315841895
0.0,0.029331624507904053,thin,GLM,28,0.1773390753896233,0.8170005066675369,0.8751827141109567,0.7436916666666666,0.01121467590731684
0.0,0.029331624507904053,thin,GLM,29,0.16978730404597858,0.8001441312584952,0.8350027782565068,0.7552708333333333,0.04318422831966651
0.0,0.029331624507904053,thin,BRT,0,0.276053932602442,0.6625751700783552,0.697799560125104,0.61955,0.017308343709572904
0.0,0.029331624507904053,thin,BRT,1,0.2751094017890158,0.8800342440617537,0.9127561537428249,0.8109916666666667,0.07109532435474131
0.0,0.029331624507904053,thin,BRT,2,0.0847596837412311,0.8794524464089116,0.849799822628035,0.8294333333333334,0.1323447448013979
0.0,0.029331624507904053,thin,BRT,3,0.305789851544197,0.9077899392240754,0.890291479700898,0.7834291666666666,0.04138410007599702
0.0,0.029331624507904053,thin,BRT,4,0.10748487770604057,0.7419449247039109,0.8426109855229094,0.6899916666666667,0.011020920566768622
0.0,0.029331624507904053,thin,BRT,5,0.24371626867248436,0.8166305462255371,0.8912904794325658,0.7652083333333334,0.07689198454924151
0.0,0.029331624507904053,thin,BRT,6,0.17681507208363118,0.8323591805558447,0.8813265680584774,0.795875,0.06030570785019296
0.0,0.029331624507904053,thin,BRT,7,0.11350242278225316,0.7489910793784149,0.7623885437062226,0.7461208333333333,0.0643100881654517
0.0,0.029331624507904053,thin,BRT,8,0.12874841382503044,0.8533973153301085,0.9050448786419545,0.8327916666666666,0.028182709452558852
0.0,0.029331624507904053,thin,BRT,9,0.2930823056318897,0.6932796188997641,0.7222656624670183,0.625825,0.016338949423935212
0.0,0.029331624507904053,thin,BRT,10,0.08860196369515083,0.9299358040685671,0.86753101417397,0.8875083333333333,0.056314143928777205
0.0,0.029331624507904053,thin,BRT,11,0.160309870907002,0.6875635729047073,0.781623938440646,0.6697291666666666,0.041923245604294834
0.0,0.029331624507904053,thin,BRT,12,0.22909631915712692,0.6495631992705007,0.691897867473504,0.56865,0.029590943841041106
0.0,0.029331624507904053,thin,BRT,13,0.13850193284165585,0.8708861787183118,0.899724683505727,0.7946333333333333,0.11057455912315406
0.0,0.029331624507904053,thin,BRT,14,0.16774753280377475,0.755247465073782,0.7950846746151543,0.7179833333333333,0.007458529372148304
0.0,0.029331624507904053,thin,BRT,15,0.3322802562985705,0.7895535612781353,0.8029857508944187,0.68895,0.03321479112481196
0.0,0.029331624507904053,thin,BRT,16,0.3414795240340664,0.8525240246455417,0.8863669403129144,0.7263916666666667,0.10253507185095645
0.0,0.029331624507904053,thin,BRT,17,0.3047133565577816,0.8428719438864869,0.8685582432943498,0.7118791666666666,0.19910650142479014
0.0,0.029331624507904053,thin,BRT,18,0.11675205978388173,0.7783803656769868,0.8841028243068386,0.7525333333333333,0.06526214358618809
0.0,0.029331624507904053,thin,BRT,19,0.12538027345132455,0.7813556610881216,0.8977559319310632,0.7781,0.08811850911467622
0.0,0.029331624507904053,thin,BRT,20,0.09756651019601381,0.8135001434203286,0.8885773917321037,0.7788333333333333,0.11380071055668539
0.0,0.029331624507904053,thin,BRT,21,0.10753961501706992,0.7880129212556426,0.8898669832565046,0.7806833333333333,0.11295914853503153
0.0,0.029331624507904053,thin,BRT,22,0.15807916540509293,0.7758380511382953,0.8838175251723752,0.7704458333333333,0.04512691218817044
0.0,0.029331624507904053,thin,BRT,23,0.060213674683332635,0.853874944,0.8703070738653503,0.793375,0.018071174196562456
0.0,0.029331624507904053,thin,BRT,24,0.144997532652204,0.7644125186042995,0.8774065611407406,0.726075,0.031663124969897316
0.0,0.029331624507904053,thin,BRT,25,0.15175846783405206,0.9130411191614327,0.9217261902767567,0.8327666666666667,0.0262795743799773
0.0,0.029331624507904053,thin,BRT,26,0.23491513732847308,0.9529403020041247,0.8949075703734086,0.8514833333333334,0.01643805054742742
0.0,0.029331624507904053,thin,BRT,27,0.33933840204810717,0.8645078570117843,0.8581796852368081,0.7317166666666666,0.04785252925558903
0.0,0.029331624507904053,thin,BRT,28,0.1773390753896233,0.8232653372965857,0.8593244784643891,0.7409916666666667,0.03105215555809715
0.0,0.029331624507904053,thin,BRT,29,0.16978730404597858,0.8251826372950516,0.8898262006994829,0.7629291666666667,0.06577553833092342
0.0,0.029331624507904053,thin,RF,0,0.276053932602442,0.6769330695990375,0.7434077962953143,0.6239583333333334,0.02235424624414295
0.0,0.029331624507904053,thin,RF,1,0.2751094017890158,0.8876224606130942,0.9153717578689103,0.8141916666666666,0.02011407262804621
0.0,0.029331624507904053,thin,RF,2,0.0847596837412311,0.8930796874220399,0.8675096461557459,0.8362333333333333,0.08808216028502014
0.0,0.029331624507904053,thin,RF,3,0.305789851544197,0.9175979921523671,0.9191861388869992,0.7867,0.017857191101164904
0.0,0.029331624507904053,thin,RF,4,0.10748487770604057,0.74791544367832,0.8559615371160058,0.6912291666666666,0.011537625309232191
0.0,0.029331624507904053,thin,RF,5,0.24371626867248436,0.826670894960344,0.9099846560010213,0.7655541666666666,0.020746104360484074
0.0,0.029331624507904053,thin,RF,6,0.17681507208363118,0.8408352808629971,0.8690361277162687,0.7939416666666667,0.05926663701799517
0.0,0.029331624507904053,thin,RF,7,0.11350242278225316,0.767390132870936,0.8124617052487675,0.7751125,0.1865733214933537
0.0,0.029331624507904053,thin,RF,8,0.12874841382503044,0.8583067864569173,0.9228857354617932,0.8234708333333333,0.03344377315679503
0.0,0.029331624507904053,thin,RF,9,0.2930823056318897,0.6971918707457789,0.7374489228157638,0.6341375,0.027657337762869272
0.0,0.029331624507904053,thin,RF,10,0.08860196369515083,0.9346796030716145,0.7917604435921377,0.8911375000000001,0.04033706297553019
0.0,0.029331624507904053,thin,RF,11,0.160309870907002,0.6717196417910447,0.745115953302979,0.6681083333333333,0.05452022200109885
0.0,0.029331624507904053,thin,RF,12,0.22909631915712692,0.6474730580166411,0.6856319649741119,0.5772541666666666,0.035202968347464614
0.0,0.029331624507904053,thin,RF,13,0.13850193284165585,0.8784471377645334,0.8976433744144305,0.8050125,0.13687704458406647
0.0,0.029331624507904053,thin,RF,14,0.16774753280377475,0.7515840671813789,0.7531117002234464,0.7254083333333333,0.013899200173271287
0.0,0.029331624507904053,thin,RF,15,0.3322802562985705,0.8007590841950634,0.8210941223361973,0.7039208333333333,0.008597559260326904
0.0,0.029331624507904053,thin,RF,16,0.3414795240340664,0.8597330252254964,0.8917381837080378,0.7306208333333334,0.1048991436274157
0.0,0.029331624507904053,thin,RF,17,0.3047133565577816,0.8524902785061537,0.882475487985707,0.7112291666666667,0.1610794781217746
0.0,0.029331624507904053,thin,RF,18,0.11675205978388173,0.78471569159647,0.8770552263568412,0.74135,0.05406847494985667
0.0,0.029331624507904053,thin,RF,19,0.12538027345132455,0.7869374263276855,0.9073625515533192,0.7944583333333334,0.08474247323386053
0.0,0.029331624507904053,thin,RF,20,0.09756651019601381,0.8156073323253735,0.8907052958612646,0.78845,0.08076944830302235
0.0,0.029331624507904053,thin,RF,21,0.10753961501706992,0.7922813044190959,0.8859644652685901,0.77925,0.08993200397551893
0.0,0.029331624507904053,thin,RF,22,0.15807916540509293,0.7780244671006608,0.868270231408408,0.7776041666666667,0.07766000444313659
0.0,0.029331624507904053,thin,RF,23,0.060213674683332635,0.859059328,0.87068472339302,0.8007041666666667,0.01909567442754434
0.0,0.029331624507904053,thin,RF,24,0.144997532652204,0.769733131072227,0.8856637331969015,0.7221458333333334,0.040249283473382524
0.0,0.029331624507904053,thin,RF,25,0.15175846783405206,0.9193884363819032,0.9272046794751331,0.8526666666666666,0.003822006206711026
0.0,0.029331624507904053,thin,RF,26,0.23491513732847308,0.960791318965833,0.8606467055615433,0.8612541666666665,0.022322835617535786
0.0,0.029331624507904053,thin,RF,27,0.33933840204810717,0.8721805277691995,0.8464397985154153,0.7483249999999999,0.06860022046067904
0.0,0.029331624507904053,thin,RF,28,0.1773390753896233,0.8320242159523488,0.8585982570822097,0.7676833333333333,0.040698334711315454
0.0,0.029331624507904053,thin,RF,29,0.16978730404597858,0.8330702988048363,0.8972642577364968,0.7659374999999999,0.050295716606771124
0.0,0.029331624507904053,thin,MLP,0,0.276053932602442,0.5945505611873687,0.4155309546640035,0.5347416666666667,0.019889314379983758
0.0,0.029331624507904053,thin,MLP,1,0.2751094017890158,0.8633847810342702,0.9003754318942916,0.787925,0.024702943054271453
0.0,0.029331624507904053,thin,MLP,2,0.0847596837412311,0.8581745505009029,0.8455913313262899,0.8067083333333334,0.12090609900890026
0.0,0.029331624507904053,thin,MLP,3,0.305789851544197,0.8817790682882767,0.8922566201422691,0.7507125,0.027774246935448166
0.0,0.029331624507904053,thin,MLP,4,0.10748487770604057,0.70534494447169,0.7375289381578838,0.658925,0.007567894018275179
0.0,0.029331624507904053,thin,MLP,5,0.24371626867248436,0.7675137509927782,0.7998162852239944,0.7356749999999999,0.09416556957551903
0.0,0.029331624507904053,thin,MLP,6,0.17681507208363118,0.7984531849133524,0.8064994840328104,0.7732916666666667,0.027891466471294923
0.0,0.029331624507904053,thin,MLP,7,0.11350242278225316,0.7007730758462607,0.6041092000877687,0.6769958333333332,0.008578313144825045
0.0,0.029331624507904053,thin,MLP,8,0.12874841382503044,0.7933547135859083,0.7618990043447862,0.7666333333333333,0.02133239448422286
0.0,0.029331624507904053,thin,MLP,9,0.2930823056318897,0.6677376732365549,0.6640999716924341,0.595875,0.01877548400054807
0.0,0.029331624507904053,thin,MLP,10,0.08860196369515083,0.9183946741444208,0.9296063875938181,0.8800833333333333,0.0329658122258597
0.0,0.029331624507904053,thin,MLP,11,0.160309870907002,0.6179277887485649,0.5125571561792482,0.6318875,0.037908274032953604
0.0,0.029331624507904053,thin,MLP,12,0.22909631915712692,0.603213840271844,0.4850700530717294,0.5461083333333333,0.03127724671113086
0.0,0.029331624507904053,thin,MLP,13,0.13850193284165585,0.8325280902860702,0.882911104722759,0.7719666666666666,0.06319671327416043
0.0,0.029331624507904053,thin,MLP,14,0.16774753280377475,0.669723697376194,0.5975108926751455,0.6827166666666666,0.030093111632642056
0.0,0.029331624507904053,thin,MLP,15,0.3322802562985705,0.6547100529582192,0.47878406799953427,0.63325,0.04166344987824122
0.0,0.029331624507904053,thin,MLP,16,0.3414795240340664,0.7645731343680005,0.6852831535551476,0.6852666666666667,0.12359681245608112
0.0,0.029331624507904053,thin,MLP,17,0.3047133565577816,0.8214328207258474,0.8408773148321987,0.7010875,0.08275214798133079
0.0,0.029331624507904053,thin,MLP,18,0.11675205978388173,0.7587601415178559,0.8501014504677663,0.7016916666666667,0.10113849315475221
0.0,0.029331624507904053,thin,MLP,19,0.12538027345132455,0.7487841268261118,0.8323318309594722,0.7588333333333334,0.06988545040093852
0.0,0.029331624507904053,thin,MLP,20,0.09756651019601381,0.7781461962356865,0.8392133684036748,0.7503583333333333,0.06155167619036295
0.0,0.029331624507904053,thin,MLP,21,0.10753961501706992,0.7396839877888947,0.8056140930528232,0.7175333333333334,0.08376845191256432
0.0,0.029331624507904053,thin,MLP,22,0.15807916540509293,0.7403980824576655,0.7542993967815042,0.7352958333333334,0.027393126884766583
0.0,0.029331624507904053,thin,MLP,23,0.060213674683332635,0.8135913813333333,0.8275250493160539,0.7511249999999999,0.018166890640171074
0.0,0.029331624507904053,thin,MLP,24,0.144997532652204,0.7004791167559729,0.6513618967690374,0.6522916666666667,0.036770733854392
0.0,0.029331624507904053,thin,MLP,25,0.15175846783405206,0.8795801672859741,0.8689427934319879,0.8201833333333334,0.022565701860067455
0.0,0.029331624507904053,thin,MLP,26,0.23491513732847308,0.9124808580946939,0.87049394297105,0.8231499999999999,0.018205814057743575
0.0,0.029331624507904053,thin,MLP,27,0.33933840204810717,0.7843053783942245,0.7295205215644889,0.6704749999999999,0.02979453434573065
0.0,0.029331624507904053,thin,MLP,28,0.1773390753896233,0.7759883794819471,0.7977091344123246,0.7036333333333333,0.009750562675535868
0.0,0.029331624507904053,thin,MLP,29,0.16978730404597858,0.7817234860529056,0.7943027222673814,0.7223541666666666,0.04901544370656463
0.0,0.029331624507904053,thin,CNN,0,0.276053932602442,0.5800766730370286,0.3610796492838761,0.5009416666666666,0.02799571860204908
0.0,0.029331624507904053,thin,CNN,1,0.2751094017890158,0.845285389315212,0.8348416565219847,0.7746000000000001,0.015703964940392723
0.0,0.029331624507904053,thin,CNN,2,0.0847596837412311,0.8305110742889934,0.6434443257793085,0.7647333333333334,0.04270651698529604
0.0,0.029331624507904053,thin,CNN,3,0.305789851544197,0.842584395270473,0.7307542387541258,0.7562708333333333,0.039585890435374305
0.0,0.029331624507904053,thin,CNN,4,0.10748487770604057,0.6719783950171784,0.6160625321248304,0.6071333333333333,0.023007773760758576
0.0,0.029331624507904053,thin,CNN,5,0.24371626867248436,0.7513242997720533,0.7223775034332356,0.7083166666666667,0.08204655177450038
0.0,0.029331624507904053,thin,CNN,6,0.17681507208363118,0.7825404739406351,0.7126635575544951,0.7445833333333334,0.025618963604830625
0.0,0.029331624507904053,thin,CNN,7,0.11350242278225316,0.6941369357179404,0.5813026768011545,0.6759708333333333,0.015612119400167712
0.0,0.029331624507904053,thin,CNN,8,0.12874841382503044,0.7533263531880577,0.614102679150349,0.7244583333333333,0.03663756151036213
0.0,0.029331624507904053,thin,CNN,9,0.2930823056318897,0.6486532383807516,0.5630089055002112,0.5672083333333333,0.022817522500893195
0.0,0.029331624507904053,thin,CNN,10,0.08860196369515083,0.8881768643384383,0.6195713304898908,0.8553999999999999,0.02570428660292534
0.0,0.029331624507904053,thin,CNN,11,0.160309870907002,0.614219214695752,0.47895554233910725,0.6150791666666666,0.051116475321673516
0.0,0.029331624507904053,thin,CNN,12,0.22909631915712692,0.5926370744361524,0.43723245257404864,0.5308916666666668,0.029578039951268953
0.0,0.029331624507904053,thin,CNN,13,0.13850193284165585,0.8161800930146946,0.8057597652928469,0.7683333333333333,0.08763332819152114
0.0,0.029331624507904053,thin,CNN,14,0.16774753280377475,0.6489832424385611,0.4884482832138831,0.6557333333333334,0.03480106343294831
0.0,0.029331624507904053,thin,CNN,15,0.3322802562985705,0.6702095050215896,0.49512844496037084,0.6083833333333333,0.03779902775288435
0.0,0.029331624507904053,thin,CNN,16,0.3414795240340664,0.7063851108070469,0.5277371256371239,0.6238166666666666,0.10169932250440428
0.0,0.029331624507904053,thin,CNN,17,0.3047133565577816,0.7859920620999279,0.7341744702696892,0.6891458333333333,0.09699832859207758
0.0,0.029331624507904053,thin,CNN,18,0.11675205978388173,0.744845781499287,0.8059743024699059,0.7110500000000001,0.0639265184245934
0.0,0.029331624507904053,thin,CNN,19,0.12538027345132455,0.7336324382170679,0.7629220362319494,0.6802416666666666,0.07757909185763179
0.0,0.029331624507904053,thin,CNN,20,0.09756651019601381,0.7618556335701143,0.7471760826796515,0.7469666666666667,0.051308434430454186
0.0,0.029331624507904053,thin,CNN,21,0.10753961501706992,0.709292613494864,0.6440074936251328,0.7092333333333333,0.09065765187221364
0.0,0.029331624507904053,thin,CNN,22,0.15807916540509293,0.7202363405051136,0.6682930043062348,0.7429291666666666,0.03821858464712846
0.0,0.029331624507904053,thin,CNN,23,0.060213674683332635,0.8048826879999998,0.7761233259646366,0.7340333333333333,0.01720310728835117
0.0,0.029331624507904053,thin,CNN,24,0.144997532652204,0.6966925295622349,0.6351246169564668,0.6663833333333333,0.040379793505782025
0.0,0.029331624507904053,thin,CNN,25,0.15175846783405206,0.876713376058857,0.7002660240452406,0.8178083333333334,0.024563394507943648
0.0,0.029331624507904053,thin,CNN,26,0.23491513732847308,0.8955557781450317,0.7858086503147182,0.8106416666666667,0.021702563621884496
0.0,0.029331624507904053,thin,CNN,27,0.33933840204810717,0.7892177898322077,0.6898638139427029,0.69445,0.03180096156678058
0.0,0.029331624507904053,thin,CNN,28,0.1773390753896233,0.7687985685519401,0.7251371904582464,0.7295166666666667,0.006646844097797144
0.0,0.029331624507904053,thin,CNN,29,0.16978730404597858,0.7544517518916363,0.7038029136935768,0.7153708333333333,0.08436879163124911
1.0,1.4434256553649902,none,GLM,0,0.276053932602442,0.6509926477269902,0.6285511494173778,0.8031874999999999,0.0781925076535307
1.0,1.4434256553649902,none,GLM,1,0.2751094017890158,0.8653360052196876,0.8973442268903603,0.8287708333333333,0.08323282923286845
1.0,1.4434256553649902,none,GLM,2,0.0847596837412311,0.8725673971999621,0.7673601804479003,0.94615,0.2608749327563875
1.0,1.4434256553649902,none,GLM,3,0.305789851544197,0.8766869688691143,0.8826431987821078,0.8264416666666666,0.0553026372098373
1.0,1.4434256553649902,none,GLM,4,0.10748487770604057,0.730472749346263,0.7855195014032987,0.8294791666666667,0.11067354670680118
1.0,1.4434256553649902,none,GLM,5,0.24371626867248436,0.7481122221679923,0.7410021075150051,0.7525999999999999,0.08437136229949682
1.0,1.4434256553649902,none,GLM,6,0.17681507208363118,0.799197878512108,0.7890387408435967,0.8338708333333333,0.07089673688773812
1.0,1.4434256553649902,none,GLM,7,0.11350242278225316,0.7596914114057385,0.7275873028999911,0.8122833333333334,0.050734798010530824
1.0,1.4434256553649902,none,GLM,8,0.12874841382503044,0.8179077281361491,0.8333748587099371,0.8684833333333334,0.10229442705996028
1.0,1.4434256553649902,none,GLM,9,0.2930823056318897,0.657520711039819,0.5953519955343799,0.7718541666666667,0.17008779440020816
1.0,1.4434256553649902,none,GLM,10,0.08860196369515083,0.9152686266100203,0.9153251786539401,0.9430583333333332,0.10785881684957588
1.0,1.4434256553649902,none,GLM,11,0.160309870907002,0.6533344293915041,0.663894862904237,0.7283999999999999,0.11093581890027582
1.0,1.4434256553649902,none,GLM,12,0.22909631915712692,0.6078218300369045,0.504176453797941,0.6916583333333333,0.13934999908582624
1.0,1.4434256553649902,none,GLM,13,0.13850193284165585,0.8619026144590713,0.8860366721258994,0.8337958333333333,0.06250278423986066
1.0,1.4434256553649902,none,GLM,14,0.16774753280377475,0.7130180190792342,0.6822622430449113,0.7763291666666666,0.15605849710337738
1.0,1.4434256553649902,none,GLM,15,0.3322802562985705,0.7289933281061522,0.6672487813021218,0.7036583333333334,0.14182874161406145
1.0,1.4434256553649902,none,GLM,16,0.3414795240340664,0.7991115417687145,0.753394460415986,0.6997666666666666,0.05080597474182513
1.0,1.4434256553649902,none,GLM,17,0.3047133565577816,0.8051813035080497,0.8369358441748395,0.7656416666666667,0.04304803932990986
1.0,1.4434256553649902,none,GLM,18,0.11675205978388173,0.7395024836459617,0.7886474615226186,0.83245,0.04681145340490478
1.0,1.4434256553649902,none,GLM,19,0.12538027345132455,0.7537254830980721,0.8129427794953568,0.8363499999999999,0.040289035751847724
1.0,1.4434256553649902,none,GLM,20,0.09756651019601381,0.8007030652505405,0.891482795204707,0.8898041666666666,0.1638021101147763
1.0,1.4434256553649902,none,GLM,21,0.10753961501706992,0.7292512740093803,0.6737396216391149,0.7604124999999999,0.07821823435970132
1.0,1.4434256553649902,none,GLM,22,0.15807916540509293,0.7583256293088494,0.7697935240784837,0.8518041666666666,0.13676526844772507
1.0,1.4434256553649902,none,GLM,23,0.060213674683332635,0.8229031680000001,0.8776919331912298,0.8850458333333333,0.11013957631975502
1.0,1.4434256553649902,none,GLM,24,0.144997532652204,0.6906004658477547,0.6894362838180906,0.80255,0.14954532244439167
1.0,1.4434256553649902,none,GLM,25,0.15175846783405206,0.882064755279645,0.8938119985345299,0.8769875,0.06225067293400888
1.0,1.4434256553649902,none,GLM,26,0.23491513732847308,0.902563472699057,0.866277228676193,0.9373,0.06915822491570944
1.0,1.4434256553649902,none,GLM,27,0.33933840204810717,0.8318229677171027,0.8081197371237991,0.8348833333333333,0.13698670874550878
1.0,1.4434256553649902,none,GLM,28,0.1773390753896233,0.7989640780690443,0.8297160507507899,0.8072625,0.14549826152210021
1.0,1.4434256553649902,none,GLM,29,0.16978730404597858,0.7745603829629073,0.8036550550176376,0.8801541666666667,0.02139396808343741
1.0,1.4434256553649902,none,BRT,0,0.276053932602442,0.6560958624932466,0.6446115977576797,0.8373875,0.3195927072117819
1.0,1.4434256553649902,none,BRT,1,0.2751094017890158,0.8666037091532687,0.8797374585918436,0.8525791666666667,0.11448347454522734
1.0,1.4434256553649902,none,BRT,2,0.0847596837412311,0.8723054182947315,0.7831939431174826,0.9472166666666666,0.41397821915937627
1.0,1.4434256553649902,none,BRT,3,0.305789851544197,0.8808560349942465,0.8636836346670956,0.8426583333333333,0.10047248106402973
1.0,1.4434256553649902,none,BRT,4,0.10748487770604057,0.7257811370486298,0.7717440870230965,0.8483125,0.2439963367196616
1.0,1.4434256553649902,none,BRT,5,0.24371626867248436,0.7441888350807159,0.7468293992042236,0.756475,0.13078154795415475
1.0,1.4434256553649902,none,BRT,6,0.17681507208363118,0.7806585369293285,0.7444888451504847,0.8281458333333332,0.17576367878812282
1.0,1.4434256553649902,none,BRT,7,0.11350242278225316,0.7653304250970606,0.7085875466958289,0.8533333333333334,0.3377760854417159
1.0,1.4434256553649902,none,BRT,8,0.12874841382503044,0.808426564255626,0.7907848677765155,0.9016499999999998,0.250641168867214
1.0,1.4434256553649902,none,BRT,9,0.2930823056318897,0.6665831271509528,0.6103821085331564,0.7776041666666667,0.32668933701177116
1.0,1.4434256553649902,none,BRT,10,0.08860196369515083,0.9230168475069843,0.870497420085737,0.943525,0.13246233128579843
1.0,1.4434256553649902,none,BRT,11,0.160309870907002,0.6544628427095293,0.6746268986238321,0.783625,0.17636250840229428
1.0,1.4434256553649902,none,BRT,12,0.22909631915712692,0.6096009666010739,0.48999360194403524,0.7383583333333333,0.24899400101114455
1.0,1.4434256553649902,none,BRT,13,0.13850193284165585,0.8613361576730691,0.8823734067803075,0.8490791666666667,0.08701155117128145
1.0,1.4434256553649902,none,BRT,14,0.16774753280377475,0.7094404381796272,0.6687854153525956,0.7665375,0.2898712579044196
1.0,1.4434256553649902,none,BRT,15,0.3322802562985705,0.7224261951142157,0.6474927475856168,0.7723916666666666,0.31625366137004607
1.0,1.4434256553649902,none,BRT,16,0.3414795240340664,0.7969148828178225,0.7405390144934584,0.7064583333333333,0.05992975725222793
1.0,1.4434256553649902,none,BRT,17,0.3047133565577816,0.8021931078313025,0.819998016037205,0.8129583333333333,0.0301358179657788
1.0,1.4434256553649902,none,BRT,18,0.11675205978388173,0.7381051743378283,0.7775365187891745,0.83275,0.10405266682781722
1.0,1.4434256553649902,none,BRT,19,0.12538027345132455,0.7611669920880743,0.8235856994131703,0.8536916666666667,0.038532824372966346
1.0,1.4434256553649902,none,BRT,20,0.09756651019601381,0.8049462049781559,0.8658241407514761,0.8944708333333333,0.26973254120952617
1.0,1.4434256553649902,none,BRT,21,0.10753961501706992,0.7498212457120975,0.7142278085725514,0.7986208333333333,0.08108494053051452
1.0,1.4434256553649902,none,BRT,22,0.15807916540509293,0.7570610455176988,0.7973845990541575,0.8584208333333333,0.2710260266611997
1.0,1.4434256553649902,none,BRT,23,0.060213674683332635,0.839787392,0.8576848462572514,0.9100458333333334,0.20066254612329493
1.0,1.4434256553649902,none,BRT,24,0.144997532652204,0.6925634271811795,0.7048077158022835,0.8069500000000001,0.1882180975684623
1.0,1.4434256553649902,none,BRT,25,0.15175846783405206,0.8770004386565802,0.857990319209978,0.8764375,0.17830246271881278
1.0,1.4434256553649902,none,BRT,26,0.23491513732847308,0.9137209745784796,0.8374089935295468,0.9420999999999999,0.17507585572858086
1.0,1.4434256553649902,none,BRT,27,0.33933840204810717,0.841568364506268,0.8141309053782143,0.81555,0.2171970037479718
1.0,1.4434256553649902,none,BRT,28,0.1773390753896233,0.8109821883300976,0.8362301397817069,0.8216458333333333,0.23756721094702682
1.0,1.4434256553649902,none,BRT,29,0.16978730404597858,0.7836097276728711,0.8193792098635206,0.8791958333333334,0.1049845694380156
1.0,1.4434256553649902,none,RF,0,0.276053932602442,0.6451799542063882,0.590342889655568,0.8369083333333334,0.41156082500096336
1.0,1.4434256553649902,none,RF,1,0.2751094017890158,0.851789837424089,0.8325712394987116,0.8433791666666666,0.10190754890411702
1.0,1.4434256553649902,none,RF,2,0.0847596837412311,0.881169239813303,0.7521206726743703,0.9423333333333334,0.27113065791254
1.0,1.4434256553649902,none,RF,3,0.305789851544197,0.8869252314926732,0.8827615661465849,0.8478208333333332,0.07535548976045792
1.0,1.4434256553649902,none,RF,4,0.10748487770604057,0.7145753263589346,0.7249020727257769,0.8470416666666667,0.22658281470970454
1.0,1.4434256553649902,none,RF,5,0.24371626867248436,0.750321545328223,0.7527676657992003,0.757875,0.09080374558206217
1.0,1.4434256553649902,none,RF,6,0.17681507208363118,0.7856767542589906,0.7454765624135778,0.83995,0.19659732174094968
1.0,1.4434256553649902,none,RF,7,0.11350242278225316,0.766087500019772,0.69608489123879,0.8533916666666667,0.3571574712902357
1.0,1.4434256553649902,none,RF,8,0.12874841382503044,0.8081350578063292,0.8131068660119873,0.8928041666666667,0.13905811102390964
1.0,1.4434256553649902,none,RF,9,0.2930823056318897,0.6646549343242891,0.5951419990277387,0.7801125,0.2943218026487423
1.0,1.4434256553649902,none,RF,10,0.08860196369515083,0.926486316739442,0.7776136919194881,0.9437,0.14630325685254986
1.0,1.4434256553649902,none,RF,11,0.160309870907002,0.6383658691159586,0.6106691706714747,0.814775,0.22814588630645027
1.0,1.4434256553649902,none,RF,12,0.22909631915712692,0.5899739469676213,0.38703674973679314,0.7560791666666666,0.3298389051459525
1.0,1.4434256553649902,none,RF,13,0.13850193284165585,0.8629247044594802,0.8570732790403696,0.8567958333333334,0.06195582640181241
1.0,1.4434256553649902,none,RF,14,0.16774753280377475,0.692598997809013,0.5608725150166646,0.7651166666666667,0.3781361632085538
1.0,1.4434256553649902,none,RF,15,0.3322802562985705,0.7122353606184403,0.6179382526939339,0.7668625,0.3525510842284322
1.0,1.4434256553649902,none,RF,16,0.3414795240340664,0.8104343180959441,0.7522004136543284,0.7281708333333334,0.06561005404368181
1.0,1.4434256553649902,none,RF,17,0.3047133565577816,0.8125762568605761,0.8360688629908193,0.842875,0.06586994770745747
1.0,1.4434256553649902,none,RF,18,0.11675205978388173,0.7266460728366846,0.7166912095660779,0.8337291666666666,0.08858314638989251
1.0,1.4434256553649902,none,RF,19,0.12538027345132455,0.7676308114871117,0.8397816548167469,0.8515125,0.03231165926309876
1.0,1.4434256553649902,none,RF,20,0.09756651019601381,0.8060389848401195,0.8412926927140157,0.9005041666666667,0.12779571488460628
1.0,1.4434256553649902,none,RF,21,0.10753961501706992,0.7475628969160654,0.6703073694226294,0.7983333333333333,0.06680886732931701
1.0,1.4434256553649902,none,RF,22,0.15807916540509293,0.7579507138067096,0.7614407167462357,0.8389624999999999,0.2297633757938563
1.0,1.4434256553649902,none,RF,23,0.060213674683332635,0.8161611093333334,0.7790911298916483,0.8986291666666667,0.20202365838669623
1.0,1.4434256553649902,none,RF,24,0.144997532652204,0.6888577412417618,0.6838708701404483,0.7877958333333334,0.22135785009287612
1.0,1.4434256553649902,none,RF,25,0.15175846783405206,0.8831091276294929,0.8634539383209037,0.8816833333333334,0.0685137930502625
1.0,1.4434256553649902,none,RF,26,0.23491513732847308,0.9079193810087661,0.7823750530361548,0.9390083333333334,0.08358720910171691
1.0,1.4434256553649902,none,RF,27,0.33933840204810717,0.8373737417815791,0.7716439322988247,0.8269666666666665,0.162957950714248
1.0,1.4434256553649902,none,RF,28,0.1773390753896233,0.8039015039537841,0.8047955034755763,0.8190875,0.17576066454176875
1.0,1.4434256553649902,none,RF,29,0.16978730404597858,0.7861529369841393,0.8226839045301751,0.8737916666666666,0.08099926541073843
1.0,1.4434256553649902,none,MLP,0,0.276053932602442,0.6266834874647232,0.5226751970596102,0.7922875,0.18822079065963682
1.0,1.4434256553649902,none,MLP,1,0.2751094017890158,0.865390292484169,0.9025333158120641,0.8418875,0.08082381771847202
1.0,1.4434256553649902,none,MLP,2,0.0847596837412311,0.8615517440749618,0.7920310645299198,0.9294749999999998,0.29423302520995576
1.0,1.4434256553649902,none,MLP,3,0.305789851544197,0.865171797668531,0.8722906486585096,0.8247666666666666,0.028164630742158914
1.0,1.4434256553649902,none,MLP,4,0.10748487770604057,0.695657435966057,0.6748184907567808,0.8238125000000001,0.11256279526744106
1.0,1.4434256553649902,none,MLP,5,0.24371626867248436,0.713552926059748,0.657707214089947,0.7064583333333333,0.025266609133034468
1.0,1.4434256553649902,none,MLP,6,0.17681507208363118,0.7848606104552045,0.75361275451447,0.8236625,0.13940033250335793
1.0,1.4434256553649902,none,MLP,7,0.11350242278225316,0.7338684616624725,0.6289144246742038,0.7948416666666667,0.1585284582268638
1.0,1.4434256553649902,none,MLP,8,0.12874841382503044,0.7960775194584446,0.7984575577895949,0.8395083333333333,0.09885743993988816
1.0,1.4434256553649902,none,MLP,9,0.2930823056318897,0.6610461215999017,0.6037246423430286,0.7274708333333334,0.12868301139791305
1.0,1.4434256553649902,none,MLP,10,0.08860196369515083,0.903136511176253,0.8901203473600565,0.9330666666666666,0.09149630277842813
1.0,1.4434256553649902,none,MLP,11,0.160309870907002,0.6291498874856487,0.5716210831735572,0.6927833333333334,0.05203320688813029
1.0,1.4434256553649902,none,MLP,12,0.22909631915712692,0.5813104202382642,0.37226700275883756,0.6371500000000001,0.13834706118933493
1.0,1.4434256553649902,none,MLP,13,0.13850193284165585,0.84251868425011,0.8749239256129686,0.8167875,0.09288716832911892
1.0,1.4434256553649902,none,MLP,14,0.16774753280377475,0.653193724771311,0.5315749225554156,0.7136291666666666,0.1304353038666224
1.0,1.4434256553649902,none,MLP,15,0.3322802562985705,0.6327578396901404,0.43148498995535,0.6781166666666667,0.13480261895413226
1.0,1.4434256553649902,none,MLP,16,0.3414795240340664,0.7296583785162191,0.5880106757145702,0.6722916666666666,0.04152276905805885
1.0,1.4434256553649902,none,MLP,17,0.3047133565577816,0.7736174878806968,0.761138502831324,0.7607916666666666,0.019857346313063573
1.0,1.4434256553649902,none,MLP,18,0.11675205978388173,0.7361441784430369,0.7827005102079025,0.8132916666666666,0.06441984911288845
1.0,1.4434256553649902,none,MLP,19,0.12538027345132455,0.7463293483351471,0.8211314258875558,0.816625,0.009058784220680738
1.0,1.4434256553649902,none,MLP,20,0.09756651019601381,0.7923542374853797,0.8723441751300015,0.8907541666666667,0.14681617889729426
1.0,1.4434256553649902,none,MLP,21,0.10753961501706992,0.7067887073059427,0.6362249410584052,0.7103541666666666,0.05357273851984945
1.0,1.4434256553649902,none,MLP,22,0.15807916540509293,0.7463594797507921,0.7141099071265781,0.8314291666666667,0.23729724951800046
1.0,1.4434256553649902,none,MLP,23,0.060213674683332635,0.81090208,0.856948351727224,0.8593291666666667,0.11311990299480912
1.0,1.4434256553649902,none,MLP,24,0.144997532652204,0.6609985075910485,0.6110680339246276,0.7439583333333334,0.10893031935048303
1.0,1.4434256553649902,none,MLP,25,0.15175846783405206,0.8731524756447739,0.857894743425032,0.8831875,0.12332180597046483
1.0,1.4434256553649902,none,MLP,26,0.23491513732847308,0.8582733972150265,0.7769568143994932,0.933875,0.11260832983785496
1.0,1.4434256553649902,none,MLP,27,0.33933840204810717,0.7689560591413009,0.7010757290093903,0.7824,0.10674677057029425
1.0,1.4434256553649902,none,MLP,28,0.1773390753896233,0.7810762705820133,0.8036632123355157,0.7875791666666666,0.129055125547764
1.0,1.4434256553649902,none,MLP,29,0.16978730404597858,0.7655034935633328,0.7957160746442434,0.8620208333333333,0.05673909561687296
1.0,1.4434256553649902,none,CNN,0,0.276053932602442,0.613062042959116,0.4822587379921628,0.7985041666666667,0.17693381827212928
1.0,1.4434256553649902,none,CNN,1,0.2751094017890158,0.8356782352269705,0.777776548427358,0.8005208333333332,0.061769591783760625
1.0,1.4434256553649902,none,CNN,2,0.0847596837412311,0.8307660470100552,0.575097380562547,0.9287666666666667,0.2588588948858761
1.0,1.4434256553649902,none,CNN,3,0.305789851544197,0.8330833224203704,0.7646037530346632,0.7968166666666666,0.03666490509764975
1.0,1.4434256553649902,none,CNN,4,0.10748487770604057,0.678075521037242,0.5783418351515233,0.7839208333333333,0.09292099384165353
1.0,1.4434256553649902,none,CNN,5,0.24371626867248436,0.6762773114274964,0.5510339150871613,0.70905,0.05423134658564854
1.0,1.4434256553649902,none,CNN,6,0.17681507208363118,0.7730119411027263,0.6910798833355228,0.8033541666666667,0.09661192323778922
1.0,1.4434256553649902,none,CNN,7,0.11350242278225316,0.7220624138456471,0.5500835867439466,0.8094416666666667,0.12065991278504096
1.0,1.4434256553649902,none,CNN,8,0.12874841382503044,0.7549380547683473,0.6605120630157661,0.873,0.13355784496565815
1.0,1.4434256553649902,none,CNN,9,0.2930823056318897,0.633932344326749,0.4941726426423581,0.7631041666666666,0.17908003936787242
1.0,1.4434256553649902,none,CNN,10,0.08860196369515083,0.8782857761476173,0.6537165069075737,0.9187916666666667,0.06823939429173465
1.0,1.4434256553649902,none,CNN,11,0.160309870907002,0.6052750769230769,0.485383537274733,0.7118,0.07042847896256876
1.0,1.4434256553649902,none,CNN,12,0.22909631915712692,0.5796834215425403,0.3459272182709666,0.6315166666666666,0.14841032156252965
1.0,1.4434256553649902,none,CNN,13,0.13850193284165585,0.8066168362271092,0.6882070545420444,0.7993125000000001,0.08961792014962389
1.0,1.4434256553649902,none,CNN,14,0.16774753280377475,0.6260711988552993,0.40551336220075,0.6821208333333333,0.14684980356487254
1.0,1.4434256553649902,none,CNN,15,0.3322802562985705,0.6243648340911966,0.4031800125503571,0.654625,0.13267395766174206
1.0,1.4434256553649902,none,CNN,16,0.3414795240340664,0.7226813497449294,0.5812803245625406,0.6681083333333333,0.030551152885661348
1.0,1.4434256553649902,none,CNN,17,0.3047133565577816,0.7522244332489415,0.654804764198994,0.773625,0.015416522354401607
1.0,1.4434256553649902,none,CNN,18,0.11675205978388173,0.6842721079810704,0.5888308512099311,0.8003250000000001,0.1014363389333991
1.0,1.4434256553649902,none,CNN,19,0.12538027345132455,0.6953379141204233,0.6084272380149153,0.78375,0.02261051119167079
1.0,1.4434256553649902,none,CNN,20,0.09756651019601381,0.72639758121933,0.6411974376571576,0.8515875,0.14104103037484572
1.0,1.4434256553649902,none,CNN,21,0.10753961501706992,0.6702228026580621,0.4336599669940141,0.7580291666666666,0.0625600168217455
1.0,1.4434256553649902,none,CNN,22,0.15807916540509293,0.7382344033545716,0.6948026337902671,0.8364541666666666,0.2290102656539641
1.0,1.4434256553649902,none,CNN,23,0.060213674683332635,0.7576948053333333,0.67042231826606,0.8662958333333334,0.1705572805255039
1.0,1.4434256553649902,none,CNN,24,0.144997532652204,0.6219294387230386,0.4924948719180952,0.75425,0.13406115545352137
1.0,1.4434256553649902,none,CNN,25,0.15175846783405206,0.8469157561125334,0.6685886460519772,0.8769375,0.09628302638434671
1.0,1.4434256553649902,none,CNN,26,0.23491513732847308,0.8299207259099891,0.6547456656075514,0.9095416666666667,0.10009493490862031
1.0,1.4434256553649902,none,CNN,27,0.33933840204810717,0.7665743283161244,0.6593649623054041,0.785525,0.09385283070242456
1.0,1.4434256553649902,none,CNN,28,0.1773390753896233,0.7632422153076296,0.7361985139340851,0.7839708333333334,0.14998823845549658
1.0,1.4434256553649902,none,CNN,29,0.16978730404597858,0.7143359450591549,0.5937732072854369,0.8414791666666667,0.0671779090625586
1.0,1.4434256553649902,tgb,GLM,0,0.276053932602442,0.6145367865077912,0.4870721073356802,0.7080291666666667,0.00923770730390383
1.0,1.4434256553649902,tgb,GLM,1,0.2751094017890158,0.8763887858224981,0.9120747895906868,0.7875208333333333,0.020865662971417565
1.0,1.4434256553649902,tgb,GLM,2,0.0847596837412311,0.8772700527794842,0.7835839508099598,0.9249166666666666,0.21017869374874554
1.0,1.4434256553649902,tgb,GLM,3,0.305789851544197,0.8850380626717501,0.8970625726426563,0.7868499999999999,0.01276502645116706
1.0,1.4434256553649902,tgb,GLM,4,0.10748487770604057,0.7339434537254653,0.8067497492288743,0.7816875,0.019217351115774828
1.0,1.4434256553649902,tgb,GLM,5,0.24371626867248436,0.794060940015582,0.8395338387903344,0.6940666666666667,0.01892689953087634
1.0,1.4434256553649902,tgb,GLM,6,0.17681507208363118,0.8208043181980142,0.8260599741341499,0.8033458333333333,0.01913213803780678
1.0,1.4434256553649902,tgb,GLM,7,0.11350242278225316,0.745423498600302,0.6878577669601523,0.7795083333333332,0.005796309439545566
1.0,1.4434256553649902,tgb,GLM,8,0.12874841382503044,0.8209061532453182,0.8293380846288451,0.8351583333333333,0.04615911221636426
1.0,1.4434256553649902,tgb,GLM,9,0.2930823056318897,0.6860928019692227,0.7238658429741645,0.6679875,0.05298014171176113
1.0,1.4434256553649902,tgb,GLM,10,0.08860196369515083,0.9308793120970411,0.9381043702864975,0.9173166666666668,0.08575039678305718
1.0,1.4434256553649902,tgb,GLM,11,0.160309870907002,0.6638215568312285,0.6814646653676615,0.6506833333333333,0.008493106756423119
1.0,1.4434256553649902,tgb,GLM,12,0.22909631915712692,0.6249476502634003,0.5833208720823021,0.5406416666666667,0.004320666654183736
1.0,1.4434256553649902,tgb,GLM,13,0.13850193284165585,0.8620285807919609,0.892798824859091,0.7900541666666666,0.04916880470337337
1.0,1.4434256553649902,tgb,GLM,14,0.16774753280377475,0.7278026342518529,0.7198498511413945,0.7253291666666667,0.012170204581109179
1.0,1.4434256553649902,tgb,GLM,15,0.3322802562985705,0.7614079286789639,0.7247121739947804,0.6397166666666667,0.009212400484338357
1.0,1.4434256553649902,tgb,GLM,16,0.3414795240340664,0.8189194291142657,0.8059881410179702,0.647125,0.04878706778148445
1.0,1.4434256553649902,tgb,GLM,17,0.3047133565577816,0.8142228506900717,0.8503595474088987,0.6617333333333333,0.16072591193777597
1.0,1.4434256553649902,tgb,GLM,18,0.11675205978388173,0.7651938261614211,0.8554311346330776,0.7949333333333334,0.04276124612508869
1.0,1.4434256553649902,tgb,GLM,19,0.12538027345132455,0.7552635234654098,0.8394748854361872,0.7921583333333333,0.03919735562852045
1.0,1.4434256553649902,tgb,GLM,20,0.09756651019601381,0.7979718220286935,0.8813181501237953,0.8532875,0.09734262319587139
1.0,1.4434256553649902,tgb,GLM,21,0.10753961501706992,0.7685291698521431,0.7980622381639512,0.6882541666666666,0.07906920495056136
1.0,1.4434256553649902,tgb,GLM,22,0.15807916540509293,0.7633120764233257,0.7864681796831703,0.7923625000000001,0.03833577044774983
1.0,1.4434256553649902,tgb,GLM,23,0.060213674683332635,0.8398301866666666,0.891411236836028,0.8306208333333334,0.04380155344404035
1.0,1.4434256553649902,tgb,GLM,24,0.144997532652204,0.7252003780599305,0.770205284444513,0.706925,0.01601170450095768
1.0,1.4434256553649902,tgb,GLM,25,0.15175846783405206,0.9022922369279873,0.9029928914909822,0.8504375,0.027176408361493487
1.0,1.4434256553649902,tgb,GLM,26,0.23491513732847308,0.9114501717385575,0.8625631193754076,0.9104333333333334,0.02267321499356989
1.0,1.4434256553649902,tgb,GLM,27,0.33933840204810717,0.8328989486687165,0.8028233646810582,0.7816916666666667,0.0729106384279814
1.0,1.4434256553649902,tgb,GLM,28,0.1773390753896233,0.8063788952830915,0.8382463613266159,0.7173708333333333,0.05734271099749555
1.0,1.4434256553649902,tgb,GLM,29,0.16978730404597858,0.7973232479521922,0.849143687868359,0.8253625,0.023769154275302795
1.0,1.4434256553649902,tgb,BRT,0,0.276053932602442,0.6465989736582729,0.6120360528764058,0.7108375,0.03698140894772306
1.0,1.4434256553649902,tgb,BRT,1,0.2751094017890158,0.8843285643669547,0.915216407513257,0.7881791666666667,0.012788545251158134
1.0,1.4434256553649902,tgb,BRT,2,0.0847596837412311,0.8868801147599872,0.7949954600712879,0.9284583333333334,0.2869669671628562
1.0,1.4434256553649902,tgb,BRT,3,0.305789851544197,0.9045570161790176,0.9026079119979045,0.8217833333333333,0.0055336409536168585
1.0,1.4434256553649902,tgb,BRT,4,0.10748487770604057,0.7443962498222904,0.8434289188363524,0.7826291666666667,0.005252126267200952
1.0,1.4434256553649902,tgb,BRT,5,0.24371626867248436,0.8045698849190914,0.8769108211104212,0.6682166666666667,0.051580291740946915
1.0,1.4434256553649902,tgb,BRT,6,0.17681507208363118,0.8147263783703756,0.8141927900361458,0.8001541666666667,0.03754793190431227
1.0,1.4434256553649902,tgb,BRT,7,0.11350242278225316,0.7574872358551447,0.6583192740442637,0.8001166666666667,0.09288372056141503
1.0,1.4434256553649902,tgb,BRT,8,0.12874841382503044,0.8353148656548836,0.8651111555863441,0.8744583333333333,0.060528262176319014
1.0,1.4434256553649902,tgb,BRT,9,0.2930823056318897,0.7045543720721159,0.7785641774978299,0.6705041666666667,0.04576017447758307
1.0,1.4434256553649902,tgb,BRT,10,0.08860196369515083,0.9363999958378707,0.8678580172198309,0.907,0.0699989196927594
1.0,1.4434256553649902,tgb,BRT,11,0.160309870907002,0.6706541997703789,0.7184723286690474,0.6835333333333333,0.01844689826426371
1.0,1.4434256553649902,tgb,BRT,12,0.22909631915712692,0.649801037428356,0.6809566515636738,0.6091583333333334,0.02078443129461327
1.0,1.4434256553649902,tgb,BRT,13,0.13850193284165585,0.870761511219951,0.8950595230776783,0.8225958333333334,0.10640052175944503
1.0,1.4434256553649902,tgb,BRT,14,0.16774753280377475,0.747474212896019,0.7711941509943232,0.7133625,0.019432979865776634
1.0,1.4434256553649902,tgb,BRT,15,0.3322802562985705,0.7873313072907027,0.7910750786511708,0.6759750000000001,0.052406641303248014
1.0,1.4434256553649902,tgb,BRT,16,0.3414795240340664,0.8408956042351122,0.8507421491846315,0.6340000000000001,0.10053946191379792
1.0,1.4434256553649902,tgb,BRT,17,0.3047133565577816,0.8349685937334224,0.8818388218723152,0.7329666666666667,0.19289127768153047
1.0,1.4434256553649902,tgb,BRT,18,0.11675205978388173,0.7742849842533606,0.8598076604676641,0.784125,0.045712776658799026
1.0,1.4434256553649902,tgb,BRT,19,0.12538027345132455,0.7749912102282626,0.8665203531858254,0.8004333333333333,0.04758263251278538
1.0,1.4434256553649902,tgb,BRT,20,0.09756651019601381,0.8085539874599769,0.8663975115081405,0.8538041666666667,0.13542187744723455
1.0,1.4434256553649902,tgb,BRT,21,0.10753961501706992,0.7891119818339045,0.8414472848986014,0.7253291666666667,0.10388943005785023
1.0,1.4434256553649902,tgb,BRT,22,0.15807916540509293,0.7709566266595015,0.828933623500949,0.7978541666666666,0.07281977766972525
1.0,1.4434256553649902,tgb,BRT,23,0.060213674683332635,0.855166592,0.8833986762918484,0.8640125,0.06942109534455387
1.0,1.4434256553649902,tgb,BRT,24,0.144997532652204,0.7437704340428015,0.8254575637150608,0.7137833333333334,0.014879591658271574
1.0,1.4434256553649902,tgb,BRT,25,0.15175846783405206,0.9070748110623474,0.874069969784997,0.8342208333333333,0.06129679264078303
1.0,1.4434256553649902,tgb,BRT,26,0.23491513732847308,0.9341519711626601,0.8434863776662465,0.9036666666666666,0.04055986842120296
1.0,1.4434256553649902,tgb,BRT,27,0.33933840204810717,0.8625297071579144,0.845366861529752,0.74915,0.05496622424358921
1.0,1.4434256553649902,tgb,BRT,28,0.1773390753896233,0.8299617992176935,0.8608689116720657,0.7471041666666667,0.05800508261621684
1.0,1.4434256553649902,tgb,BRT,29,0.16978730404597858,0.8189915446005971,0.8748773908178962,0.8352958333333333,0.019967484224970078
1.0,1.4434256553649902,tgb,RF,0,0.276053932602442,0.6249818398042724,0.5224326840399042,0.6992291666666666,0.07682284443702381
1.0,1.4434256553649902,tgb,RF,1,0.2751094017890158,0.8798708817204695,0.8836367435403882,0.7873083333333333,0.04540050108579363
1.0,1.4434256553649902,tgb,RF,2,0.0847596837412311,0.889402570235032,0.6747050784368466,0.9240916666666665,0.1125027216863167
1.0,1.4434256553649902,tgb,RF,3,0.305789851544197,0.9056178771422477,0.8998389313958829,0.8263375,0.03749889269845319
1.0,1.4434256553649902,tgb,RF,4,0.10748487770604057,0.7363054885241441,0.8133444740348992,0.7934083333333334,0.018305437162937088
1.0,1.4434256553649902,tgb,RF,5,0.24371626867248436,0.8195031798751407,0.8787263172636292,0.6691333333333334,0.16042253693814512
1.0,1.4434256553649902,tgb,RF,6,0.17681507208363118,0.832715834741576,0.813355785191245,0.8039083333333333,0.0851945711653399
1.0,1.4434256553649902,tgb,RF,7,0.11350242278225316,0.7498182791708473,0.5586065100454377,0.7869666666666667,0.09248790058893697
1.0,1.4434256553649902,tgb,RF,8,0.12874841382503044,0.8307993951785945,0.8571714500655903,0.8659708333333334,0.03569890936676634
1.0,1.4434256553649902,tgb,RF,9,0.2930823056318897,0.7106653811052522,0.8064743851103309,0.6457708333333333,0.019965530577789936
1.0,1.4434256553649902,tgb,RF,10,0.08860196369515083,0.9368884014382182,0.7315260654216587,0.9105291666666666,0.032636035695611354
1.0,1.4434256553649902,tgb,RF,11,0.160309870907002,0.6570329644087256,0.6646969807841353,0.6566958333333334,0.06497104605526993
1.0,1.4434256553649902,tgb,RF,12,0.22909631915712692,0.6423663171148966,0.6374556934755363,0.5944458333333333,0.07072590498654163
1.0,1.4434256553649902,tgb,RF,13,0.13850193284165585,0.8729564281836043,0.8694681791969178,0.82145,0.17540276673507404
1.0,1.4434256553649902,tgb,RF,14,0.16774753280377475,0.7504268313011102,0.7499090254114689,0.6859083333333333,0.009583875053646329
1.0,1.4434256553649902,tgb,RF,15,0.3322802562985705,0.7839608961230206,0.7664089365979001,0.6501833333333333,0.02842404659536657
1.0,1.4434256553649902,tgb,RF,16,0.3414795240340664,0.8547720881870484,0.8593412783900632,0.6612791666666668,0.15536016527051966
1.0,1.4434256553649902,tgb,RF,17,0.3047133565577816,0.843279433174239,0.8867376304129878,0.7383041666666668,0.25708012804041347
1.0,1.4434256553649902,tgb,RF,18,0.11675205978388173,0.7786441597126754,0.818244143623102,0.7866875000000001,0.062336277690137276
1.0,1.4434256553649902,tgb,RF,19,0.12538027345132455,0.781747433771276,0.8682285691787024,0.8035499999999999,0.1292481282499015
1.0,1.4434256553649902,tgb,RF,20,0.09756651019601381,0.8083217728205847,0.8239880885672697,0.8406374999999999,0.07647130938245306
1.0,1.4434256553649902,tgb,RF,21,0.10753961501706992,0.7960062926686874,0.8327695953140677,0.723075,0.14987234864242516
1.0,1.4434256553649902,tgb,RF,22,0.15807916540509293,0.7723547661646563,0.7741041217966161,0.7948583333333332,0.06739691820830063
1.0,1.4434256553649902,tgb,RF,23,0.060213674683332635,0.837461568,0.7936451616174813,0.8425041666666667,0.02924012079877847
1.0,1.4434256553649902,tgb,RF,24,0.144997532652204,0.7479617267723133,0.8104019675649962,0.6761291666666667,0.049967950570830366
1.0,1.4434256553649902,tgb,RF,25,0.15175846783405206,0.911520587346249,0.8863481788809152,0.8393166666666666,0.04315430795474651
1.0,1.4434256553649902,tgb,RF,26,0.23491513732847308,0.9366656970646784,0.8087269449317461,0.9133958333333334,0.05228554320849477
1.0,1.4434256553649902,tgb,RF,27,0.33933840204810717,0.8535602937819731,0.7969009563868229,0.7568375,0.033594708937790596
1.0,1.4434256553649902,tgb,RF,28,0.1773390753896233,0.8279926292534533,0.8274791137619721,0.7382208333333334,0.05177692058041239
1.0,1.4434256553649902,tgb,RF,29,0.16978730404597858,0.8254182098455396,0.8840061206639921,0.8373666666666667,0.04671555497741142
1.0,1.4434256553649902,tgb,MLP,0,0.276053932602442,0.6140883425647894,0.48133292267352623,0.6900041666666666,0.044860438379319856
1.0,1.4434256553649902,tgb,MLP,1,0.2751094017890158,0.872126114080099,0.9142005338190013,0.8046791666666667,0.020283676047961108
1.0,1.4434256553649902,tgb,MLP,2,0.0847596837412311,0.8684706128551563,0.7727956604212498,0.9141083333333333,0.2362500989547186
1.0,1.4434256553649902,tgb,MLP,3,0.305789851544197,0.8789956075279415,0.8916427500863998,0.791625,0.00934848678333311
1.0,1.4434256553649902,tgb,MLP,4,0.10748487770604057,0.6983031905263665,0.6844052300930215,0.7947624999999999,0.025769950449546775
1.0,1.4434256553649902,tgb,MLP,5,0.24371626867248436,0.7451904323448088,0.7318524922527498,0.6469416666666666,0.008965201067135609
1.0,1.4434256553649902,tgb,MLP,6,0.17681507208363118,0.8002639957181718,0.7715224525141569,0.7935458333333333,0.04197924333635872
1.0,1.4434256553649902,tgb,MLP,7,0.11350242278225316,0.7282007879142988,0.6330992411498835,0.758675,0.07517056233631425
1.0,1.4434256553649902,tgb,MLP,8,0.12874841382503044,0.797787390449386,0.7861129798929003,0.7955416666666666,0.05866254005246496
1.0,1.4434256553649902,tgb,MLP,9,0.2930823056318897,0.669702204468617,0.6583415547413382,0.6589375,0.03237568680224889
1.0,1.4434256553649902,tgb,MLP,10,0.08860196369515083,0.9206360543702986,0.9144928143506572,0.9161166666666667,0.05870135142047228
1.0,1.4434256553649902,tgb,MLP,11,0.160309870907002,0.6321484362801377,0.5668259764320764,0.6448666666666667,0.0021845204363851733
1.0,1.4434256553649902,tgb,MLP,12,0.22909631915712692,0.6020011198074884,0.4754085899009492,0.5448916666666667,0.013793380910681607
1.0,1.4434256553649902,tgb,MLP,13,0.13850193284165585,0.8533059379580968,0.9069641175995145,0.7889708333333333,0.07222463634746257
1.0,1.4434256553649902,tgb,MLP,14,0.16774753280377475,0.6531658184685671,0.5329415650134858,0.6910458333333332,0.019673481474610455
1.0,1.4434256553649902,tgb,MLP,15,0.3322802562985705,0.6350310435356348,0.42264564271757055,0.5982916666666667,0.0276398348040634
1.0,1.4434256553649902,tgb,MLP,16,0.3414795240340664,0.7495869886792861,0.6375345614795646,0.6292833333333334,0.054243772937031864
1.0,1.4434256553649902,tgb,MLP,17,0.3047133565577816,0.7910463086644153,0.7969207398108256,0.7029583333333334,0.07257878035157983
1.0,1.4434256553649902,tgb,MLP,18,0.11675205978388173,0.7507670812871428,0.8143451418359408,0.7811583333333333,0.027907837314707806
1.0,1.4434256553649902,tgb,MLP,19,0.12538027345132455,0.7477331325750977,0.8289788276573974,0.7823416666666667,0.01995124952286287
1.0,1.4434256553649902,tgb,MLP,20,0.09756651019601381,0.7859016778967418,0.863096475642773,0.8502625,0.059980021156097574
1.0,1.4434256553649902,tgb,MLP,21,0.10753961501706992,0.7328164059624043,0.7101904394297289,0.6954,0.051865379734949535
1.0,1.4434256553649902,tgb,MLP,22,0.15807916540509293,0.7523506235014299,0.7482737285522709,0.7928125,0.11182196037129588
1.0,1.4434256553649902,tgb,MLP,23,0.060213674683332635,0.8132001706666666,0.8572274749827115,0.8149041666666667,0.04710983509875699
1.0,1.4434256553649902,tgb,MLP,24,0.144997532652204,0.6835860182387294,0.6608336240835031,0.7054416666666667,0.0262587128648335
1.0,1.4434256553649902,tgb,MLP,25,0.15175846783405206,0.8852888384268136,0.8650348649658279,0.8481458333333334,0.0678851895459176
1.0,1.4434256553649902,tgb,MLP,26,0.23491513732847308,0.8719225657848054,0.800939319090004,0.9157000000000001,0.039690975642973636
1.0,1.4434256553649902,tgb,MLP,27,0.33933840204810717,0.7765837383800817,0.7140992579727375,0.7251833333333334,0.03424335145873414
1.0,1.4434256553649902,tgb,MLP,28,0.1773390753896233,0.7849311989606903,0.8052042853900472,0.7095125,0.04978435564736339
1.0,1.4434256553649902,tgb,MLP,29,0.16978730404597858,0.7735582024610882,0.8133564269878146,0.8225125000000001,0.00650851322812096
1.0,1.4434256553649902,tgb,CNN,0,0.276053932602442,0.5966666088117241,0.41937378261044256,0.5803041666666667,0.013179978088024291
1.0,1.4434256553649902,tgb,CNN,1,0.2751094017890158,0.8428924981894108,0.7833588993032473,0.7508125,0.015316085277940594
1.0,1.4434256553649902,tgb,CNN,2,0.0847596837412311,0.8341000903470366,0.5310358285079836,0.88835,0.11434480105562128
1.0,1.4434256553649902,tgb,CNN,3,0.305789851544197,0.8643438710991286,0.8306045339243802,0.7742916666666666,0.01892899982064744
1.0,1.4434256553649902,tgb,CNN,4,0.10748487770604057,0.6848915408810955,0.6321654825550731,0.7390375,0.011467983340949228
1.0,1.4434256553649902,tgb,CNN,5,0.24371626867248436,0.7254195166839572,0.6593540403533741,0.6310583333333333,0.021368647388689932
1.0,1.4434256553649902,tgb,CNN,6,0.17681507208363118,0.7928596484864774,0.7351578053752472,0.7542125000000001,0.02321196289619243
1.0,1.4434256553649902,tgb,CNN,7,0.11350242278225316,0.6970816529915638,0.4691616581544597,0.7530416666666666,0.019622152796941572
1.0,1.4434256553649902,tgb,CNN,8,0.12874841382503044,0.7757582747585478,0.7042186538961874,0.7885833333333333,0.041711506141628774
1.0,1.4434256553649902,tgb,CNN,9,0.2930823056318897,0.6569506190869919,0.602357017084546,0.6449374999999999,0.031765420338463635
1.0,1.4434256553649902,tgb,CNN,10,0.08860196369515083,0.8983966256796189,0.7213218842854062,0.874225,0.033717066024104736
1.0,1.4434256553649902,tgb,CNN,11,0.160309870907002,0.6058949253731343,0.45771595144189803,0.6253416666666666,0.01446421666604003
1.0,1.4434256553649902,tgb,CNN,12,0.22909631915712692,0.5893333607689778,0.40811716058040504,0.5204333333333333,0.011951882522982404
1.0,1.4434256553649902,tgb,CNN,13,0.13850193284165585,0.824822507045868,0.7713434274464971,0.7588291666666667,0.0779979928202279
1.0,1.4434256553649902,tgb,CNN,14,0.16774753280377475,0.6442289383647654,0.4708638780929691,0.6458958333333333,0.007807011160572586
1.0,1.4434256553649902,tgb,CNN,15,0.3322802562985705,0.6859631330119645,0.5229173350133276,0.57095,0.007456454870718554
1.0,1.4434256553649902,tgb,CNN,16,0.3414795240340664,0.7555473724798099,0.6353852146301895,0.6138833333333332,0.11802108992269611
1.0,1.4434256553649902,tgb,CNN,17,0.3047133565577816,0.7885144485090604,0.7443065546536036,0.679775,0.07807166376585983
1.0,1.4434256553649902,tgb,CNN,18,0.11675205978388173,0.7378317597072653,0.7570811691437708,0.7474416666666667,0.04246472815142832
1.0,1.4434256553649902,tgb,CNN,19,0.12538027345132455,0.7186253566249087,0.6644823162562032,0.7106583333333333,0.03297353712494766
1.0,1.4434256553649902,tgb,CNN,20,0.09756651019601381,0.7203876812375646,0.6312890043178664,0.7876124999999999,0.03324311078996134
1.0,1.4434256553649902,tgb,CNN,21,0.10753961501706992,0.7145869116550488,0.6096658830743868,0.6919958333333334,0.056682983707186496
1.0,1.4434256553649902,tgb,CNN,22,0.15807916540509293,0.727294987265492,0.6566021334834751,0.7432291666666666,0.10353313925620655
1.0,1.4434256553649902,tgb,CNN,23,0.060213674683332635,0.7787223253333334,0.7063496887485229,0.7878958333333332,0.04364214911492048
1.0,1.4434256553649902,tgb,CNN,24,0.144997532652204,0.6464840354725299,0.5365313759982427,0.6336833333333334,0.0068552385696495355
1.0,1.4434256553649902,tgb,CNN,25,0.15175846783405206,0.8770670565180422,0.7664739033130845,0.8297541666666667,0.05186846435632675
1.0,1.4434256553649902,tgb,CNN,26,0.23491513732847308,0.8330755415543429,0.640445994250306,0.850875,0.02203541380919738
1.0,1.4434256553649902,tgb,CNN,27,0.33933840204810717,0.7701062296637441,0.6698228790620606,0.6876083333333334,0.03315381975036946
1.0,1.4434256553649902,tgb,CNN,28,0.1773390753896233,0.7728596609126699,0.7471690611035132,0.6919208333333333,0.024396778016384735
1.0,1.4434256553649902,tgb,CNN,29,0.16978730404597858,0.7616232908444447,0.7557798261860001,0.7943708333333334,0.005302604525820431
1.0,1.4434256553649902,biascov,GLM,0,0.276053932602442,0.6370694903149278,0.5691266949518167,0.8136875,0.01704835975427832
1.0,1.4434256553649902,biascov,GLM,1,0.2751094017890158,0.871545687675179,0.8906799383316997,0.8367958333333333,0.04940295827820995
1.0,1.4434256553649902,biascov,GLM,2,0.0847596837412311,0.8696619915556492,0.6630323126565807,0.9423166666666667,0.1037585655191241
1.0,1.4434256553649902,biascov,GLM,3,0.305789851544197,0.8784883756161583,0.873374038857935,0.8327833333333333,0.00990238287369738
1.0,1.4434256553649902,biascov,GLM,4,0.10748487770604057,0.7318262370822108,0.7922962317037404,0.8313208333333333,0.012713505819206827
1.0,1.4434256553649902,biascov,GLM,5,0.24371626867248436,0.7995588858229788,0.8407769058154422,0.7811666666666667,0.0314872224824615
1.0,1.4434256553649902,biascov,GLM,6,0.17681507208363118,0.8193007262222713,0.8396809513357023,0.8633375,0.046260378061942276
1.0,1.4434256553649902,biascov,GLM,7,0.11350242278225316,0.7065558417544063,0.5515885664729282,0.7981583333333333,0.02772826955179053
1.0,1.4434256553649902,biascov,GLM,8,0.12874841382503044,0.8115455720859649,0.8098318384870794,0.8626083333333333,0.031094169667804317
1.0,1.4434256553649902,biascov,GLM,9,0.2930823056318897,0.6638019820739929,0.6400857272832142,0.7959041666666666,0.019373706691359183
1.0,1.4434256553649902,biascov,GLM,10,0.08860196369515083,0.9236094598075066,0.9030694284643603,0.9522833333333333,0.06370670447799065
1.0,1.4434256553649902,biascov,GLM,11,0.160309870907002,0.6701842479908151,0.6972267091770666,0.7445083333333333,0.023685943195883907
1.0,1.4434256553649902,biascov,GLM,12,0.22909631915712692,0.6348447124473714,0.6360269285130672,0.7275083333333333,0.03469116827234775
1.0,1.4434256553649902,biascov,GLM,13,0.13850193284165585,0.856953065315461,0.8644318534256316,0.8366541666666667,0.05327362142947878
1.0,1.4434256553649902,biascov,GLM,14,0.16774753280377475,0.7341347423689952,0.7264894524427461,0.7799874999999998,0.09259893653502782
1.0,1.4434256553649902,biascov,GLM,15,0.3322802562985705,0.7308633326570674,0.6629182331007955,0.7287416666666666,0.038005621510293186
1.0,1.4434256553649902,biascov,GLM,16,0.3414795240340664,0.8142709271318995,0.7951531675848829,0.712725,0.11194390213098415
1.0,1.4434256553649902,biascov,GLM,17,0.3047133565577816,0.8214379328846013,0.8651308768663271,0.7907083333333333,0.12681712452428462
1.0,1.4434256553649902,biascov,GLM,18,0.11675205978388173,0.7681180491506098,0.860689647746224,0.8419749999999999,0.037870975391650075
1.0,1.4434256553649902,biascov,GLM,19,0.12538027345132455,0.7494594686317142,0.8129693831744232,0.863325,0.06358128053216161
1.0,1.4434256553649902,biascov,GLM,20,0.09756651019601381,0.7831527017633375,0.8539201372038003,0.8680875,0.06891008214051975
1.0,1.4434256553649902,biascov,GLM,21,0.10753961501706992,0.7587144333331158,0.7796883932672253,0.7796041666666667,0.1175296962184329
1.0,1.4434256553649902,biascov,GLM,22,0.15807916540509293,0.7325964089501537,0.6819893528634733,0.8352375000000001,0.032060643841553604
1.0,1.4434256553649902,biascov,GLM,23,0.060213674683332635,0.7960593066666667,0.8151888598029721,0.8821041666666667,0.003917535742700262
1.0,1.4434256553649902,biascov,GLM,24,0.144997532652204,0.7334428608787757,0.7828990182507474,0.8098166666666666,0.008769460295063758
1.0,1.4434256553649902,biascov,GLM,25,0.15175846783405206,0.8985671509596855,0.8853036123112588,0.8902958333333333,0.03081878350099676
1.0,1.4434256553649902,biascov,GLM,26,0.23491513732847308,0.9119689185568332,0.8535403285913508,0.9285249999999999,0.011207199249859356
1.0,1.4434256553649902,biascov,GLM,27,0.33933840204810717,0.8095911825127221,0.7561714299469284,0.84115,0.08681909827699263
1.0,1.4434256553649902,biascov,GLM,28,0.1773390753896233,0.7887158806421533,0.808294863711237,0.8007375000000001,0.012147607720636722
1.0,1.4434256553649902,biascov,GLM,29,0.16978730404597858,0.7710733347117967,0.8002803703842009,0.8598208333333333,0.03449992934946566
1.0,1.4434256553649902,biascov,BRT,0,0.276053932602442,0.6673432164193962,0.6941033725465906,0.8371624999999999,0.03323459648594762
1.0,1.4434256553649902,biascov,BRT,1,0.2751094017890158,0.8831457888289278,0.9101593710473549,0.8576625,0.024631367846404406
1.0,1.4434256553649902,biascov,BRT,2,0.0847596837412311,0.8854238269978003,0.7368501901205597,0.9506,0.235330395330708
1.0,1.4434256553649902,biascov,BRT,3,0.305789851544197,0.9065954426399189,0.897202371223263,0.8675416666666667,0.008637359326008065
1.0,1.4434256553649902,biascov,BRT,4,0.10748487770604057,0.7464051968773616,0.8451621086022754,0.8645541666666666,0.00472934880178244
1.0,1.4434256553649902,biascov,BRT,5,0.24371626867248436,0.7974735657695222,0.8630513917399231,0.7819583333333333,0.02852110864825308
1.0,1.4434256553649902,biascov,BRT,6,0.17681507208363118,0.8149416924548192,0.809827044167319,0.8511208333333334,0.031112922893930306
1.0,1.4434256553649902,biascov,BRT,7,0.11350242278225316,0.7615247511791108,0.669554222548904,0.8548833333333333,0.07350590087022657
1.0,1.4434256553649902,biascov,BRT,8,0.12874841382503044,0.8331732827290589,0.8613487556716551,0.8982166666666667,0.07329672864792691
1.0,1.4434256553649902,biascov,BRT,9,0.2930823056318897,0.7005497663330056,0.7573643500989652,0.7997124999999999,0.014934316430550876
1.0,1.4434256553649902,biascov,BRT,10,0.08860196369515083,0.9328826897446704,0.8900324863861837,0.9477583333333334,0.06916926757128994
1.0,1.4434256553649902,biascov,BRT,11,0.160309870907002,0.67340798163031,0.7332600701321249,0.8063666666666667,0.008827464082208691
1.0,1.4434256553649902,biascov,BRT,12,0.22909631915712692,0.6685799779720654,0.7742186087932885,0.7856083333333334,0.03829860261812568
1.0,1.4434256553649902,biascov,BRT,13,0.13850193284165585,0.8757087307079778,0.8929582207914503,0.8576874999999999,0.08509298472256765
1.0,1.4434256553649902,biascov,BRT,14,0.16774753280377475,0.7576329072117656,0.8064409650677475,0.7800291666666668,0.028750725809517652
1.0,1.4434256553649902,biascov,BRT,15,0.3322802562985705,0.7668461604147225,0.7581325352155615,0.8068666666666666,0.0629279432044394
1.0,1.4434256553649902,biascov,BRT,16,0.3414795240340664,0.8458699220053131,0.8654225131485516,0.7361666666666666,0.05405836923413565
1.0,1.4434256553649902,biascov,BRT,17,0.3047133565577816,0.8320616075057317,0.8786728993334199,0.8121416666666667,0.10806109803182262
1.0,1.4434256553649902,biascov,BRT,18,0.11675205978388173,0.7848555246928927,0.8924142130154586,0.8464499999999999,0.0478793238857157
1.0,1.4434256553649902,biascov,BRT,19,0.12538027345132455,0.7791834222868791,0.8727229735101574,0.8682083333333332,0.047723638102665
1.0,1.4434256553649902,biascov,BRT,20,0.09756651019601381,0.8108317583240017,0.8692033798889137,0.8915625,0.09362435568819938
1.0,1.4434256553649902,biascov,BRT,21,0.10753961501706992,0.7871332068151644,0.8494060350315188,0.8111458333333333,0.09491304514726029
1.0,1.4434256553649902,biascov,BRT,22,0.15807916540509293,0.7713609806075123,0.8409857637180103,0.8622875,0.02668654060028741
1.0,1.4434256553649902,biascov,BRT,23,0.060213674683332635,0.8589813760000001,0.8898514371852285,0.9126625,0.06233263125729005
1.0,1.4434256553649902,biascov,BRT,24,0.144997532652204,0.754163525266976,0.8550515999495529,0.8235166666666667,0.018664604430857268
1.0,1.4434256553649902,biascov,BRT,25,0.15175846783405206,0.9043636233157778,0.8924215475727351,0.8836875000000001,0.07918503923540288
1.0,1.4434256553649902,biascov,BRT,26,0.23491513732847308,0.9445611738588614,0.8609332613135285,0.94145,0.029549241520067437
1.0,1.4434256553649902,biascov,BRT,27,0.33933840204810717,0.8679457248546532,0.8626612481213585,0.8226583333333333,0.08667089765899028
1.0,1.4434256553649902,biascov,BRT,28,0.1773390753896233,0.8269986658079289,0.8502203402174964,0.8246291666666666,0.024881532504179904
1.0,1.4434256553649902,biascov,BRT,29,0.16978730404597858,0.826291542276625,0.9083505268134606,0.8867708333333333,0.02315885780348681
1.0,1.4434256553649902,biascov,RF,0,0.276053932602442,0.6460670860394301,0.5986909460719539,0.8406416666666667,0.16400415516845002
1.0,1.4434256553649902,biascov,RF,1,0.2751094017890158,0.8778811977199956,0.8873013846425689,0.85095,0.02155230156937815
1.0,1.4434256553649902,biascov,RF,2,0.0847596837412311,0.8859365225309062,0.732064678227345,0.9410208333333333,0.21463115817262912
1.0,1.4434256553649902,biascov,RF,3,0.305789851544197,0.9017500752048717,0.9021955806769161,0.8631249999999999,0.030624467302286518
1.0,1.4434256553649902,biascov,RF,4,0.10748487770604057,0.730467090930815,0.7787552920812565,0.866175,0.14646058719985344
1.0,1.4434256553649902,biascov,RF,5,0.24371626867248436,0.7886382999049443,0.837776653934649,0.7858333333333333,0.019598270522224293
1.0,1.4434256553649902,biascov,RF,6,0.17681507208363118,0.8263588980632204,0.8364120588233377,0.8558458333333334,0.07671252520832716
1.0,1.4434256553649902,biascov,RF,7,0.11350242278225316,0.7661066820464341,0.6704015410148235,0.862175,0.2496997991395512
1.0,1.4434256553649902,biascov,RF,8,0.12874841382503044,0.8203854662488899,0.8381195483085263,0.8906291666666666,0.11825406838284869
1.0,1.4434256553649902,biascov,RF,9,0.2930823056318897,0.6924932462520623,0.7156621315885379,0.7903541666666666,0.15167324968144735
1.0,1.4434256553649902,biascov,RF,10,0.08860196369515083,0.9323154154797872,0.760666755045013,0.9462625,0.142032413835946
1.0,1.4434256553649902,biascov,RF,11,0.160309870907002,0.6616212812858784,0.6832238746729827,0.8270416666666667,0.03947856850797482
1.0,1.4434256553649902,biascov,RF,12,0.22909631915712692,0.6491557943900605,0.6490159463251015,0.7801166666666667,0.057597920297659866
1.0,1.4434256553649902,biascov,RF,13,0.13850193284165585,0.8743960213276051,0.8668902867918481,0.8698208333333333,0.06295106528454708
1.0,1.4434256553649902,biascov,RF,14,0.16774753280377475,0.733202090439002,0.6771368520604341,0.7758083333333333,0.16231027106834817
1.0,1.4434256553649902,biascov,RF,15,0.3322802562985705,0.7448645126046883,0.6910495568023942,0.7982041666666666,0.20042631709030623
1.0,1.4434256553649902,biascov,RF,16,0.3414795240340664,0.842221056820478,0.8232625587408688,0.762125,0.03383465497776261
1.0,1.4434256553649902,biascov,RF,17,0.3047133565577816,0.8455682441634159,0.9028405522092032,0.8573333333333333,0.108535540617399
1.0,1.4434256553649902,biascov,RF,18,0.11675205978388173,0.7650819669818264,0.8125888545488519,0.8510958333333334,0.040177413409361984
1.0,1.4434256553649902,biascov,RF,19,0.12538027345132455,0.7857872445366535,0.8843215247729855,0.8694249999999999,0.025135165939302873
1.0,1.4434256553649902,biascov,RF,20,0.09756651019601381,0.8160867120344708,0.8720250164733326,0.9014249999999999,0.09429118214245158
1.0,1.4434256553649902,biascov,RF,21,0.10753961501706992,0.7726397159564594,0.7416036491500606,0.8105875,0.08402432414103123
1.0,1.4434256553649902,biascov,RF,22,0.15807916540509293,0.7734683402488479,0.7883679938506375,0.8483833333333334,0.12978737961152376
1.0,1.4434256553649902,biascov,RF,23,0.060213674683332635,0.8211733760000001,0.7867776416002671,0.8965416666666667,0.17657667905350283
1.0,1.4434256553649902,biascov,RF,24,0.144997532652204,0.7498864094580661,0.8270182781236433,0.8095583333333334,0.06473300821567918
1.0,1.4434256553649902,biascov,RF,25,0.15175846783405206,0.9037961676730604,0.8820737162307275,0.8914624999999999,0.039108424983175905
1.0,1.4434256553649902,biascov,RF,26,0.23491513732847308,0.9279352449681726,0.8094252769182669,0.9414041666666667,0.04764899524540489
1.0,1.4434256553649902,biascov,RF,27,0.33933840204810717,0.8621563368556736,0.8087822550676144,0.849025,0.16367269141050367
1.0,1.4434256553649902,biascov,RF,28,0.1773390753896233,0.8210479646121932,0.8108876730823902,0.8301041666666668,0.11263560040368503
1.0,1.4434256553649902,biascov,RF,29,0.16978730404597858,0.818132618027541,0.8883010840640984,0.8863291666666666,0.031784271704122125
1.0,1.4434256553649902,biascov,MLP,0,0.276053932602442,0.6483802616824894,0.6271205083546042,0.8161708333333333,0.007701116119636975
1.0,1.4434256553649902,biascov,MLP,1,0.2751094017890158,0.8625742103357275,0.8832731630524787,0.8440541666666667,0.02839978476809002
1.0,1.4434256553649902,biascov,MLP,2,0.0847596837412311,0.869997240742048,0.6452065107526632,0.9372,0.12444243101338481
1.0,1.4434256553649902,biascov,MLP,3,0.305789851544197,0.8897081467530914,0.9058600804342719,0.8296666666666667,0.0167226981877312
1.0,1.4434256553649902,biascov,MLP,4,0.10748487770604057,0.7019429531652692,0.7095148552455923,0.8196291666666666,0.034112435951872855
1.0,1.4434256553649902,biascov,MLP,5,0.24371626867248436,0.7851413095856496,0.811016099109342,0.77315,0.031424539373832605
1.0,1.4434256553649902,biascov,MLP,6,0.17681507208363118,0.8054990874410508,0.8157916796290007,0.8587458333333332,0.06362074242623617
1.0,1.4434256553649902,biascov,MLP,7,0.11350242278225316,0.706425283457754,0.5111958728596356,0.7816083333333335,0.015840140772586442
1.0,1.4434256553649902,biascov,MLP,8,0.12874841382503044,0.8140618441938721,0.8102053131569678,0.8565999999999999,0.04104883064945086
1.0,1.4434256553649902,biascov,MLP,9,0.2930823056318897,0.6763215331513033,0.6740363267897639,0.7723458333333333,0.028544517254191604
1.0,1.4434256553649902,biascov,MLP,10,0.08860196369515083,0.9067195334830247,0.9143361905196749,0.9308833333333334,0.03319509264862486
1.0,1.4434256553649902,biascov,MLP,11,0.160309870907002,0.6482598392652124,0.6286053033139133,0.7499166666666666,0.04710276818223591
1.0,1.4434256553649902,biascov,MLP,12,0.22909631915712692,0.6073066102936371,0.532920536893843,0.6882499999999999,0.07894916141951558
1.0,1.4434256553649902,biascov,MLP,13,0.13850193284165585,0.8312706226060211,0.8516821129658876,0.8322041666666666,0.03053863528268075
1.0,1.4434256553649902,biascov,MLP,14,0.16774753280377475,0.7264084303882656,0.6741449866657964,0.7445291666666667,0.03394297720922235
1.0,1.4434256553649902,biascov,MLP,15,0.3322802562985705,0.6977242279410475,0.5694933693966108,0.7712833333333333,0.01597131183418854
1.0,1.4434256553649902,biascov,MLP,16,0.3414795240340664,0.78861113269504,0.72445317538495,0.6783583333333333,0.046519291390983764
1.0,1.4434256553649902,biascov,MLP,17,0.3047133565577816,0.7803225421118952,0.7720867462860894,0.7872416666666667,0.06643901420880693
1.0,1.4434256553649902,biascov,MLP,18,0.11675205978388173,0.7721302872283939,0.8757582512312461,0.8227333333333333,0.06621170308495494
1.0,1.4434256553649902,biascov,MLP,19,0.12538027345132455,0.7510320798387298,0.823220034600181,0.8422999999999999,0.022589979438814245
1.0,1.4434256553649902,biascov,MLP,20,0.09756651019601381,0.7763518995091184,0.8503717139942542,0.8597541666666666,0.014884152181363852
1.0,1.4434256553649902,biascov,MLP,21,0.10753961501706992,0.761723653688976,0.800257775002001,0.7476083333333333,0.04428894894359603
1.0,1.4434256553649902,biascov,MLP,22,0.15807916540509293,0.7120298556989733,0.652112484764243,0.8302791666666667,0.022300679214551256
1.0,1.4434256553649902,biascov,MLP,23,0.060213674683332635,0.8098907946666668,0.8379049310957731,0.8698791666666665,0.032986505034809044
1.0,1.4434256553649902,biascov,MLP,24,0.144997532652204,0.7167858704803598,0.7206967463565053,0.7769416666666668,0.032044045159070556
1.0,1.4434256553649902,biascov,MLP,25,0.15175846783405206,0.9001552908756014,0.8913552133666249,0.9002708333333334,0.05313425870395805
1.0,1.4434256553649902,biascov,MLP,26,0.23491513732847308,0.9254769945693927,0.8647419093321889,0.91005,0.02252035546140574
1.0,1.4434256553649902,biascov,MLP,27,0.33933840204810717,0.7975396263275911,0.7528259289606861,0.8261666666666667,0.008451555118800469
1.0,1.4434256553649902,biascov,MLP,28,0.1773390753896233,0.7821501793450772,0.8016293779575584,0.8011208333333333,0.004402051825288189
1.0,1.4434256553649902,biascov,MLP,29,0.16978730404597858,0.8000102043657417,0.866563663607837,0.8729375,0.053839417013337054
1.0,1.4434256553649902,biascov,CNN,0,0.276053932602442,0.6095174861856458,0.4711311259525345,0.8166291666666667,0.02162177166157797
1.0,1.4434256553649902,biascov,CNN,1,0.2751094017890158,0.8262274674904948,0.7709037478013611,0.7864291666666667,0.095578581571921
1.0,1.4434256553649902,biascov,CNN,2,0.0847596837412311,0.7901063283391244,0.2246329681309221,0.9348916666666667,0.027136791367582402
1.0,1.4434256553649902,biascov,CNN,3,0.305789851544197,0.6657577511476577,0.40279375805883855,0.7834000000000001,0.07345660638776674
1.0,1.4434256553649902,biascov,CNN,4,0.10748487770604057,0.6448780560387986,0.4629439441306723,0.8008124999999999,0.019901001720212697
1.0,1.4434256553649902,biascov,CNN,5,0.24371626867248436,0.7768735616392809,0.7106970839088088,0.7467583333333333,0.08702420392219168
1.0,1.4434256553649902,biascov,CNN,6,0.17681507208363118,0.7659299638951371,0.6455422640767526,0.8287625,0.0724002456043763
1.0,1.4434256553649902,biascov,CNN,7,0.11350242278225316,0.6001850387674031,0.15741773819525273,0.7908083333333333,0.03985938241179965
1.0,1.4434256553649902,biascov,CNN,8,0.12874841382503044,0.6766532418052,0.3693333766061339,0.8265666666666667,0.08693313186449925
1.0,1.4434256553649902,biascov,CNN,9,0.2930823056318897,0.6256698747656129,0.47916675099796374,0.7841625,0.02086230053000948
1.0,1.4434256553649902,biascov,CNN,10,0.08860196369515083,0.8896950132321023,0.666010840894826,0.929575,0.04167528000159293
1.0,1.4434256553649902,biascov,CNN,11,0.160309870907002,0.6170431412169919,0.5038430237081133,0.7735666666666667,0.021488726637286182
1.0,1.4434256553649902,biascov,CNN,12,0.22909631915712692,0.599533579604342,0.43461263246531323,0.6823916666666667,0.11270449343957145
1.0,1.4434256553649902,biascov,CNN,13,0.13850193284165585,0.8029196315829056,0.6854802400846793,0.8266625,0.02555517094827786
1.0,1.4434256553649902,biascov,CNN,14,0.16774753280377475,0.6665430989686937,0.5003762050673912,0.7490625000000001,0.039032825586998166
1.0,1.4434256553649902,biascov,CNN,15,0.3322802562985705,0.6772518596868499,0.5117430029539508,0.6889749999999999,0.032211881077819915
1.0,1.4434256553649902,biascov,CNN,16,0.3414795240340664,0.7293231503840767,0.5915137547100588,0.6972499999999999,0.09037740451941079
1.0,1.4434256553649902,biascov,CNN,17,0.3047133565577816,0.7529783732399281,0.673699258001756,0.801225,0.1029335773768627
1.0,1.4434256553649902,biascov,CNN,18,0.11675205978388173,0.6860820933752803,0.5496270853095104,0.8006916666666667,0.04423333864058743
1.0,1.4434256553649902,biascov,CNN,19,0.12538027345132455,0.657052451294257,0.5370048580300745,0.8148916666666667,0.026275993141421594
1.0,1.4434256553649902,biascov,CNN,20,0.09756651019601381,0.6576215506026941,0.37628301752200977,0.8635791666666667,0.023646337001733575
1.0,1.4434256553649902,biascov,CNN,21,0.10753961501706992,0.7143680444389631,0.5466287025814865,0.7762625,0.06676487081897597
1.0,1.4434256553649902,biascov,CNN,22,0.15807916540509293,0.625423404001284,0.5073555249648511,0.8224125,0.15307591796818243
1.0,1.4434256553649902,biascov,CNN,23,0.060213674683332635,0.7629461546666667,0.6568113355697007,0.8647041666666667,0.00760239695398135
1.0,1.4434256553649902,biascov,CNN,24,0.144997532652204,0.6905768331168128,0.6268697417685548,0.7861750000000001,0.08654466104655567
1.0,1.4434256553649902,biascov,CNN,25,0.15175846783405206,0.8639020195910492,0.7721783424493937,0.8680125000000001,0.011013530584859987
1.0,1.4434256553649902,biascov,CNN,26,0.23491513732847308,0.7970078316750882,0.5145036192771749,0.9140333333333334,0.05213571469718192
1.0,1.4434256553649902,biascov,CNN,27,0.33933840204810717,0.7643680263705573,0.6439307239592756,0.8006166666666666,0.06768904568547862
1.0,1.4434256553649902,biascov,CNN,28,0.1773390753896233,0.7031532605182091,0.5985980007909183,0.7968041666666666,0.007556437454754761
1.0,1.4434256553649902,biascov,CNN,29,0.16978730404597858,0.7714605278365216,0.7516795311716132,0.8504291666666667,0.06730880646197623
1.0,1.4434256553649902,thin,GLM,0,0.276053932602442,0.6483074598472761,0.6121205334663012,0.7910375,0.06460492905519033
1.0,1.4434256553649902,thin,GLM,1,0.2751094017890158,0.8656738940199055,0.8964005963700012,0.8283375,0.0704558579857808
1.0,1.4434256553649902,thin,GLM,2,0.0847596837412311,0.8712850363228086,0.7726533367166332,0.9405416666666666,0.2595304756300869
1.0,1.4434256553649902,thin,GLM,3,0.305789851544197,0.8701861633495469,0.8740085195320211,0.8098,0.048566572656987717
1.0,1.4434256553649902,thin,GLM,4,0.10748487770604057,0.7306082107642395,0.7846239170455598,0.8130791666666666,0.09916799959901712
1.0,1.4434256553649902,thin,GLM,5,0.24371626867248436,0.7476843121649692,0.7393247199138117,0.7525583333333333,0.07042405573022359
1.0,1.4434256553649902,thin,GLM,6,0.17681507208363118,0.797348852931758,0.7876911500532279,0.8253375000000001,0.05719699617728691
1.0,1.4434256553649902,thin,GLM,7,0.11350242278225316,0.7572887872442334,0.7218499897788956,0.8095166666666668,0.04505987104207998
1.0,1.4434256553649902,thin,GLM,8,0.12874841382503044,0.8172477584243585,0.8280982775357456,0.8613333333333334,0.0948522716817981
1.0,1.4434256553649902,thin,GLM,9,0.2930823056318897,0.6553581668502875,0.5877072535387681,0.7747291666666667,0.13547722935767925
1.0,1.4434256553649902,thin,GLM,10,0.08860196369515083,0.9139351798719678,0.9160794467013029,0.9418916666666666,0.1060933128394943
1.0,1.4434256553649902,thin,GLM,11,0.160309870907002,0.6499962158438577,0.6487976941519942,0.7231166666666667,0.07246742148488694
1.0,1.4434256553649902,thin,GLM,12,0.22909631915712692,0.6114124627858948,0.5189279562448198,0.6796833333333333,0.09415685898429937
1.0,1.4434256553649902,thin,GLM,13,0.13850193284165585,0.8608863898304637,0.8879992400051467,0.8237625,0.054672456449630924
1.0,1.4434256553649902,thin,GLM,14,0.16774753280377475,0.7159512479824828,0.6931441307713702,0.7791374999999999,0.11551855723842641
1.0,1.4434256553649902,thin,GLM,15,0.3322802562985705,0.7342697237913676,0.6756442164106105,0.6753666666666667,0.13273216556649414
1.0,1.4434256553649902,thin,GLM,16,0.3414795240340664,0.7957774144225351,0.7472211399965527,0.6795249999999999,0.03909502737302417
1.0,1.4434256553649902,thin,GLM,17,0.3047133565577816,0.8037138125352354,0.8305033424972583,0.7585,0.03830142496798339
1.0,1.4434256553649902,thin,GLM,18,0.11675205978388173,0.7277753068835975,0.7605817060719541,0.8049999999999999,0.04310445215221559
1.0,1.4434256553649902,thin,GLM,19,0.12538027345132455,0.7433300678068105,0.792458832395647,0.8333250000000001,0.031446344074030574
1.0,1.4434256553649902,thin,GLM,20,0.09756651019601381,0.7941199741324396,0.8741943887414859,0.8730125000000001,0.1380125154813967
1.0,1.4434256553649902,thin,GLM,21,0.10753961501706992,0.7251810867660111,0.6647536649593798,0.7512875,0.078685319481
1.0,1.4434256553649902,thin,GLM,22,0.15807916540509293,0.753741781409403,0.7641428089163568,0.8420208333333333,0.12003666947350455
1.0,1.4434256553649902,thin,GLM,23,0.060213674683332635,0.8171073706666666,0.8654631852921578,0.8767458333333333,0.0736767311584593
1.0,1.4434256553649902,thin,GLM,24,0.144997532652204,0.6882800544772308,0.6787693161004231,0.7893083333333334,0.13697347214135303
1.0,1.4434256553649902,thin,GLM,25,0.15175846783405206,0.8821538185645553,0.8953425719793562,0.8725875000000001,0.052832212850429494
1.0,1.4434256553649902,thin,GLM,26,0.23491513732847308,0.9023703326651749,0.8638818838497045,0.9286666666666666,0.050961156686096576
1.0,1.4434256553649902,thin,GLM,27,0.33933840204810717,0.8244248559958107,0.7966147026955367,0.8363499999999999,0.1340841774375816
1.0,1.4434256553649902,thin,GLM,28,0.1773390753896233,0.7985478569967802,0.8256511225351276,0.8020208333333334,0.1380724633518785
1.0,1.4434256553649902,thin,GLM,29,0.16978730404597858,0.7648621862942719,0.7803406617473515,0.8378208333333333,0.01997812749463923
1.0,1.4434256553649902,thin,BRT,0,0.276053932602442,0.6564039059940682,0.6538980445986972,0.8161458333333335,0.26844082381656664
1.0,1.4434256553649902,thin,BRT,1,0.2751094017890158,0.8684374249811844,0.884821232129712,0.8534208333333334,0.08625120567916378
1.0,1.4434256553649902,thin,BRT,2,0.0847596837412311,0.8678210675565088,0.7527901335368484,0.9367833333333333,0.40423038990152016
1.0,1.4434256553649902,thin,BRT,3,0.305789851544197,0.8799210422074749,0.8637187880615076,0.8386583333333334,0.0811003560522221
1.0,1.4434256553649902,thin,BRT,4,0.10748487770604057,0.7232223020367334,0.764293602371027,0.8363291666666667,0.23825368015868764
1.0,1.4434256553649902,thin,BRT,5,0.24371626867248436,0.7423729735728631,0.7413416969447723,0.7622499999999999,0.13830059891845392
1.0,1.4434256553649902,thin,BRT,6,0.17681507208363118,0.7739532421332003,0.7382459034676867,0.8215458333333334,0.1439857003025029
1.0,1.4434256553649902,thin,BRT,7,0.11350242278225316,0.7631136330956846,0.7102257872659123,0.8351916666666667,0.3058136384450558
1.0,1.4434256553649902,thin,BRT,8,0.12874841382503044,0.8059608110380929,0.7836551507358794,0.8893,0.22288655773742794
1.0,1.4434256553649902,thin,BRT,9,0.2930823056318897,0.6639442303593814,0.5981421702148415,0.7882541666666667,0.3213532554613945
1.0,1.4434256553649902,thin,BRT,10,0.08860196369515083,0.9197180225012191,0.8715890641099076,0.9316416666666668,0.1269630611382201
1.0,1.4434256553649902,thin,BRT,11,0.160309870907002,0.6574598392652125,0.6825305199338441,0.7770416666666666,0.16512432435882707
1.0,1.4434256553649902,thin,BRT,12,0.22909631915712692,0.6087920410639398,0.4886521969492966,0.7180666666666665,0.24079558491548392
1.0,1.4434256553649902,thin,BRT,13,0.13850193284165585,0.8591307160264471,0.8751711884718245,0.8516041666666667,0.07938666875517841
1.0,1.4434256553649902,thin,BRT,14,0.16774753280377475,0.7143810539407762,0.689087632855362,0.7662875,0.2441550540642834
1.0,1.4434256553649902,thin,BRT,15,0.3322802562985705,0.7283855573257659,0.6539231201517505,0.75495,0.29687748002977477
1.0,1.4434256553649902,thin,BRT,16,0.3414795240340664,0.7983848238311526,0.7445766305005584,0.6876333333333333,0.04654015486876861
1.0,1.4434256553649902,thin,BRT,17,0.3047133565577816,0.8023466971742965,0.8189344042439425,0.8067916666666667,0.025269054396204527
1.0,1.4434256553649902,thin,BRT,18,0.11675205978388173,0.7316917282149595,0.7651754034627992,0.8203916666666667,0.10221313348349881
1.0,1.4434256553649902,thin,BRT,19,0.12538027345132455,0.751759786963988,0.798684007491955,0.8434833333333334,0.02893087594727828
1.0,1.4434256553649902,thin,BRT,20,0.09756651019601381,0.8048297876929326,0.8600968305737329,0.8904624999999999,0.24274359599974538
1.0,1.4434256553649902,thin,BRT,21,0.10753961501706992,0.7468203094072337,0.7119153628019749,0.7947958333333334,0.07120737405858246
1.0,1.4434256553649902,thin,BRT,22,0.15807916540509293,0.7526195269971644,0.7868499762056655,0.8436208333333333,0.2455807722172143
1.0,1.4434256553649902,thin,BRT,23,0.060213674683332635,0.8427400533333333,0.8480226240784846,0.9031041666666667,0.17545014626713717
1.0,1.4434256553649902,thin,BRT,24,0.144997532652204,0.6918266877535986,0.7004300422456639,0.7910833333333334,0.17770687147114794
1.0,1.4434256553649902,thin,BRT,25,0.15175846783405206,0.8768732414515557,0.8590523501927751,0.8724624999999999,0.15876444323367989
1.0,1.4434256553649902,thin,BRT,26,0.23491513732847308,0.9009691895102834,0.80178264859547,0.9305416666666666,0.15921212336814083
1.0,1.4434256553649902,thin,BRT,27,0.33933840204810717,0.8339802556493952,0.7963335663318132,0.829375,0.2036846206130688
1.0,1.4434256553649902,thin,BRT,28,0.1773390753896233,0.8099458531832759,0.8294654808825241,0.8181708333333333,0.21887908660522504
1.0,1.4434256553649902,thin,BRT,29,0.16978730404597858,0.7687623582145603,0.7801623124311238,0.8668208333333334,0.0949315940716946
1.0,1.4434256553649902,thin,RF,0,0.276053932602442,0.6417669152211635,0.5815901865017107,0.8385291666666668,0.39315402867081206
1.0,1.4434256553649902,thin,RF,1,0.2751094017890158,0.8603300579510211,0.8553875986544692,0.8406708333333335,0.07539818593041547
1.0,1.4434256553649902,thin,RF,2,0.0847596837412311,0.8818593653235266,0.7792650667256907,0.935975,0.2287442895052968
1.0,1.4434256553649902,thin,RF,3,0.305789851544197,0.8882316741467157,0.8856987163099664,0.8458916666666666,0.0669406300766453
1.0,1.4434256553649902,thin,RF,4,0.10748487770604057,0.7120932336065553,0.7145925907359882,0.8381125,0.27218296583353896
1.0,1.4434256553649902,thin,RF,5,0.24371626867248436,0.7516510147493992,0.7566275822817181,0.764,0.07462401754994674
1.0,1.4434256553649902,thin,RF,6,0.17681507208363118,0.7920279101212354,0.7742663528409922,0.8398666666666665,0.19038838529290214
1.0,1.4434256553649902,thin,RF,7,0.11350242278225316,0.7665120906649034,0.7062329260229478,0.8461958333333333,0.35371625146855246
1.0,1.4434256553649902,thin,RF,8,0.12874841382503044,0.8124071170621416,0.8270909339689004,0.8866833333333333,0.13205672301884963
1.0,1.4434256553649902,thin,RF,9,0.2930823056318897,0.6659710414977543,0.597044453576255,0.7837083333333332,0.3143951974845697
1.0,1.4434256553649902,thin,RF,10,0.08860196369515083,0.9292464284035973,0.7935482092820295,0.9341916666666668,0.10487788704637058
1.0,1.4434256553649902,thin,RF,11,0.160309870907002,0.6501105947187141,0.6529237055138326,0.7932375,0.20020482214355573
1.0,1.4434256553649902,thin,RF,12,0.22909631915712692,0.5933488922317056,0.4058039851641662,0.751525,0.31039217834141675
1.0,1.4434256553649902,thin,RF,13,0.13850193284165585,0.8592566720511261,0.8563537490371426,0.8587458333333332,0.0678810211666846
1.0,1.4434256553649902,thin,RF,14,0.16774753280377475,0.6976304179588926,0.5858247671265386,0.7729916666666667,0.34200137091607075
1.0,1.4434256553649902,thin,RF,15,0.3322802562985705,0.7189289684725232,0.6278185943221072,0.7679416666666665,0.3788995398960663
1.0,1.4434256553649902,thin,RF,16,0.3414795240340664,0.8098110744637053,0.7538581260742975,0.7328625000000001,0.05230720120110943
1.0,1.4434256553649902,thin,RF,17,0.3047133565577816,0.8147902353016158,0.8429246919240737,0.8347166666666667,0.06768104931479935
1.0,1.4434256553649902,thin,RF,18,0.11675205978388173,0.7327943383905959,0.7315309168791619,0.821625,0.09007490723181166
1.0,1.4434256553649902,thin,RF,19,0.12538027345132455,0.7626353930283649,0.8267336166271567,0.8562625,0.021480754503458654
1.0,1.4434256553649902,thin,RF,20,0.09756651019601381,0.8085011058993331,0.8481609837717748,0.9039250000000001,0.12431068991907557
1.0,1.4434256553649902,thin,RF,21,0.10753961501706992,0.7453124567999684,0.6718717502312439,0.7961,0.06374743417446038
1.0,1.4434256553649902,thin,RF,22,0.15807916540509293,0.7560569835721898,0.7606982944773512,0.8395250000000001,0.2568697365967273
1.0,1.4434256553649902,thin,RF,23,0.060213674683332635,0.8247737599999999,0.7992860294207873,0.9001166666666666,0.22796310966005429
1.0,1.4434256553649902,thin,RF,24,0.144997532652204,0.686080506790963,0.6767452699135885,0.7832708333333332,0.21791600904778985
1.0,1.4434256553649902,thin,RF,25,0.15175846783405206,0.88384919556845,0.8764073502984425,0.8861375,0.052897381847792135
1.0,1.4434256553649902,thin,RF,26,0.23491513732847308,0.9178361741640395,0.8145738964455328,0.9363041666666666,0.09483105728908758
1.0,1.4434256553649902,thin,RF,27,0.33933840204810717,0.841631711803644,0.7850112016969553,0.8355374999999999,0.17957385311445107
1.0,1.4434256553649902,thin,RF,28,0.1773390753896233,0.8068544521047039,0.805888472324732,0.8207708333333333,0.16861843399265597
1.0,1.4434256553649902,thin,RF,29,0.16978730404597858,0.7832828314998612,0.8203711516878137,0.8780333333333333,0.08959548951310659
1.0,1.4434256553649902,thin,MLP,0,0.276053932602442,0.6237421768689028,0.5281367543140982,0.7583541666666666,0.1609594212029738
1.0,1.4434256553649902,thin,MLP,1,0.2751094017890158,0.8631864056883727,0.8969791549858546,0.8390875,0.08795383430098158
1.0,1.4434256553649902,thin,MLP,2,0.0847596837412311,0.8511959818289704,0.7538708957034834,0.918375,0.2716881223521411
1.0,1.4434256553649902,thin,MLP,3,0.305789851544197,0.8649053802526351,0.8699977922832185,0.8151083333333333,0.026612346891168315
1.0,1.4434256553649902,thin,MLP,4,0.10748487770604057,0.6980492036422069,0.6812428938269341,0.7976041666666667,0.10034146568869107
1.0,1.4434256553649902,thin,MLP,5,0.24371626867248436,0.6990092514671258,0.6208332139098771,0.7075333333333333,0.022912811422492352
1.0,1.4434256553649902,thin,MLP,6,0.17681507208363118,0.7847046392618127,0.7569668981183866,0.8182875000000001,0.13796792335669972
1.0,1.4434256553649902,thin,MLP,7,0.11350242278225316,0.7280869762299288,0.6228147022147388,0.7834,0.1519686293891167
1.0,1.4434256553649902,thin,MLP,8,0.12874841382503044,0.7898476197286584,0.7856479206076106,0.8252166666666666,0.07828316207227748
1.0,1.4434256553649902,thin,MLP,9,0.2930823056318897,0.6519333691832455,0.5767528790656621,0.7158541666666668,0.10780788522315288
1.0,1.4434256553649902,thin,MLP,10,0.08860196369515083,0.9045183933113236,0.8982139652205788,0.92385,0.0854212844870722
1.0,1.4434256553649902,thin,MLP,11,0.160309870907002,0.6223789483352469,0.5417654804663385,0.6642083333333333,0.030854385958892006
1.0,1.4434256553649902,thin,MLP,12,0.22909631915712692,0.5806272510314539,0.3714780019338771,0.5919833333333332,0.1065643708044769
1.0,1.4434256553649902,thin,MLP,13,0.13850193284165585,0.8382688873630905,0.8661746434269418,0.8124708333333333,0.07739731922856763
1.0,1.4434256553649902,thin,MLP,14,0.16774753280377475,0.6454797523726804,0.5053934413881539,0.7107958333333333,0.13258452999592651
1.0,1.4434256553649902,thin,MLP,15,0.3322802562985705,0.6510828999208202,0.4660503380666854,0.6365083333333333,0.10832062739162396
1.0,1.4434256553649902,thin,MLP,16,0.3414795240340664,0.723612366975321,0.5762913509794361,0.664425,0.03752972721864467
1.0,1.4434256553649902,thin,MLP,17,0.3047133565577816,0.7845661362282864,0.7846990331921143,0.75715,0.02187620591173367
1.0,1.4434256553649902,thin,MLP,18,0.11675205978388173,0.729204068604304,0.7683548422485504,0.790675,0.060971244070272546
1.0,1.4434256553649902,thin,MLP,19,0.12538027345132455,0.738962263937501,0.7999909133454332,0.7886166666666666,0.009682062481146336
1.0,1.4434256553649902,thin,MLP,20,0.09756651019601381,0.7814958711438413,0.841530514950491,0.8757625,0.12947503000229799
1.0,1.4434256553649902,thin,MLP,21,0.10753961501706992,0.7005650680622808,0.6219261831586222,0.7133375000000001,0.048795457638802
1.0,1.4434256553649902,thin,MLP,22,0.15807916540509293,0.7472047290277861,0.7201467841612573,0.8220791666666667,0.21569182781554408
1.0,1.4434256553649902,thin,MLP,23,0.060213674683332635,0.8074628266666667,0.8406242413519172,0.8398291666666665,0.07396164260488247
1.0,1.4434256553649902,thin,MLP,24,0.144997532652204,0.6591757584930974,0.5985957902505087,0.7293499999999999,0.10335649831125004
1.0,1.4434256553649902,thin,MLP,25,0.15175846783405206,0.8648537074868924,0.8458412568890551,0.8794208333333333,0.12727721416787252
1.0,1.4434256553649902,thin,MLP,26,0.23491513732847308,0.8619210125821953,0.7787881037153312,0.9293416666666667,0.08351298849596922
1.0,1.4434256553649902,thin,MLP,27,0.33933840204810717,0.7519433460441927,0.6629481435739947,0.7611083333333333,0.09224427718935568
1.0,1.4434256553649902,thin,MLP,28,0.1773390753896233,0.778898435142978,0.7965951747706402,0.7780708333333333,0.12179848869222554
1.0,1.4434256553649902,thin,MLP,29,0.16978730404597858,0.7547184462867677,0.7720750601304271,0.8157625,0.05380225905764768
1.0,1.4434256553649902,thin,CNN,0,0.276053932602442,0.6057045357494549,0.45525903717851335,0.7669041666666667,0.16668588616798852
1.0,1.4434256553649902,thin,CNN,1,0.2751094017890158,0.827472779828292,0.7589310590218544,0.7881208333333334,0.05914908997881485
1.0,1.4434256553649902,thin,CNN,2,0.0847596837412311,0.8191839406210832,0.5480862096709596,0.9086,0.1775954560853341
1.0,1.4434256553649902,thin,CNN,3,0.305789851544197,0.8204442790868175,0.7488920738515693,0.7678416666666668,0.03815351509469189
1.0,1.4434256553649902,thin,CNN,4,0.10748487770604057,0.6755394244726102,0.5952735119402464,0.7916041666666667,0.08175902765707843
1.0,1.4434256553649902,thin,CNN,5,0.24371626867248436,0.6697701542502787,0.5234055655449416,0.7127916666666667,0.02392820435007237
1.0,1.4434256553649902,thin,CNN,6,0.17681507208363118,0.772361812447168,0.6964705913139488,0.7965208333333333,0.08356056343054497
1.0,1.4434256553649902,thin,CNN,7,0.11350242278225316,0.7163477893254081,0.5438074238724921,0.810225,0.1308969062714853
1.0,1.4434256553649902,thin,CNN,8,0.12874841382503044,0.7446809967768414,0.6107741337622257,0.8527416666666666,0.11345111218227244
1.0,1.4434256553649902,thin,CNN,9,0.2930823056318897,0.6182269870341702,0.4333579342497073,0.7261208333333333,0.15838680961544704
1.0,1.4434256553649902,thin,CNN,10,0.08860196369515083,0.872125088310958,0.556308555388002,0.8976083333333333,0.06623660957976785
1.0,1.4434256553649902,thin,CNN,11,0.160309870907002,0.6080356371986222,0.47230336952324825,0.690675,0.034306903873782324
1.0,1.4434256553649902,thin,CNN,12,0.22909631915712692,0.5773155377079469,0.3401689170934479,0.6124333333333333,0.1125394422199465
1.0,1.4434256553649902,thin,CNN,13,0.13850193284165585,0.803309725194652,0.6936248424698113,0.8048791666666666,0.0877015974657086
1.0,1.4434256553649902,thin,CNN,14,0.16774753280377475,0.637936418258492,0.4281668195153093,0.7201458333333333,0.15421198249561696
1.0,1.4434256553649902,thin,CNN,15,0.3322802562985705,0.615483442170367,0.35052001413262734,0.6037,0.1303639765375898
1.0,1.4434256553649902,thin,CNN,16,0.3414795240340664,0.6844652420737021,0.48568490266548714,0.6251,0.026322498055406984
1.0,1.4434256553649902,thin,CNN,17,0.3047133565577816,0.7400933928167185,0.6290377962247881,0.74415,0.01271687992467041
1.0,1.4434256553649902,thin,CNN,18,0.11675205978388173,0.691281435020094,0.610616037450914,0.7857916666666667,0.06567902020301741
1.0,1.4434256553649902,thin,CNN,19,0.12538027345132455,0.6848920792504825,0.5743390054769242,0.759675,0.019872466438853653
1.0,1.4434256553649902,thin,CNN,20,0.09756651019601381,0.7212693962009933,0.6129553904172274,0.8305041666666667,0.1349388338284585
1.0,1.4434256553649902,thin,CNN,21,0.10753961501706992,0.6621304886109314,0.4498362797417084,0.7236125,0.06323389693462977
1.0,1.4434256553649902,thin,CNN,22,0.15807916540509293,0.7207017087589774,0.6313876472663632,0.8163625,0.25467836690435397
1.0,1.4434256553649902,thin,CNN,23,0.060213674683332635,0.7578027519999999,0.6525901309931567,0.8508458333333332,0.10783697214531363
1.0,1.4434256553649902,thin,CNN,24,0.144997532652204,0.6319998415451296,0.5153834803132318,0.7220833333333334,0.12145297096044116
1.0,1.4434256553649902,thin,CNN,25,0.15175846783405206,0.8416756914355409,0.6720885515579997,0.8720125,0.09297929360156088
1.0,1.4434256553649902,thin,CNN,26,0.23491513732847308,0.7503216352901902,0.5238766056308167,0.8754083333333333,0.15304491293248357
1.0,1.4434256553649902,thin,CNN,27,0.33933840204810717,0.7452393692012299,0.6212441417532582,0.7741,0.08184257103309178
1.0,1.4434256553649902,thin,CNN,28,0.1773390753896233,0.7551198342232585,0.7134771806190833,0.7618541666666667,0.1541704880156698
1.0,1.4434256553649902,thin,CNN,29,0.16978730404597858,0.6879809685550662,0.542113977159708,0.8043041666666667,0.04083779381224195
2.0,2.5986123085021973,none,GLM,0,0.276053932602442,0.6198160314410766,0.508545610059864,0.9083333333333333,0.2549901482448137
2.0,2.5986123085021973,none,GLM,1,0.2751094017890158,0.8566804052475864,0.8772020806095051,0.9068375,0.16656313750915186
2.0,2.5986123085021973,none,GLM,2,0.0847596837412311,0.8486370221700548,0.7281287167478218,0.9252958333333333,0.20610503699443428
2.0,2.5986123085021973,none,GLM,3,0.305789851544197,0.8112968265577916,0.7614483290176206,0.8949208333333333,0.0567011413443409
2.0,2.5986123085021973,none,GLM,4,0.10748487770604057,0.6845156753956719,0.5921510152093775,0.8964833333333334,0.1378391397862363
2.0,2.5986123085021973,none,GLM,5,0.24371626867248436,0.703053450857877,0.6403657862509144,0.9221,0.07512582221461184
2.0,2.5986123085021973,none,GLM,6,0.17681507208363118,0.7812755068918839,0.7871618048054043,0.9366916666666667,0.15273489290082365
2.0,2.5986123085021973,none,GLM,7,0.11350242278225316,0.740277216942018,0.6970854020744748,0.8894083333333334,0.21034275601363162
2.0,2.5986123085021973,none,GLM,8,0.12874841382503044,0.7566421000773881,0.6986155681205388,0.954675,0.1690265668537253
2.0,2.5986123085021973,none,GLM,9,0.2930823056318897,0.5993695403113486,0.36451177571627935,0.9282958333333333,0.309990460790491
2.0,2.5986123085021973,none,GLM,10,0.08860196369515083,0.8939216922406894,0.7830284485698605,0.9578166666666666,0.11976151214735298
2.0,2.5986123085021973,none,GLM,11,0.160309870907002,0.6032279770378876,0.4698358675200896,0.9070208333333333,0.23122999591044813
2.0,2.5986123085021973,none,GLM,12,0.22909631915712692,0.5656163074582716,0.30522775834456933,0.8883583333333332,0.2247493592991917
2.0,2.5986123085021973,none,GLM,13,0.13850193284165585,0.8411988828208805,0.8147894998875772,0.93945,0.11729917503384246
2.0,2.5986123085021973,none,GLM,14,0.16774753280377475,0.6724810694541558,0.5858662646461353,0.9145666666666666,0.1595112047030075
2.0,2.5986123085021973,none,GLM,15,0.3322802562985705,0.6366204690631838,0.44623849161109613,0.8836916666666667,0.2625842632300309
2.0,2.5986123085021973,none,GLM,16,0.3414795240340664,0.7175349325129884,0.5648745894261864,0.8470708333333332,0.19302039981455288
2.0,2.5986123085021973,none,GLM,17,0.3047133565577816,0.7759132313117443,0.7763010907347526,0.901775,0.02279232706132761
2.0,2.5986123085021973,none,GLM,18,0.11675205978388173,0.6796132224093744,0.632970065204925,0.9119458333333333,0.10991098701672575
2.0,2.5986123085021973,none,GLM,19,0.12538027345132455,0.7221486410356773,0.7482283277805706,0.93715,0.08205000304308785
2.0,2.5986123085021973,none,GLM,20,0.09756651019601381,0.7622447916852886,0.7830173057760432,0.9528583333333334,0.23464783715545
2.0,2.5986123085021973,none,GLM,21,0.10753961501706992,0.6737134687589281,0.561768406091435,0.8393791666666667,0.06836728977244166
2.0,2.5986123085021973,none,GLM,22,0.15807916540509293,0.7173018016030195,0.6463953516499883,0.9243375,0.18815061284961643
2.0,2.5986123085021973,none,GLM,23,0.060213674683332635,0.7553634986666667,0.6851190792642975,0.9597916666666666,0.28052996894425986
2.0,2.5986123085021973,none,GLM,24,0.144997532652204,0.6423304335613792,0.5680729336016823,0.8880333333333333,0.23181665042082633
2.0,2.5986123085021973,none,GLM,25,0.15175846783405206,0.843807831915,0.8059777934734443,0.9195458333333333,0.18068499335819044
2.0,2.5986123085021973,none,GLM,26,0.23491513732847308,0.8237261355700342,0.6801677884584193,0.972375,0.07154274108370307
2.0,2.5986123085021973,none,GLM,27,0.33933840204810717,0.7396407391991263,0.6620427874581069,0.9579708333333333,0.11210519642474503
2.0,2.5986123085021973,none,GLM,28,0.1773390753896233,0.7523177781635598,0.711014450367036,0.9209458333333334,0.2420357798546422
2.0,2.5986123085021973,none,GLM,29,0.16978730404597858,0.7190257743036212,0.671112475272781,0.9545875,0.07034973697451063
2.0,2.5986123085021973,none,BRT,0,0.276053932602442,0.6328621289833453,0.5605826576017063,0.9267916666666667,0.43672733649380147
2.0,2.5986123085021973,none,BRT,1,0.2751094017890158,0.8433140418394127,0.8399369757243523,0.9132291666666665,0.2742845734059405
2.0,2.5986123085021973,none,BRT,2,0.0847596837412311,0.8601699870523097,0.7571569298398764,0.9355625,0.35269139424925555
2.0,2.5986123085021973,none,BRT,3,0.305789851544197,0.8653453259355479,0.8243463586757717,0.9443791666666668,0.15532337639290794
2.0,2.5986123085021973,none,BRT,4,0.10748487770604057,0.6757997115832295,0.5911281655686788,0.9246916666666667,0.3459801793454861
2.0,2.5986123085021973,none,BRT,5,0.24371626867248436,0.7030412765053731,0.6356176799957709,0.9115333333333333,0.1965243359259754
2.0,2.5986123085021973,none,BRT,6,0.17681507208363118,0.7769949830871907,0.7599924901935811,0.9457083333333333,0.2447263590702785
2.0,2.5986123085021973,none,BRT,7,0.11350242278225316,0.7505251268103947,0.7091246220507367,0.916775,0.4769474546555216
2.0,2.5986123085021973,none,BRT,8,0.12874841382503044,0.7400125576798098,0.585523404826767,0.9762083333333333,0.4281420295496384
2.0,2.5986123085021973,none,BRT,9,0.2930823056318897,0.6005987757044802,0.3623099605241116,0.9224958333333334,0.5063790056014643
2.0,2.5986123085021973,none,BRT,10,0.08860196369515083,0.9155773792453832,0.7880043115711882,0.9577416666666666,0.18022239735578993
2.0,2.5986123085021973,none,BRT,11,0.160309870907002,0.5973130929965557,0.4413140362311864,0.9412874999999999,0.40736637927183506
2.0,2.5986123085021973,none,BRT,12,0.22909631915712692,0.570736419626738,0.3313292478941839,0.9237583333333333,0.319592267792268
2.0,2.5986123085021973,none,BRT,13,0.13850193284165585,0.8482068579122856,0.836107365740145,0.9405083333333333,0.11270138603847746
2.0,2.5986123085021973,none,BRT,14,0.16774753280377475,0.6733264197298182,0.5907336976640243,0.9064416666666667,0.3375266358621798
2.0,2.5986123085021973,none,BRT,15,0.3322802562985705,0.6335805138495566,0.42632938290060246,0.887325,0.39490349814219283
2.0,2.5986123085021973,none,BRT,16,0.3414795240340664,0.6852655260895149,0.471792382480727,0.8676291666666666,0.35313150809567706
2.0,2.5986123085021973,none,BRT,17,0.3047133565577816,0.7882148641860761,0.7825563955569123,0.9014,0.030831859524999117
2.0,2.5986123085021973,none,BRT,18,0.11675205978388173,0.6692868821011788,0.5824546941091314,0.9496375,0.25563129692664965
2.0,2.5986123085021973,none,BRT,19,0.12538027345132455,0.7172274774825731,0.7012728655564028,0.937625,0.1342920681320091
2.0,2.5986123085021973,none,BRT,20,0.09756651019601381,0.7612582362886533,0.748119604691582,0.9568666666666668,0.4721411240958395
2.0,2.5986123085021973,none,BRT,21,0.10753961501706992,0.7050060701383675,0.6107752587078513,0.8785291666666666,0.1251946825480459
2.0,2.5986123085021973,none,BRT,22,0.15807916540509293,0.7495349024230323,0.7252827827289844,0.9458625,0.2844920227080462
2.0,2.5986123085021973,none,BRT,23,0.060213674683332635,0.7739793706666668,0.6745910655343524,0.961325,0.4004127910977324
2.0,2.5986123085021973,none,BRT,24,0.144997532652204,0.63568513279642,0.5213681998496255,0.9064083333333333,0.38607086997379503
2.0,2.5986123085021973,none,BRT,25,0.15175846783405206,0.82469466069199,0.7542734429982805,0.9354708333333334,0.37351475139877466
2.0,2.5986123085021973,none,BRT,26,0.23491513732847308,0.8890914745759434,0.7175120109210299,0.9776,0.18593221045265007
2.0,2.5986123085021973,none,BRT,27,0.33933840204810717,0.7588418236502543,0.6611660138840226,0.9685958333333334,0.2589407584055381
2.0,2.5986123085021973,none,BRT,28,0.1773390753896233,0.7708312661868136,0.7246554416651498,0.9429208333333333,0.3923390835565679
2.0,2.5986123085021973,none,BRT,29,0.16978730404597858,0.6936485272774533,0.5833790355560424,0.9634625,0.2506961321108383
2.0,2.5986123085021973,none,RF,0,0.276053932602442,0.593209844126272,0.3758566684274855,0.9123291666666667,0.26223657056455163
2.0,2.5986123085021973,none,RF,1,0.2751094017890158,0.8093900392449781,0.7468209677114567,0.9092125,0.1711496078949294
2.0,2.5986123085021973,none,RF,2,0.0847596837412311,0.8751313332139882,0.777371053506934,0.9410916666666667,0.22462369206948352
2.0,2.5986123085021973,none,RF,3,0.305789851544197,0.8720278007154564,0.8485645785962053,0.9537749999999999,0.08438644061144396
2.0,2.5986123085021973,none,RF,4,0.10748487770604057,0.6440712603028022,0.47505721307491305,0.9364749999999998,0.37751977950010507
2.0,2.5986123085021973,none,RF,5,0.24371626867248436,0.6972043112709962,0.6251403157355006,0.9064208333333333,0.22854990707209188
2.0,2.5986123085021973,none,RF,6,0.17681507208363118,0.734022075794207,0.5769099732693141,0.9525625,0.1445681622256444
2.0,2.5986123085021973,none,RF,7,0.11350242278225316,0.7426714175826524,0.6564510530191928,0.9291333333333334,0.28331664598189166
2.0,2.5986123085021973,none,RF,8,0.12874841382503044,0.737802645286503,0.6112930475146254,0.9695208333333333,0.27514567264156053
2.0,2.5986123085021973,none,RF,9,0.2930823056318897,0.5881097046963814,0.31752971360125587,0.9368041666666667,0.2889030629801411
2.0,2.5986123085021973,none,RF,10,0.08860196369515083,0.9107295116659171,0.6370250192036605,0.9532541666666665,0.10109932342350647
2.0,2.5986123085021973,none,RF,11,0.160309870907002,0.5408683260619978,0.2239798219025931,0.9444833333333333,0.49611623299714713
2.0,2.5986123085021973,none,RF,12,0.22909631915712692,0.5184669467268374,0.07751723968609246,0.9158708333333334,0.3985973434656349
2.0,2.5986123085021973,none,RF,13,0.13850193284165585,0.8315022584052324,0.7738640980403189,0.9388583333333334,0.03691994041900515
2.0,2.5986123085021973,none,RF,14,0.16774753280377475,0.6190389172461218,0.35576892923343745,0.9190416666666668,0.5043642403307835
2.0,2.5986123085021973,none,RF,15,0.3322802562985705,0.5851745722661491,0.2819759996574807,0.8713708333333332,0.41672707696564926
2.0,2.5986123085021973,none,RF,16,0.3414795240340664,0.692804741219163,0.45904796301462786,0.8814541666666666,0.2745559360061942
2.0,2.5986123085021973,none,RF,17,0.3047133565577816,0.790715306727634,0.7789188649408535,0.9171833333333334,0.023341881224640093
2.0,2.5986123085021973,none,RF,18,0.11675205978388173,0.6612122596590528,0.5162569408522724,0.9474541666666668,0.23368754118958457
2.0,2.5986123085021973,none,RF,19,0.12538027345132455,0.704256500697978,0.6493779197175473,0.9284458333333332,0.1015784508500136
2.0,2.5986123085021973,none,RF,20,0.09756651019601381,0.7577785200290786,0.7363007330137878,0.9549083333333332,0.27370860483686765
2.0,2.5986123085021973,none,RF,21,0.10753961501706992,0.6835989691948244,0.5158894171293531,0.870925,0.1668736158516242
2.0,2.5986123085021973,none,RF,22,0.15807916540509293,0.7106635253959517,0.5589038673235447,0.9451041666666666,0.19330483739641924
2.0,2.5986123085021973,none,RF,23,0.060213674683332635,0.7181275946666668,0.5304959117688416,0.9489291666666666,0.32743751005602895
2.0,2.5986123085021973,none,RF,24,0.144997532652204,0.5988666431694354,0.42292378014018556,0.9047958333333334,0.3704124418560445
2.0,2.5986123085021973,none,RF,25,0.15175846783405206,0.838448035660419,0.7776834032483384,0.9345125000000001,0.1051838704557343
2.0,2.5986123085021973,none,RF,26,0.23491513732847308,0.7882934118736027,0.5045977054389894,0.9751666666666667,0.15834170669583325
2.0,2.5986123085021973,none,RF,27,0.33933840204810717,0.7209648392568624,0.5345753600646468,0.9755208333333332,0.1845059180272136
2.0,2.5986123085021973,none,RF,28,0.1773390753896233,0.7286018682377202,0.585455911861111,0.9384999999999999,0.2942997808561991
2.0,2.5986123085021973,none,RF,29,0.16978730404597858,0.7005700532130766,0.5782591666207659,0.9633291666666666,0.17736796680767886
2.0,2.5986123085021973,none,MLP,0,0.276053932602442,0.6190259707864255,0.5089162340192305,0.9041416666666666,0.29107765098316807
2.0,2.5986123085021973,none,MLP,1,0.2751094017890158,0.8560481626371426,0.8894422845456794,0.9030125,0.15029335666185928
2.0,2.5986123085021973,none,MLP,2,0.0847596837412311,0.8474820658054866,0.7691544303244642,0.9259208333333334,0.2577356208067536
2.0,2.5986123085021973,none,MLP,3,0.305789851544197,0.8018203960734962,0.7396464526230957,0.8912375,0.07136239516282317
2.0,2.5986123085021973,none,MLP,4,0.10748487770604057,0.6634343710648962,0.5131799556485713,0.8812833333333334,0.20589319366289027
2.0,2.5986123085021973,none,MLP,5,0.24371626867248436,0.6910353039241512,0.6104347842758014,0.8963083333333335,0.12002542806550587
2.0,2.5986123085021973,none,MLP,6,0.17681507208363118,0.7852623089647036,0.7437000085981424,0.9344083333333334,0.25232129108551704
2.0,2.5986123085021973,none,MLP,7,0.11350242278225316,0.7321543065495248,0.6539559321405414,0.9041583333333334,0.30621775104353455
2.0,2.5986123085021973,none,MLP,8,0.12874841382503044,0.7571732933131222,0.6639049214249926,0.9627583333333333,0.1994109485169554
2.0,2.5986123085021973,none,MLP,9,0.2930823056318897,0.6106885385528207,0.415102855141169,0.9164541666666666,0.2843300385084062
2.0,2.5986123085021973,none,MLP,10,0.08860196369515083,0.8977699275055933,0.8642829195116079,0.9486833333333333,0.10219006539906361
2.0,2.5986123085021973,none,MLP,11,0.160309870907002,0.5578406980482205,0.2856387941305084,0.9261708333333334,0.2170988564326346
2.0,2.5986123085021973,none,MLP,12,0.22909631915712692,0.5555475992186617,0.25946082401188675,0.8821333333333332,0.19495879577690534
2.0,2.5986123085021973,none,MLP,13,0.13850193284165585,0.8375686609288143,0.8743401117256052,0.9288833333333334,0.14453676875863497
2.0,2.5986123085021973,none,MLP,14,0.16774753280377475,0.6022345667433149,0.3918853033473433,0.8653416666666667,0.2489342371140867
2.0,2.5986123085021973,none,MLP,15,0.3322802562985705,0.6006847025114709,0.36473627914170836,0.8680416666666666,0.2609205305453207
2.0,2.5986123085021973,none,MLP,16,0.3414795240340664,0.6613690985872754,0.42234445329621984,0.8058541666666666,0.14814910803420533
2.0,2.5986123085021973,none,MLP,17,0.3047133565577816,0.7670201376739222,0.7538011416139615,0.889025,0.04328954368231408
2.0,2.5986123085021973,none,MLP,18,0.11675205978388173,0.6780292419379901,0.6103595111629244,0.9175625000000001,0.161648287737035
2.0,2.5986123085021973,none,MLP,19,0.12538027345132455,0.7179157607281597,0.7418958202495997,0.90995,0.0762552313705076
2.0,2.5986123085021973,none,MLP,20,0.09756651019601381,0.7692926725072052,0.8413437494062608,0.9537416666666667,0.29559913282745764
2.0,2.5986123085021973,none,MLP,21,0.10753961501706992,0.6645122956544665,0.5338422189316107,0.8165625000000001,0.13678158228244464
2.0,2.5986123085021973,none,MLP,22,0.15807916540509293,0.7470289383843061,0.7104905969749794,0.9311541666666667,0.3329014279166117
2.0,2.5986123085021973,none,MLP,23,0.060213674683332635,0.74431872,0.6774125075532191,0.9521666666666666,0.24002049318044882
2.0,2.5986123085021973,none,MLP,24,0.144997532652204,0.6227391885436809,0.48849767150303297,0.8886083333333333,0.2363996061651339
2.0,2.5986123085021973,none,MLP,25,0.15175846783405206,0.8123121943267289,0.7249106286733301,0.8993541666666666,0.24077740184970098
2.0,2.5986123085021973,none,MLP,26,0.23491513732847308,0.8981358070976426,0.7838209659884069,0.9766166666666667,0.19483546958605735
2.0,2.5986123085021973,none,MLP,27,0.33933840204810717,0.7022852021429434,0.5756475066095905,0.9578375,0.14249763556178174
2.0,2.5986123085021973,none,MLP,28,0.1773390753896233,0.7272780492509259,0.6348521595732757,0.9185791666666666,0.31534135582026224
2.0,2.5986123085021973,none,MLP,29,0.16978730404597858,0.7329918686415549,0.6990848670808713,0.9528291666666666,0.1363318384746327
2.0,2.5986123085021973,none,CNN,0,0.276053932602442,0.6132790423542656,0.467743020797164,0.8881,0.30406906725957106
2.0,2.5986123085021973,none,CNN,1,0.2751094017890158,0.7891950121206075,0.6901040621073128,0.8942875,0.20355590599799445
2.0,2.5986123085021973,none,CNN,2,0.0847596837412311,0.8190246972575437,0.572407411528415,0.9065791666666666,0.24329449940987435
2.0,2.5986123085021973,none,CNN,3,0.305789851544197,0.7691520069789837,0.5657299423690978,0.8581125,0.03362196108197302
2.0,2.5986123085021973,none,CNN,4,0.10748487770604057,0.634074294104159,0.40664659395593394,0.8852833333333333,0.18272028857993694
2.0,2.5986123085021973,none,CNN,5,0.24371626867248436,0.6544180218542363,0.4926130979949453,0.8881083333333333,0.05854730307758782
2.0,2.5986123085021973,none,CNN,6,0.17681507208363118,0.7115558974479129,0.5508629546932994,0.9282916666666666,0.25826826775174216
2.0,2.5986123085021973,none,CNN,7,0.11350242278225316,0.7088947183168344,0.5489804725590391,0.8866749999999999,0.28387235172683545
2.0,2.5986123085021973,none,CNN,8,0.12874841382503044,0.6902305715954515,0.42555903111242427,0.9474833333333333,0.2550050651768653
2.0,2.5986123085021973,none,CNN,9,0.2930823056318897,0.5697618436447933,0.2649442646310016,0.9072708333333332,0.29856851641246684
2.0,2.5986123085021973,none,CNN,10,0.08860196369515083,0.844130810072193,0.5536484180216519,0.949625,0.07533750958707763
2.0,2.5986123085021973,none,CNN,11,0.160309870907002,0.5303626544202067,0.1662539395618836,0.8892291666666665,0.20198504739920287
2.0,2.5986123085021973,none,CNN,12,0.22909631915712692,0.5047532181830455,0.01937102029398566,0.8705833333333333,0.2063660957999398
2.0,2.5986123085021973,none,CNN,13,0.13850193284165585,0.7812117153060267,0.6428703684728675,0.9206916666666667,0.1039322939439058
2.0,2.5986123085021973,none,CNN,14,0.16774753280377475,0.596760512981676,0.33139981792311657,0.8933916666666666,0.27247619082944097
2.0,2.5986123085021973,none,CNN,15,0.3322802562985705,0.5937215287509736,0.3121507827652498,0.8581583333333334,0.23212268702314465
2.0,2.5986123085021973,none,CNN,16,0.3414795240340664,0.6270551286483579,0.3623339965510578,0.8301875,0.1558211230209643
2.0,2.5986123085021973,none,CNN,17,0.3047133565577816,0.6470588941018856,0.37694545018180986,0.8993666666666668,0.06608959769820688
2.0,2.5986123085021973,none,CNN,18,0.11675205978388173,0.6644263532394428,0.5452206721294373,0.9376958333333333,0.1569405401006011
2.0,2.5986123085021973,none,CNN,19,0.12538027345132455,0.612761538130867,0.32514124872907857,0.8947583333333332,0.0936945466798077
2.0,2.5986123085021973,none,CNN,20,0.09756651019601381,0.691821388001987,0.5404949038886355,0.94635,0.30407281921101903
2.0,2.5986123085021973,none,CNN,21,0.10753961501706992,0.63222855934865,0.4075360787192439,0.8139291666666667,0.10930017778806456
2.0,2.5986123085021973,none,CNN,22,0.15807916540509293,0.6976261953558415,0.5424368385156262,0.9180625,0.25722158864037425
2.0,2.5986123085021973,none,CNN,23,0.060213674683332635,0.6489561813333333,0.43260343456711753,0.9567916666666667,0.31671403543991594
2.0,2.5986123085021973,none,CNN,24,0.144997532652204,0.5709212377270206,0.3436982226202766,0.8699166666666667,0.23692904429659445
2.0,2.5986123085021973,none,CNN,25,0.15175846783405206,0.7562949219132261,0.4552872311425168,0.8897624999999999,0.13620173224904475
2.0,2.5986123085021973,none,CNN,26,0.23491513732847308,0.6346178789924455,0.31192295108279583,0.9483333333333333,0.28386519089023243
2.0,2.5986123085021973,none,CNN,27,0.33933840204810717,0.6606592751229685,0.43902796864113086,0.9645958333333333,0.14377906712799182
2.0,2.5986123085021973,none,CNN,28,0.1773390753896233,0.6856294842565694,0.4522863993843228,0.8854541666666667,0.20758256776012896
2.0,2.5986123085021973,none,CNN,29,0.16978730404597858,0.6087786339789183,0.37073188802516505,0.9542291666666667,0.1749573227411374
2.0,2.5986123085021973,tgb,GLM,0,0.276053932602442,0.6092050137464954,0.4752081272160202,0.8455916666666667,0.11667054910024921
2.0,2.5986123085021973,tgb,GLM,1,0.2751094017890158,0.8793607347667198,0.9175543106838856,0.8243041666666666,0.017319145861429797
2.0,2.5986123085021973,tgb,GLM,2,0.0847596837412311,0.8780503256173202,0.7908112930845281,0.9022875,0.11334538629964308
2.0,2.5986123085021973,tgb,GLM,3,0.305789851544197,0.8540642690688302,0.8376673168831681,0.8164958333333333,0.009425125833906756
2.0,2.5986123085021973,tgb,GLM,4,0.10748487770604057,0.6896519186442457,0.6225556765283891,0.7923666666666667,0.022332736341442394
2.0,2.5986123085021973,tgb,GLM,5,0.24371626867248436,0.7769241488812935,0.8046183332430457,0.7051499999999999,0.0226076282376817
2.0,2.5986123085021973,tgb,GLM,6,0.17681507208363118,0.7972819046012208,0.8215989259879972,0.8945833333333333,0.035032408119475944
2.0,2.5986123085021973,tgb,GLM,7,0.11350242278225316,0.7343658385579876,0.6879945069882442,0.8281499999999999,0.12142809874232119
2.0,2.5986123085021973,tgb,GLM,8,0.12874841382503044,0.7831622495101311,0.7554925181117311,0.9276083333333333,0.0925643486266704
2.0,2.5986123085021973,tgb,GLM,9,0.2930823056318897,0.6329274037846214,0.49555353689688375,0.8492291666666667,0.14966501521897202
2.0,2.5986123085021973,tgb,GLM,10,0.08860196369515083,0.9226861485415404,0.8660423324193928,0.9238083333333335,0.07050708601573585
2.0,2.5986123085021973,tgb,GLM,11,0.160309870907002,0.621209405281286,0.5314485894131215,0.8461374999999999,0.011827649191214151
2.0,2.5986123085021973,tgb,GLM,12,0.22909631915712692,0.6080080603035466,0.5188198569715495,0.7473083333333334,0.02530614527765096
2.0,2.5986123085021973,tgb,GLM,13,0.13850193284165585,0.8568055135896849,0.832692912417727,0.8393333333333334,0.07234579678127417
2.0,2.5986123085021973,tgb,GLM,14,0.16774753280377475,0.6939039886276703,0.6447800407174418,0.7759666666666667,0.018941817802514804
2.0,2.5986123085021973,tgb,GLM,15,0.3322802562985705,0.7138882932281218,0.620346872468867,0.7726166666666666,0.051321353532739256
2.0,2.5986123085021973,tgb,GLM,16,0.3414795240340664,0.7919958541865108,0.7543776911929442,0.7182041666666666,0.07387672176542226
2.0,2.5986123085021973,tgb,GLM,17,0.3047133565577816,0.7994111715077372,0.8218171002010426,0.71155,0.07098554726345574
2.0,2.5986123085021973,tgb,GLM,18,0.11675205978388173,0.7184355214839194,0.722922466913806,0.8343208333333334,0.029877837610722602
2.0,2.5986123085021973,tgb,GLM,19,0.12538027345132455,0.732200565169879,0.7935859539639648,0.863875,0.016787478385710264
2.0,2.5986123085021973,tgb,GLM,20,0.09756651019601381,0.7869398461579096,0.8544505221871261,0.9108166666666666,0.10207965220713022
2.0,2.5986123085021973,tgb,GLM,21,0.10753961501706992,0.7666250807306657,0.8032631570632152,0.6760541666666666,0.07684013886577545
2.0,2.5986123085021973,tgb,GLM,22,0.15807916540509293,0.7319174766252766,0.6870403719361008,0.8698041666666666,0.07416809830344107
2.0,2.5986123085021973,tgb,GLM,23,0.060213674683332635,0.7696119466666667,0.6993686264979214,0.9315416666666667,0.19213597303718322
2.0,2.5986123085021973,tgb,GLM,24,0.144997532652204,0.6859059015591944,0.6726541629586353,0.7497083333333332,0.06151588312347811
2.0,2.5986123085021973,tgb,GLM,25,0.15175846783405206,0.8943483239248954,0.8750983322902457,0.8548375,0.030484398495827958
2.0,2.5986123085021973,tgb,GLM,26,0.23491513732847308,0.8473925900334949,0.7397689719824223,0.9430833333333334,0.005455938587013431
2.0,2.5986123085021973,tgb,GLM,27,0.33933840204810717,0.7586729348210409,0.6788467565481168,0.9023708333333332,0.05672522675959013
2.0,2.5986123085021973,tgb,GLM,28,0.1773390753896233,0.791160991616311,0.7956607991011518,0.8093125,0.052974692120772326
2.0,2.5986123085021973,tgb,GLM,29,0.16978730404597858,0.7462738707446892,0.7259222045128054,0.9250625,0.027894123114261093
2.0,2.5986123085021973,tgb,BRT,0,0.276053932602442,0.6275978123596716,0.5407441907104021,0.873575,0.15749890727167382
2.0,2.5986123085021973,tgb,BRT,1,0.2751094017890158,0.8913666281536288,0.9246206447754862,0.8226208333333334,0.016436048753486476
2.0,2.5986123085021973,tgb,BRT,2,0.0847596837412311,0.8865006676828034,0.7484176366406783,0.8996375,0.17779366348842296
2.0,2.5986123085021973,tgb,BRT,3,0.305789851544197,0.90721111044821,0.8933725133924268,0.8321625,0.01205873175279537
2.0,2.5986123085021973,tgb,BRT,4,0.10748487770604057,0.7196422147237157,0.7612594001218613,0.8358500000000001,0.002292596445911399
2.0,2.5986123085021973,tgb,BRT,5,0.24371626867248436,0.791177056387821,0.8360193098986117,0.7244333333333335,0.04852100537910542
2.0,2.5986123085021973,tgb,BRT,6,0.17681507208363118,0.8204297758821931,0.8362045210832063,0.8914583333333334,0.05536086167158605
2.0,2.5986123085021973,tgb,BRT,7,0.11350242278225316,0.7482731468373345,0.6505117510359748,0.8569333333333333,0.14722873796265568
2.0,2.5986123085021973,tgb,BRT,8,0.12874841382503044,0.8036481709715786,0.7664175365218728,0.9608166666666667,0.2239619924794506
2.0,2.5986123085021973,tgb,BRT,9,0.2930823056318897,0.6551376163181309,0.6035187435062759,0.8846541666666666,0.16300081020812685
2.0,2.5986123085021973,tgb,BRT,10,0.08860196369515083,0.9354118277950363,0.7977172678904714,0.9316,0.06604153600921236
2.0,2.5986123085021973,tgb,BRT,11,0.160309870907002,0.6262922158438575,0.559024664456408,0.8502458333333334,0.00375946479084599
2.0,2.5986123085021973,tgb,BRT,12,0.22909631915712692,0.6126224902251491,0.5450820943394521,0.782375,0.029666994642825073
2.0,2.5986123085021973,tgb,BRT,13,0.13850193284165585,0.8645552572038723,0.8733150948929689,0.8760166666666667,0.08212780115674356
2.0,2.5986123085021973,tgb,BRT,14,0.16774753280377475,0.7210691607795096,0.7255941077020155,0.7610416666666666,0.023515761899757792
2.0,2.5986123085021973,tgb,BRT,15,0.3322802562985705,0.7126633791642113,0.6176042241724001,0.7685333333333333,0.04830115077746766
2.0,2.5986123085021973,tgb,BRT,16,0.3414795240340664,0.816128769634114,0.8044633244333902,0.7613291666666667,0.061649174270973495
2.0,2.5986123085021973,tgb,BRT,17,0.3047133565577816,0.8250043935015231,0.848738677623667,0.7244416666666667,0.1238422939173478
2.0,2.5986123085021973,tgb,BRT,18,0.11675205978388173,0.7526367605873491,0.7936077098006381,0.8846291666666668,0.043424453569005594
2.0,2.5986123085021973,tgb,BRT,19,0.12538027345132455,0.7555397055596154,0.8265688758782718,0.8704333333333333,0.034597275666783056
2.0,2.5986123085021973,tgb,BRT,20,0.09756651019601381,0.7996309737853935,0.8417658492202784,0.919525,0.2781604551715997
2.0,2.5986123085021973,tgb,BRT,21,0.10753961501706992,0.7877464336901585,0.8481472978001154,0.6898958333333334,0.08854433098271652
2.0,2.5986123085021973,tgb,BRT,22,0.15807916540509293,0.7656044577236663,0.7628476117804484,0.8970291666666668,0.08025104646536607
2.0,2.5986123085021973,tgb,BRT,23,0.060213674683332635,0.829833984,0.7888968035348628,0.923,0.19170450216570112
2.0,2.5986123085021973,tgb,BRT,24,0.144997532652204,0.720826479642096,0.7257739532794507,0.801325,0.030710301602241308
2.0,2.5986123085021973,tgb,BRT,25,0.15175846783405206,0.8810376732841056,0.8310898470716976,0.8919791666666667,0.13703653961198092
2.0,2.5986123085021973,tgb,BRT,26,0.23491513732847308,0.9387506966836937,0.8131939933730841,0.9483,0.0313780757791664
2.0,2.5986123085021973,tgb,BRT,27,0.33933840204810717,0.7536686214088465,0.6385362070737075,0.9215791666666666,0.05576897412672399
2.0,2.5986123085021973,tgb,BRT,28,0.1773390753896233,0.8180044419339589,0.7920325124953208,0.8376541666666667,0.07512897146542075
2.0,2.5986123085021973,tgb,BRT,29,0.16978730404597858,0.7956977307321388,0.8236652874904593,0.9376541666666666,0.01045244347878993
2.0,2.5986123085021973,tgb,RF,0,0.276053932602442,0.5819106561358778,0.3380538094184707,0.8238208333333333,0.1310136676001017
2.0,2.5986123085021973,tgb,RF,1,0.2751094017890158,0.8891906199717121,0.9095879268192508,0.8002958333333334,0.05535443593182854
2.0,2.5986123085021973,tgb,RF,2,0.0847596837412311,0.8877839616265399,0.7051498552690552,0.8979333333333333,0.10412695049700804
2.0,2.5986123085021973,tgb,RF,3,0.305789851544197,0.9121273335789742,0.8803624671439914,0.8249,0.07740801060670865
2.0,2.5986123085021973,tgb,RF,4,0.10748487770604057,0.7110949293236405,0.7065679934193575,0.8068666666666666,0.04141734361938454
2.0,2.5986123085021973,tgb,RF,5,0.24371626867248436,0.8068952341778473,0.8515940646423713,0.6955625,0.12676194903694427
2.0,2.5986123085021973,tgb,RF,6,0.17681507208363118,0.825025260375887,0.7913218004743203,0.88945,0.08377107458568167
2.0,2.5986123085021973,tgb,RF,7,0.11350242278225316,0.7408225363505054,0.598749071452705,0.8771208333333333,0.14419604249105744
2.0,2.5986123085021973,tgb,RF,8,0.12874841382503044,0.8050650568573211,0.811730483922426,0.9414374999999999,0.008959987694332372
2.0,2.5986123085021973,tgb,RF,9,0.2930823056318897,0.649121702234471,0.5894591926807501,0.8650708333333333,0.10417764181743361
2.0,2.5986123085021973,tgb,RF,10,0.08860196369515083,0.9238795224441742,0.5700941713194027,0.9169124999999999,0.09158216320546331
2.0,2.5986123085021973,tgb,RF,11,0.160309870907002,0.5749928817451205,0.3305712774265727,0.8073333333333333,0.08888345717306045
2.0,2.5986123085021973,tgb,RF,12,0.22909631915712692,0.5936530163505611,0.45972406477765165,0.7382208333333333,0.1386833114528926
2.0,2.5986123085021973,tgb,RF,13,0.13850193284165585,0.8688787887209374,0.8739384960934298,0.8782416666666666,0.1445760372502657
2.0,2.5986123085021973,tgb,RF,14,0.16774753280377475,0.7131944804373617,0.6800962921448885,0.7579541666666666,0.08121668527267145
2.0,2.5986123085021973,tgb,RF,15,0.3322802562985705,0.7078065434967993,0.584634459666365,0.743325,0.03568739565704493
2.0,2.5986123085021973,tgb,RF,16,0.3414795240340664,0.8385328151714827,0.8350324923480706,0.7351624999999999,0.09934326555711381
2.0,2.5986123085021973,tgb,RF,17,0.3047133565577816,0.8363040196200988,0.8678940200758967,0.7207916666666666,0.2541246109107722
2.0,2.5986123085021973,tgb,RF,18,0.11675205978388173,0.7668282569836762,0.7855660297984154,0.8682708333333334,0.030163610240551253
2.0,2.5986123085021973,tgb,RF,19,0.12538027345132455,0.7540223669712732,0.8023626683196284,0.8747416666666666,0.10243003156836727
2.0,2.5986123085021973,tgb,RF,20,0.09756651019601381,0.7975835145165939,0.806147636877178,0.9106875000000001,0.11317419007548746
2.0,2.5986123085021973,tgb,RF,21,0.10753961501706992,0.7970843971866949,0.855518125389724,0.6470458333333333,0.15025866555710188
2.0,2.5986123085021973,tgb,RF,22,0.15807916540509293,0.7529544663218579,0.6856611856510545,0.8911,0.06377078443487405
2.0,2.5986123085021973,tgb,RF,23,0.060213674683332635,0.7858159573333333,0.6545288851338652,0.9134083333333333,0.10284696141311389
2.0,2.5986123085021973,tgb,RF,24,0.144997532652204,0.7076990655068217,0.6852170407232382,0.7607875,0.03669899192686754
2.0,2.5986123085021973,tgb,RF,25,0.15175846783405206,0.8975355255133788,0.8309541790242512,0.8752458333333334,0.06310092749803775
2.0,2.5986123085021973,tgb,RF,26,0.23491513732847308,0.9037285767151378,0.7277251318318697,0.9357541666666667,0.06637129016752852
2.0,2.5986123085021973,tgb,RF,27,0.33933840204810717,0.7265727114858727,0.5453559687883192,0.8824374999999999,0.06298740476865672
2.0,2.5986123085021973,tgb,RF,28,0.1773390753896233,0.8018957934129668,0.7025147945288918,0.8052791666666668,0.05484703022368154
2.0,2.5986123085021973,tgb,RF,29,0.16978730404597858,0.7990448820952766,0.7914058556674938,0.9254541666666667,0.08108739226444028
2.0,2.5986123085021973,tgb,MLP,0,0.276053932602442,0.601889534993562,0.43980014217178925,0.8573166666666666,0.13330575121818622
2.0,2.5986123085021973,tgb,MLP,1,0.2751094017890158,0.8757819254227818,0.9225779016971126,0.8250291666666666,0.01737684916970439
2.0,2.5986123085021973,tgb,MLP,2,0.0847596837412311,0.8593999124685328,0.7563567721512848,0.8954125000000001,0.1575141381224232
2.0,2.5986123085021973,tgb,MLP,3,0.305789851544197,0.8617151069999865,0.8583216068936872,0.8462541666666666,0.011774283392956497
2.0,2.5986123085021973,tgb,MLP,4,0.10748487770604057,0.6733608952304823,0.5626899262138972,0.8044083333333334,0.03394090433541197
2.0,2.5986123085021973,tgb,MLP,5,0.24371626867248436,0.7453939795759008,0.7347020761574147,0.7456666666666667,0.0014361679356651447
2.0,2.5986123085021973,tgb,MLP,6,0.17681507208363118,0.8001320601009111,0.7697502095142568,0.9057666666666667,0.09357651071894746
2.0,2.5986123085021973,tgb,MLP,7,0.11350242278225316,0.7346605990200444,0.6876163481733588,0.8639916666666666,0.17197259714844482
2.0,2.5986123085021973,tgb,MLP,8,0.12874841382503044,0.76490480702362,0.6549218855303544,0.9510916666666667,0.13693094681078388
2.0,2.5986123085021973,tgb,MLP,9,0.2930823056318897,0.6257918726758649,0.47748314562055516,0.8549458333333334,0.1465719341735744
2.0,2.5986123085021973,tgb,MLP,10,0.08860196369515083,0.9113009756847247,0.8557125672896381,0.9254749999999999,0.061800865113845305
2.0,2.5986123085021973,tgb,MLP,11,0.160309870907002,0.5656237887485649,0.30815140213925574,0.8778291666666667,0.02912556242903841
2.0,2.5986123085021973,tgb,MLP,12,0.22909631915712692,0.571526486768258,0.3393791069249587,0.7723166666666667,0.01010829937565405
2.0,2.5986123085021973,tgb,MLP,13,0.13850193284165585,0.8476076622495848,0.88765275206425,0.8674416666666667,0.08201143862709159
2.0,2.5986123085021973,tgb,MLP,14,0.16774753280377475,0.5950214942540486,0.385554559683273,0.734325,0.026131014213232273
2.0,2.5986123085021973,tgb,MLP,15,0.3322802562985705,0.6346491495131787,0.4422319059276564,0.7831666666666666,0.09178836089132436
2.0,2.5986123085021973,tgb,MLP,16,0.3414795240340664,0.7512371839110931,0.6452287073465476,0.7146625,0.05186289428958135
2.0,2.5986123085021973,tgb,MLP,17,0.3047133565577816,0.7828400173026184,0.7871389271775555,0.7783,0.019289687539866707
2.0,2.5986123085021973,tgb,MLP,18,0.11675205978388173,0.705722179015359,0.680210603895859,0.8588458333333333,0.02486791101258201
2.0,2.5986123085021973,tgb,MLP,19,0.12538027345132455,0.7258724498915136,0.7825185731165736,0.8620333333333333,0.008386947245657805
2.0,2.5986123085021973,tgb,MLP,20,0.09756651019601381,0.7804072866292463,0.8642127656949394,0.919725,0.2034652026101419
2.0,2.5986123085021973,tgb,MLP,21,0.10753961501706992,0.7193636119539271,0.6784139087334818,0.6726291666666667,0.032060790424676355
2.0,2.5986123085021973,tgb,MLP,22,0.15807916540509293,0.7552164104719178,0.740931902195138,0.8819625,0.1668756023678929
2.0,2.5986123085021973,tgb,MLP,23,0.060213674683332635,0.776918656,0.714367802601946,0.9331916666666668,0.11803679316221438
2.0,2.5986123085021973,tgb,MLP,24,0.144997532652204,0.6385912214248202,0.5237391799002228,0.7915,0.06138770060747689
2.0,2.5986123085021973,tgb,MLP,25,0.15175846783405206,0.8601992722556858,0.799483801380806,0.8461791666666668,0.11739179985586334
2.0,2.5986123085021973,tgb,MLP,26,0.23491513732847308,0.9254059326932902,0.8185591674614853,0.9672416666666668,0.0832091653625372
2.0,2.5986123085021973,tgb,MLP,27,0.33933840204810717,0.7046533381670403,0.5916906707514457,0.9228708333333334,0.03865575984925829
2.0,2.5986123085021973,tgb,MLP,28,0.1773390753896233,0.7449416102930092,0.6344989647603437,0.8645791666666667,0.1350578309300623
2.0,2.5986123085021973,tgb,MLP,29,0.16978730404597858,0.7566660144663193,0.7658563788793096,0.9244458333333333,0.04741247332888798
2.0,2.5986123085021973,tgb,CNN,0,0.276053932602442,0.5944329248687663,0.42191942602119714,0.7538666666666667,0.08772109723852972
2.0,2.5986123085021973,tgb,CNN,1,0.2751094017890158,0.8605056298579754,0.8618381124497844,0.7906041666666667,0.02034211658680296
2.0,2.5986123085021973,tgb,CNN,2,0.0847596837412311,0.8326778022215757,0.582376886454971,0.8382125,0.06259792751912985
2.0,2.5986123085021973,tgb,CNN,3,0.305789851544197,0.8679252144280126,0.8448406595550693,0.8042624999999999,0.011706442090824054
2.0,2.5986123085021973,tgb,CNN,4,0.10748487770604057,0.6511339058514591,0.49906585723634905,0.72055,0.006808023023696541
2.0,2.5986123085021973,tgb,CNN,5,0.24371626867248436,0.7269867899647838,0.6547408105440796,0.649775,0.02153279440145439
2.0,2.5986123085021973,tgb,CNN,6,0.17681507208363118,0.7641341763911845,0.6983876339468261,0.8340166666666667,0.04051115968701857
2.0,2.5986123085021973,tgb,CNN,7,0.11350242278225316,0.7041848779798393,0.6158711575795827,0.7929083333333333,0.0941072488270579
2.0,2.5986123085021973,tgb,CNN,8,0.12874841382503044,0.7090112915056488,0.46727901927612503,0.9008833333333334,0.14078893474964205
2.0,2.5986123085021973,tgb,CNN,9,0.2930823056318897,0.5809615611451926,0.3138477369615316,0.7927541666666666,0.059782715843669565
2.0,2.5986123085021973,tgb,CNN,10,0.08860196369515083,0.893829072588914,0.611359467023871,0.9169333333333334,0.05571719262356534
2.0,2.5986123085021973,tgb,CNN,11,0.160309870907002,0.545323196326062,0.22535493661006695,0.7742125,0.007966874652155953
2.0,2.5986123085021973,tgb,CNN,12,0.22909631915712692,0.569845540931635,0.30382923512432636,0.5323249999999999,0.014752820651143583
2.0,2.5986123085021973,tgb,CNN,13,0.13850193284165585,0.837881896522719,0.8324905754829711,0.8270083333333333,0.049912019829639664
2.0,2.5986123085021973,tgb,CNN,14,0.16774753280377475,0.6381181870593522,0.4638215578000975,0.6999666666666666,0.030211414266736902
2.0,2.5986123085021973,tgb,CNN,15,0.3322802562985705,0.6635004958343681,0.48771180858707813,0.7216166666666667,0.049660288436987
2.0,2.5986123085021973,tgb,CNN,16,0.3414795240340664,0.730150419434519,0.6061222796814194,0.6845291666666666,0.05200399148314383
2.0,2.5986123085021973,tgb,CNN,17,0.3047133565577816,0.7705904397974219,0.7428420896686908,0.6408583333333333,0.04486572472687722
2.0,2.5986123085021973,tgb,CNN,18,0.11675205978388173,0.6958117257123887,0.630616271181392,0.8008041666666667,0.0211761262302409
2.0,2.5986123085021973,tgb,CNN,19,0.12538027345132455,0.6873852974381831,0.5828549675634802,0.8072083333333333,0.012957122521050635
2.0,2.5986123085021973,tgb,CNN,20,0.09756651019601381,0.6560960732817328,0.5396682496773014,0.8630583333333334,0.07033575567802153
2.0,2.5986123085021973,tgb,CNN,21,0.10753961501706992,0.7235858633083954,0.6597216568522729,0.5905041666666666,0.08269776819494301
2.0,2.5986123085021973,tgb,CNN,22,0.15807916540509293,0.6667999330364026,0.4327070969774036,0.7876791666666666,0.08052095052857144
2.0,2.5986123085021973,tgb,CNN,23,0.060213674683332635,0.7075301760000001,0.5027147622147949,0.8697166666666667,0.08963348652181802
2.0,2.5986123085021973,tgb,CNN,24,0.144997532652204,0.6472317145032197,0.5223774163534229,0.6957749999999999,0.025727052856284294
2.0,2.5986123085021973,tgb,CNN,25,0.15175846783405206,0.8588631191092414,0.7036034489153693,0.8355708333333334,0.05724011750386804
2.0,2.5986123085021973,tgb,CNN,26,0.23491513732847308,0.7673953884737261,0.5312521788099702,0.8927166666666667,0.07817121622637724
2.0,2.5986123085021973,tgb,CNN,27,0.33933840204810717,0.6759556138136604,0.4825553484174051,0.8816625,0.04313874134331175
2.0,2.5986123085021973,tgb,CNN,28,0.1773390753896233,0.7491929783149949,0.6193977678943172,0.7420125,0.033434028345010414
2.0,2.5986123085021973,tgb,CNN,29,0.16978730404597858,0.687593187082986,0.5910082289935435,0.8867958333333332,0.022606887475910664
2.0,2.5986123085021973,biascov,GLM,0,0.276053932602442,0.6095391972749356,0.48041878740854693,0.927925,0.0015762698327292934
2.0,2.5986123085021973,biascov,GLM,1,0.2751094017890158,0.8685528297705478,0.8520417212956042,0.9127041666666666,0.06816190612049822
2.0,2.5986123085021973,biascov,GLM,2,0.0847596837412311,0.8202216416183579,0.6535171546577928,0.9315291666666667,0.08500803692620207
2.0,2.5986123085021973,biascov,GLM,3,0.305789851544197,0.8011074098941755,0.7357918410634796,0.9184125,0.0029345663776165765
2.0,2.5986123085021973,biascov,GLM,4,0.10748487770604057,0.6661934904069294,0.5342006609915015,0.9111916666666667,0.062406882596672375
2.0,2.5986123085021973,biascov,GLM,5,0.24371626867248436,0.7529463302502779,0.7472981451922452,0.9433916666666666,0.036869346569886385
2.0,2.5986123085021973,biascov,GLM,6,0.17681507208363118,0.8077999545685833,0.8160133871850334,0.940725,0.019903130865597918
2.0,2.5986123085021973,biascov,GLM,7,0.11350242278225316,0.7276935061633935,0.6564827542489531,0.9059416666666666,0.046012472271775184
2.0,2.5986123085021973,biascov,GLM,8,0.12874841382503044,0.7444195748604128,0.6783034763377586,0.9548666666666668,0.08245819888436356
2.0,2.5986123085021973,biascov,GLM,9,0.2930823056318897,0.6183952902846785,0.45638776747146936,0.9037625,0.06025543961641866
2.0,2.5986123085021973,biascov,GLM,10,0.08860196369515083,0.8871500062969084,0.6784798573687568,0.9657333333333333,0.04371257660991523
2.0,2.5986123085021973,biascov,GLM,11,0.160309870907002,0.6156445097588978,0.5003669877149174,0.9132375,0.013073694126057522
2.0,2.5986123085021973,biascov,GLM,12,0.22909631915712692,0.623869544954567,0.602426810043067,0.9090166666666666,0.006542773321784545
2.0,2.5986123085021973,biascov,GLM,13,0.13850193284165585,0.8396082228513072,0.7727797760791527,0.9379000000000001,0.07207805560298697
2.0,2.5986123085021973,biascov,GLM,14,0.16774753280377475,0.669962976808609,0.582607017452486,0.9220583333333333,0.11259875420300047
2.0,2.5986123085021973,biascov,GLM,15,0.3322802562985705,0.6627330575656418,0.49109745094274354,0.9146499999999999,0.034385416425613324
2.0,2.5986123085021973,biascov,GLM,16,0.3414795240340664,0.7080870180397639,0.5379681713844204,0.8760291666666666,0.06584360634800956
2.0,2.5986123085021973,biascov,GLM,17,0.3047133565577816,0.7816151145151929,0.7706445376266112,0.9280833333333333,0.1241678853070628
2.0,2.5986123085021973,biascov,GLM,18,0.11675205978388173,0.7176412325220185,0.7039407466938518,0.9185291666666666,0.03617939623626276
2.0,2.5986123085021973,biascov,GLM,19,0.12538027345132455,0.7103777678731015,0.7131974146884934,0.9476,0.037743449799025
2.0,2.5986123085021973,biascov,GLM,20,0.09756651019601381,0.7543002743036329,0.7861891148194727,0.9650916666666667,0.09170818104501
2.0,2.5986123085021973,biascov,GLM,21,0.10753961501706992,0.7083868560690667,0.6945585617919591,0.8380958333333334,0.09706703443524722
2.0,2.5986123085021973,biascov,GLM,22,0.15807916540509293,0.6876729858708153,0.5812155605320388,0.9359291666666667,0.0047184385995814315
2.0,2.5986123085021973,biascov,GLM,23,0.060213674683332635,0.73857344,0.6060110703405275,0.9599333333333333,0.1546061624447772
2.0,2.5986123085021973,biascov,GLM,24,0.144997532652204,0.705770307868727,0.6795451408943627,0.8938250000000001,0.007484835276515667
2.0,2.5986123085021973,biascov,GLM,25,0.15175846783405206,0.8388452381063333,0.7902125632860313,0.9199125,0.024837878105681055
2.0,2.5986123085021973,biascov,GLM,26,0.23491513732847308,0.8031286009955992,0.5613640939164102,0.9675083333333333,0.00845256919973636
2.0,2.5986123085021973,biascov,GLM,27,0.33933840204810717,0.716367905527881,0.621487635775219,0.9586958333333333,0.0409244050109665
2.0,2.5986123085021973,biascov,GLM,28,0.1773390753896233,0.7476012093291644,0.6598119338800297,0.9342958333333334,0.019308418884284806
2.0,2.5986123085021973,biascov,GLM,29,0.16978730404597858,0.7205921453101682,0.6821502183613755,0.9669458333333333,0.0103903879611561
2.0,2.5986123085021973,biascov,BRT,0,0.276053932602442,0.64344867911653,0.6139876153765733,0.9426916666666666,0.03309674911056759
2.0,2.5986123085021973,biascov,BRT,1,0.2751094017890158,0.8729864417683679,0.897328172467137,0.9260625,0.04914633978791749
2.0,2.5986123085021973,biascov,BRT,2,0.0847596837412311,0.8203589661019857,0.5126407345518612,0.9389708333333333,0.08199435947686429
2.0,2.5986123085021973,biascov,BRT,3,0.305789851544197,0.8881757011117727,0.8354245724794247,0.9501291666666667,0.019880638536342032
2.0,2.5986123085021973,biascov,BRT,4,0.10748487770604057,0.6827853005159558,0.6276024698665071,0.9262333333333332,0.006377448688236642
2.0,2.5986123085021973,biascov,BRT,5,0.24371626867248436,0.783666980433556,0.8058245864594269,0.9365333333333334,0.07756478078568119
2.0,2.5986123085021973,biascov,BRT,6,0.17681507208363118,0.8149913409684101,0.8146560917325282,0.9514750000000001,0.11098923406151961
2.0,2.5986123085021973,biascov,BRT,7,0.11350242278225316,0.7305430414172847,0.5961085911985452,0.9265999999999999,0.028318966491818198
2.0,2.5986123085021973,biascov,BRT,8,0.12874841382503044,0.7732036131857506,0.6972307942172699,0.9770916666666667,0.12377076756746941
2.0,2.5986123085021973,biascov,BRT,9,0.2930823056318897,0.6325867066003348,0.5093353021379413,0.9276625,0.09243203486540319
2.0,2.5986123085021973,biascov,BRT,10,0.08860196369515083,0.9247997335991776,0.7825042435030073,0.9598583333333334,0.036930192443339616
2.0,2.5986123085021973,biascov,BRT,11,0.160309870907002,0.6333830172215843,0.5842201023698728,0.9367291666666667,0.004145719623610988
2.0,2.5986123085021973,biascov,BRT,12,0.22909631915712692,0.6195510301182007,0.5640190051167582,0.93215,0.006903847549373676
2.0,2.5986123085021973,biascov,BRT,13,0.13850193284165585,0.8636479800525404,0.8687078610839103,0.9490583333333333,0.05756514591240092
2.0,2.5986123085021973,biascov,BRT,14,0.16774753280377475,0.7271323317942935,0.7378466260261407,0.9218416666666666,0.10759561688248609
2.0,2.5986123085021973,biascov,BRT,15,0.3322802562985705,0.669962283253485,0.5011514259963836,0.9160833333333331,0.033173091793581966
2.0,2.5986123085021973,biascov,BRT,16,0.3414795240340664,0.76786550980683,0.6899453504843753,0.8991875,0.05087327602972791
2.0,2.5986123085021973,biascov,BRT,17,0.3047133565577816,0.8145218676520845,0.8347674776061923,0.9269,0.09942800835161236
2.0,2.5986123085021973,biascov,BRT,18,0.11675205978388173,0.7419191989710268,0.7600589719359528,0.9575291666666668,0.036885821444203826
2.0,2.5986123085021973,biascov,BRT,19,0.12538027345132455,0.7556986567599794,0.813119216843061,0.9541916666666667,0.010458683501568755
2.0,2.5986123085021973,biascov,BRT,20,0.09756651019601381,0.7670156080762426,0.7550938998641934,0.9635,0.2762723356570602
2.0,2.5986123085021973,biascov,BRT,21,0.10753961501706992,0.7580949157568967,0.7959184469221685,0.9010208333333334,0.08391287591310981
2.0,2.5986123085021973,biascov,BRT,22,0.15807916540509293,0.6841926036735447,0.5633502546015758,0.9491208333333332,0.06752123234662155
2.0,2.5986123085021973,biascov,BRT,23,0.060213674683332635,0.8185185493333333,0.7437817810660029,0.9629833333333333,0.0678130463370521
2.0,2.5986123085021973,biascov,BRT,24,0.144997532652204,0.7114115762441716,0.7057875903077477,0.9175333333333333,0.03144501220467877
2.0,2.5986123085021973,biascov,BRT,25,0.15175846783405206,0.8808055689658547,0.8290745273181513,0.9376625,0.11844415212226678
2.0,2.5986123085021973,biascov,BRT,26,0.23491513732847308,0.9229107613334879,0.7387135058593096,0.9823,0.02609911416892019
2.0,2.5986123085021973,biascov,BRT,27,0.33933840204810717,0.7627301549471649,0.6772310884148776,0.9747541666666666,0.06435454528630402
2.0,2.5986123085021973,biascov,BRT,28,0.1773390753896233,0.7983352813387906,0.7207615509894317,0.9481791666666666,0.016879149897797485
2.0,2.5986123085021973,biascov,BRT,29,0.16978730404597858,0.7420279928403664,0.7069900745701516,0.9646958333333333,0.0066223632052890835
2.0,2.5986123085021973,biascov,RF,0,0.276053932602442,0.5893054717309292,0.36433433406210664,0.9410333333333333,0.22511196027817493
2.0,2.5986123085021973,biascov,RF,1,0.2751094017890158,0.840679595196444,0.8082084238999219,0.921675,0.06419981334458469
2.0,2.5986123085021973,biascov,RF,2,0.0847596837412311,0.8765036940924511,0.7214706152699722,0.9454166666666666,0.20073096419553993
2.0,2.5986123085021973,biascov,RF,3,0.305789851544197,0.8736177847393053,0.833055686549577,0.9552833333333333,0.07982830070227431
2.0,2.5986123085021973,biascov,RF,4,0.10748487770604057,0.6340922779106647,0.40766954146880696,0.9474666666666667,0.28923994084037086
2.0,2.5986123085021973,biascov,RF,5,0.24371626867248436,0.7466374205578992,0.7362729930593711,0.9302708333333333,0.02535443249760838
2.0,2.5986123085021973,biascov,RF,6,0.17681507208363118,0.7372821491348583,0.5662494594680999,0.9546125,0.08618021367407169
2.0,2.5986123085021973,biascov,RF,7,0.11350242278225316,0.7411071283298424,0.5943936327029719,0.9362291666666666,0.20151847293626945
2.0,2.5986123085021973,biascov,RF,8,0.12874841382503044,0.7321739581523925,0.5860920739221714,0.96865,0.24509384695536862
2.0,2.5986123085021973,biascov,RF,9,0.2930823056318897,0.5881506115290814,0.32656670550904365,0.9413750000000001,0.20939600754365473
2.0,2.5986123085021973,biascov,RF,10,0.08860196369515083,0.9150164740203488,0.6391419603809615,0.9518250000000001,0.06598590900221357
2.0,2.5986123085021973,biascov,RF,11,0.160309870907002,0.5194262594718715,0.13755697657400587,0.94585,0.32499330215542876
2.0,2.5986123085021973,biascov,RF,12,0.22909631915712692,0.5146785029812798,0.0676137745157277,0.9241583333333333,0.20022032503773424
2.0,2.5986123085021973,biascov,RF,13,0.13850193284165585,0.8470741711209133,0.8032649784013444,0.9478458333333333,0.03012102469882394
2.0,2.5986123085021973,biascov,RF,14,0.16774753280377475,0.6574282906256071,0.486240719218609,0.9252208333333334,0.16195103963767354
2.0,2.5986123085021973,biascov,RF,15,0.3322802562985705,0.573163882639639,0.2279800349076138,0.9042083333333333,0.353721232374389
2.0,2.5986123085021973,biascov,RF,16,0.3414795240340664,0.7493967017066336,0.5880242853774957,0.9072375000000001,0.14146574791243305
2.0,2.5986123085021973,biascov,RF,17,0.3047133565577816,0.813644189779219,0.8199837644260862,0.9370375,0.04314746964481342
2.0,2.5986123085021973,biascov,RF,18,0.11675205978388173,0.6822289782339577,0.5535148976019413,0.9560708333333332,0.08356777137407123
2.0,2.5986123085021973,biascov,RF,19,0.12538027345132455,0.7245440291770647,0.6979671315710321,0.9514958333333333,0.03694191109144829
2.0,2.5986123085021973,biascov,RF,20,0.09756651019601381,0.7488873679272932,0.6919441267403472,0.9623416666666667,0.25363463539980424
2.0,2.5986123085021973,biascov,RF,21,0.10753961501706992,0.7333399579853644,0.6447292598099854,0.8867083333333334,0.09564685630025804
2.0,2.5986123085021973,biascov,RF,22,0.15807916540509293,0.7036691037294349,0.5152582500651712,0.9518291666666667,0.13461036750550226
2.0,2.5986123085021973,biascov,RF,23,0.060213674683332635,0.6926938666666667,0.4491741582982081,0.9571375,0.25932037296356436
2.0,2.5986123085021973,biascov,RF,24,0.144997532652204,0.6250220685071822,0.4799445076798547,0.9137333333333333,0.28150121137335193
2.0,2.5986123085021973,biascov,RF,25,0.15175846783405206,0.8599206266917557,0.7664560622870499,0.934925,0.06896256283993552
2.0,2.5986123085021973,biascov,RF,26,0.23491513732847308,0.7814132998289721,0.4590291817132379,0.9830791666666667,0.12037245147178122
2.0,2.5986123085021973,biascov,RF,27,0.33933840204810717,0.674384782102752,0.4376191956876119,0.9787875,0.13677329686505657
2.0,2.5986123085021973,biascov,RF,28,0.1773390753896233,0.7444437790872168,0.5858397690360192,0.9511583333333333,0.1525268643900135
2.0,2.5986123085021973,biascov,RF,29,0.16978730404597858,0.7097500889053419,0.5929777691957248,0.9578249999999999,0.12185478969656394
2.0,2.5986123085021973,biascov,MLP,0,0.276053932602442,0.6135684099822745,0.49050433668839566,0.9291499999999999,0.017414752064650707
2.0,2.5986123085021973,biascov,MLP,1,0.2751094017890158,0.8787997980473211,0.9231170538809356,0.9137125,0.025160016885673375
2.0,2.5986123085021973,biascov,MLP,2,0.0847596837412311,0.8409609453031784,0.609510681112434,0.9311041666666666,0.058777059303254164
2.0,2.5986123085021973,biascov,MLP,3,0.305789851544197,0.8072668569821007,0.7386620203528235,0.9272458333333332,0.012769726522094405
2.0,2.5986123085021973,biascov,MLP,4,0.10748487770604057,0.6225178057366955,0.44442104485454675,0.9117583333333334,0.032388703123021334
2.0,2.5986123085021973,biascov,MLP,5,0.24371626867248436,0.7277623468886874,0.6836668570233346,0.9080166666666667,0.012463854108277439
2.0,2.5986123085021973,biascov,MLP,6,0.17681507208363118,0.8123948592754107,0.8403344050769256,0.942675,0.009659785124906728
2.0,2.5986123085021973,biascov,MLP,7,0.11350242278225316,0.6646696268751844,0.511454161786209,0.927075,0.006106475869270489
2.0,2.5986123085021973,biascov,MLP,8,0.12874841382503044,0.7517507397059533,0.6115026316463458,0.963625,0.054042988210662224
2.0,2.5986123085021973,biascov,MLP,9,0.2930823056318897,0.6193852475796173,0.4508012707389873,0.9272958333333333,0.005700133731183388
2.0,2.5986123085021973,biascov,MLP,10,0.08860196369515083,0.8886209322131886,0.764732257150944,0.9544833333333334,0.025792585748688146
2.0,2.5986123085021973,biascov,MLP,11,0.160309870907002,0.6052708059701493,0.4515015378058838,0.9336458333333334,0.03407351680217896
2.0,2.5986123085021973,biascov,MLP,12,0.22909631915712692,0.6054343730359598,0.5137784659651203,0.9153916666666666,0.02771764463775772
2.0,2.5986123085021973,biascov,MLP,13,0.13850193284165585,0.8320366463482215,0.8825940448370886,0.9415916666666667,0.00845466956918639
2.0,2.5986123085021973,biascov,MLP,14,0.16774753280377475,0.6805281483381347,0.5998647772655586,0.8957499999999999,0.039118963869848034
2.0,2.5986123085021973,biascov,MLP,15,0.3322802562985705,0.662409936120402,0.5009767050932938,0.9077416666666666,0.018568284659859158
2.0,2.5986123085021973,biascov,MLP,16,0.3414795240340664,0.6917284251154837,0.5163866262387854,0.8678208333333333,0.005787818435783243
2.0,2.5986123085021973,biascov,MLP,17,0.3047133565577816,0.8007408174045165,0.8133844835844678,0.9334166666666666,0.02346149493941352
2.0,2.5986123085021973,biascov,MLP,18,0.11675205978388173,0.7225129874382032,0.6941231512314472,0.9429375,0.004849959952987981
2.0,2.5986123085021973,biascov,MLP,19,0.12538027345132455,0.7586392822478285,0.8575470576750494,0.9541583333333333,0.006160259312246508
2.0,2.5986123085021973,biascov,MLP,20,0.09756651019601381,0.7169325459651485,0.6980369515251154,0.9635250000000001,0.12496026919435388
2.0,2.5986123085021973,biascov,MLP,21,0.10753961501706992,0.6913885788410219,0.6719276523154112,0.8643625,0.03176975801765358
2.0,2.5986123085021973,biascov,MLP,22,0.15807916540509293,0.7154208491847324,0.6425317129431822,0.9410375000000001,0.004597114888187592
2.0,2.5986123085021973,biascov,MLP,23,0.060213674683332635,0.7542033706666668,0.6059049000128202,0.9525833333333333,0.10709105501309213
2.0,2.5986123085021973,biascov,MLP,24,0.144997532652204,0.7053118209326057,0.6520572253594161,0.9193583333333333,0.039025701390521195
2.0,2.5986123085021973,biascov,MLP,25,0.15175846783405206,0.8352371265788298,0.758799961535723,0.9141041666666667,0.03658528218959389
2.0,2.5986123085021973,biascov,MLP,26,0.23491513732847308,0.8938147447616829,0.7741104024780094,0.9638249999999999,0.04911133741087803
2.0,2.5986123085021973,biascov,MLP,27,0.33933840204810717,0.7048224060224411,0.5913741183039187,0.9699375,0.025255294435437503
2.0,2.5986123085021973,biascov,MLP,28,0.1773390753896233,0.7349408215971063,0.6479928720338779,0.9390541666666666,0.03718659652847367
2.0,2.5986123085021973,biascov,MLP,29,0.16978730404597858,0.7424201003959388,0.7439929950489076,0.9605458333333333,0.007129225442792264
2.0,2.5986123085021973,biascov,CNN,0,0.276053932602442,0.5850172559489901,0.36570363441547754,0.9027499999999999,0.027888537133424318
2.0,2.5986123085021973,biascov,CNN,1,0.2751094017890158,0.7725858146820338,0.6759454554344019,0.9024291666666665,0.013805774567298257
2.0,2.5986123085021973,biascov,CNN,2,0.0847596837412311,0.7633239616343974,0.3913695906428319,0.9187124999999999,0.06954221767454372
2.0,2.5986123085021973,biascov,CNN,3,0.305789851544197,0.7196403651865795,0.46675130202042875,0.9095041666666666,0.04481024244061138
2.0,2.5986123085021973,biascov,CNN,4,0.10748487770604057,0.48546284960788366,-0.0717466015964046,0.889325,0.02318568831487411
2.0,2.5986123085021973,biascov,CNN,5,0.24371626867248436,0.7435331386970709,0.6541811556794201,0.9156416666666667,0.09071395265457105
2.0,2.5986123085021973,biascov,CNN,6,0.17681507208363118,0.7107681461480351,0.4993564255541372,0.9073083333333333,0.04084166249958876
2.0,2.5986123085021973,biascov,CNN,7,0.11350242278225316,0.6640533289465745,0.3965424081952353,0.8894416666666667,0.011526760383618884
2.0,2.5986123085021973,biascov,CNN,8,0.12874841382503044,0.6525673713429282,0.3681072691797007,0.9482333333333333,0.05162559108132114
2.0,2.5986123085021973,biascov,CNN,9,0.2930823056318897,0.5345699403168714,0.15734742192056264,0.8979625,0.005368297862134774
2.0,2.5986123085021973,biascov,CNN,10,0.08860196369515083,0.8497593531191828,0.44468650969629114,0.94925,0.0465497164280998
2.0,2.5986123085021973,biascov,CNN,11,0.160309870907002,0.5203962433983926,0.10867027803753695,0.8907791666666667,0.03799806928365734
2.0,2.5986123085021973,biascov,CNN,12,0.22909631915712692,0.5485303338954031,0.24871297578227855,0.9008583333333333,0.01967171267815604
2.0,2.5986123085021973,biascov,CNN,13,0.13850193284165585,0.7776947187986134,0.6589450824367441,0.9236749999999999,0.019651709833754305
2.0,2.5986123085021973,biascov,CNN,14,0.16774753280377475,0.6190555952403707,0.37498732005985885,0.9071,0.14639387265059933
2.0,2.5986123085021973,biascov,CNN,15,0.3322802562985705,0.6168436813280356,0.31311592224321394,0.8755499999999999,0.06470467867797158
2.0,2.5986123085021973,biascov,CNN,16,0.3414795240340664,0.556481851709052,0.16435233214699713,0.8638374999999999,0.10487677123490635
2.0,2.5986123085021973,biascov,CNN,17,0.3047133565577816,0.6780756082724255,0.4406518778464516,0.9203166666666667,0.051297072262586174
2.0,2.5986123085021973,biascov,CNN,18,0.11675205978388173,0.6335328838500593,0.37698029000966937,0.9462708333333334,0.09070899528357168
2.0,2.5986123085021973,biascov,CNN,19,0.12538027345132455,0.6784291195974578,0.5401308812182486,0.9211583333333334,0.029676315359030814
2.0,2.5986123085021973,biascov,CNN,20,0.09756651019601381,0.6538954477914827,0.4409533837454484,0.9504833333333333,0.11089446860417596
2.0,2.5986123085021973,biascov,CNN,21,0.10753961501706992,0.6503172895082183,0.44349781726282184,0.8419625,0.018239467110914065
2.0,2.5986123085021973,biascov,CNN,22,0.15807916540509293,0.614939611797809,0.3659250862846604,0.9418375,0.08404277467269405
2.0,2.5986123085021973,biascov,CNN,23,0.060213674683332635,0.6276282026666667,0.2888552637110463,0.9650583333333335,0.09410756457243652
2.0,2.5986123085021973,biascov,CNN,24,0.144997532652204,0.6768336329070913,0.5910370586148658,0.8976583333333332,0.06800418716813561
2.0,2.5986123085021973,biascov,CNN,25,0.15175846783405206,0.7379091979325978,0.5123826610445517,0.8963958333333333,0.008995590972247114
2.0,2.5986123085021973,biascov,CNN,26,0.23491513732847308,0.6616881548192673,0.4405450725037559,0.97725,0.06301325410253777
2.0,2.5986123085021973,biascov,CNN,27,0.33933840204810717,0.6389414629124874,0.24953495503352313,0.9641458333333333,0.04345554808985108
2.0,2.5986123085021973,biascov,CNN,28,0.1773390753896233,0.6962526323942355,0.48126382864564476,0.9171208333333333,0.053302468391734026
2.0,2.5986123085021973,biascov,CNN,29,0.16978730404597858,0.588422793192565,0.2902685738521188,0.9444958333333333,0.018196374023679573
2.0,2.5986123085021973,thin,GLM,0,0.276053932602442,0.6228663496686577,0.5223371611418428,0.9011583333333333,0.23185319124380088
2.0,2.5986123085021973,thin,GLM,1,0.2751094017890158,0.8589058789609935,0.8837702831789256,0.8997041666666666,0.1591554545016961
2.0,2.5986123085021973,thin,GLM,2,0.0847596837412311,0.846318597254545,0.6997322036658303,0.9164791666666666,0.17619332604455318
2.0,2.5986123085021973,thin,GLM,3,0.305789851544197,0.8125743043521204,0.7613225266558062,0.8853291666666667,0.04278590742382393
2.0,2.5986123085021973,thin,GLM,4,0.10748487770604057,0.6831480678174714,0.585545648303864,0.8873083333333333,0.12904198484212448
2.0,2.5986123085021973,thin,GLM,5,0.24371626867248436,0.704730361783412,0.6394067425270167,0.8858833333333334,0.05373108042465513
2.0,2.5986123085021973,thin,GLM,6,0.17681507208363118,0.7760125598205756,0.7739131905702827,0.9144000000000001,0.1209219467562137
2.0,2.5986123085021973,thin,GLM,7,0.11350242278225316,0.7336217566965296,0.6808570228806479,0.858425,0.1767141716195646
2.0,2.5986123085021973,thin,GLM,8,0.12874841382503044,0.7639159308741484,0.7129900180954749,0.946225,0.14584834857751405
2.0,2.5986123085021973,thin,GLM,9,0.2930823056318897,0.5948271381159428,0.35243565094558904,0.8571708333333333,0.273950809613174
2.0,2.5986123085021973,thin,GLM,10,0.08860196369515083,0.8969241036666056,0.7801076792426791,0.9447249999999999,0.1190362194453981
2.0,2.5986123085021973,thin,GLM,11,0.160309870907002,0.5941252261768083,0.424725227068313,0.8919208333333333,0.18669688671345253
2.0,2.5986123085021973,thin,GLM,12,0.22909631915712692,0.5537166887054311,0.2516030620685076,0.8210333333333334,0.14837227663152552
2.0,2.5986123085021973,thin,GLM,13,0.13850193284165585,0.8447348052028589,0.8078076448867703,0.9004249999999999,0.10728825496972172
2.0,2.5986123085021973,thin,GLM,14,0.16774753280377475,0.6814791140571221,0.6163616767663852,0.9090583333333333,0.11820260021151718
2.0,2.5986123085021973,thin,GLM,15,0.3322802562985705,0.6366595599514974,0.44800219637950545,0.8546666666666667,0.23987802830397398
2.0,2.5986123085021973,thin,GLM,16,0.3414795240340664,0.7124737182362862,0.5518207406110518,0.8283208333333334,0.19239584188662895
2.0,2.5986123085021973,thin,GLM,17,0.3047133565577816,0.7683136911388996,0.7534593368606483,0.873775,0.015114503246332456
2.0,2.5986123085021973,thin,GLM,18,0.11675205978388173,0.6722549633269248,0.6025759054489396,0.8769208333333335,0.082283614766128
2.0,2.5986123085021973,thin,GLM,19,0.12538027345132455,0.7120160817754208,0.7239113748637783,0.8870916666666666,0.05501421909139681
2.0,2.5986123085021973,thin,GLM,20,0.09756651019601381,0.7645560099922506,0.7927074840197685,0.927575,0.21068287665341523
2.0,2.5986123085021973,thin,GLM,21,0.10753961501706992,0.6687701425405591,0.550973372766173,0.7792041666666667,0.05985344822639538
2.0,2.5986123085021973,thin,GLM,22,0.15807916540509293,0.7095263930881143,0.620990023808975,0.9094708333333333,0.1803550477855138
2.0,2.5986123085021973,thin,GLM,23,0.060213674683332635,0.7604388266666666,0.6898514979041286,0.9425666666666667,0.23918576959607007
2.0,2.5986123085021973,thin,GLM,24,0.144997532652204,0.6452564685335168,0.5677006026347514,0.8657,0.208782874885848
2.0,2.5986123085021973,thin,GLM,25,0.15175846783405206,0.8385903388684213,0.7998212961510531,0.9240625,0.1515460425523364
2.0,2.5986123085021973,thin,GLM,26,0.23491513732847308,0.8141915534428508,0.6364407786521019,0.9633,0.057416655948069883
2.0,2.5986123085021973,thin,GLM,27,0.33933840204810717,0.7300399116505767,0.6439114323587785,0.9460708333333334,0.11243699487446479
2.0,2.5986123085021973,thin,GLM,28,0.1773390753896233,0.7592661053999954,0.722853645268134,0.8851625,0.21540124319771836
2.0,2.5986123085021973,thin,GLM,29,0.16978730404597858,0.7157240381649854,0.6550321907650803,0.9516875,0.06810212817644523
2.0,2.5986123085021973,thin,BRT,0,0.276053932602442,0.6432555340451622,0.5975787610139197,0.922025,0.4342974599420152
2.0,2.5986123085021973,thin,BRT,1,0.2751094017890158,0.8473398023882747,0.8442872134186843,0.9042541666666666,0.24603277086512276
2.0,2.5986123085021973,thin,BRT,2,0.0847596837412311,0.8516729589184862,0.6912013351929142,0.9280541666666666,0.3424375821220431
2.0,2.5986123085021973,thin,BRT,3,0.305789851544197,0.8709364095449251,0.8311376339416976,0.9332541666666667,0.10946528726860483
2.0,2.5986123085021973,thin,BRT,4,0.10748487770604057,0.6811775639321702,0.6060848884885532,0.9160583333333333,0.3070601226554709
2.0,2.5986123085021973,thin,BRT,5,0.24371626867248436,0.7001579680438721,0.6195406666325132,0.896525,0.1369266075243346
2.0,2.5986123085021973,thin,BRT,6,0.17681507208363118,0.771479786097526,0.7385994339110992,0.9373333333333334,0.24158887268407325
2.0,2.5986123085021973,thin,BRT,7,0.11350242278225316,0.7511786840682799,0.7044576459229417,0.909375,0.43929010442648675
2.0,2.5986123085021973,thin,BRT,8,0.12874841382503044,0.7522297352765672,0.6142345849412467,0.9711166666666666,0.3324373154161724
2.0,2.5986123085021973,thin,BRT,9,0.2930823056318897,0.5993797162592204,0.348148387250271,0.9059291666666667,0.4801460061576891
2.0,2.5986123085021973,thin,BRT,10,0.08860196369515083,0.911552207449358,0.775191171212547,0.9512916666666666,0.152588005731493
2.0,2.5986123085021973,thin,BRT,11,0.160309870907002,0.5839888679678531,0.38145914423072136,0.9333791666666666,0.39977604825833013
2.0,2.5986123085021973,thin,BRT,12,0.22909631915712692,0.5624565803851749,0.27941370408785593,0.9159916666666666,0.30776662132878596
2.0,2.5986123085021973,thin,BRT,13,0.13850193284165585,0.8450617713332128,0.8037257685996908,0.93535,0.11120009794239316
2.0,2.5986123085021973,thin,BRT,14,0.16774753280377475,0.683505588150445,0.6156374461793449,0.89535,0.28158710289270084
2.0,2.5986123085021973,thin,BRT,15,0.3322802562985705,0.6320860622635537,0.42430526522830897,0.8756249999999999,0.3908386224099142
2.0,2.5986123085021973,thin,BRT,16,0.3414795240340664,0.6869263912532001,0.48011423618038634,0.8690958333333333,0.3300024864826483
2.0,2.5986123085021973,thin,BRT,17,0.3047133565577816,0.7832815068785898,0.7633607468884134,0.876175,0.0235407675364665
2.0,2.5986123085021973,thin,BRT,18,0.11675205978388173,0.6622527069264683,0.5652070220635772,0.9442625,0.235423226184176
2.0,2.5986123085021973,thin,BRT,19,0.12538027345132455,0.7107386123246854,0.6750342078456294,0.9308083333333332,0.14075682789828503
2.0,2.5986123085021973,thin,BRT,20,0.09756651019601381,0.7530828450487231,0.7367222554897817,0.9488916666666667,0.4644923552976936
2.0,2.5986123085021973,thin,BRT,21,0.10753961501706992,0.7057597246215768,0.613347554891369,0.8669875,0.1178384791642243
2.0,2.5986123085021973,thin,BRT,22,0.15807916540509293,0.7147387434065908,0.6011449135866208,0.9290708333333333,0.34956631899885204
2.0,2.5986123085021973,thin,BRT,23,0.060213674683332635,0.7697298346666667,0.6287894118517064,0.9493499999999999,0.3787526362557033
2.0,2.5986123085021973,thin,BRT,24,0.144997532652204,0.6414871475803869,0.5329492192859712,0.899475,0.3336782867320628
2.0,2.5986123085021973,thin,BRT,25,0.15175846783405206,0.8115079647080278,0.7370887482401585,0.9287958333333333,0.32546908288225307
2.0,2.5986123085021973,thin,BRT,26,0.23491513732847308,0.8584719022498499,0.6644373857975182,0.9743833333333333,0.14478029675057014
2.0,2.5986123085021973,thin,BRT,27,0.33933840204810717,0.7621464680371122,0.6693127068093273,0.9630375,0.2068585486778537
2.0,2.5986123085021973,thin,BRT,28,0.1773390753896233,0.7617708082490385,0.6818209231862283,0.9241708333333334,0.36752190003150553
2.0,2.5986123085021973,thin,BRT,29,0.16978730404597858,0.7062966024099642,0.6171249217762771,0.9576541666666667,0.19836477511630823
2.0,2.5986123085021973,thin,RF,0,0.276053932602442,0.5944614992638857,0.38858099108260113,0.9096833333333333,0.2891892405034081
2.0,2.5986123085021973,thin,RF,1,0.2751094017890158,0.8166380796825528,0.7649463744091513,0.9092000000000001,0.19620132354681397
2.0,2.5986123085021973,thin,RF,2,0.0847596837412311,0.8748509548905194,0.7772006638008138,0.9378125,0.22808898551785672
2.0,2.5986123085021973,thin,RF,3,0.305789851544197,0.8779255797943698,0.8645506617223594,0.9458041666666668,0.12791973953185565
2.0,2.5986123085021973,thin,RF,4,0.10748487770604057,0.6350842426725681,0.44580532944672774,0.9276875,0.4574191296660304
2.0,2.5986123085021973,thin,RF,5,0.24371626867248436,0.706658216378752,0.6485961025064635,0.8930333333333332,0.15103221771176534
2.0,2.5986123085021973,thin,RF,6,0.17681507208363118,0.7524675686410951,0.6207511343817307,0.9501458333333332,0.20379045287361397
2.0,2.5986123085021973,thin,RF,7,0.11350242278225316,0.7426195708744626,0.6657540834364986,0.9275291666666666,0.3378607293867133
2.0,2.5986123085021973,thin,RF,8,0.12874841382503044,0.7522775414448349,0.6414839783898115,0.9689625,0.22393706640922828
2.0,2.5986123085021973,thin,RF,9,0.2930823056318897,0.5947301739929431,0.3353373068217351,0.9293708333333334,0.34685463224715085
2.0,2.5986123085021973,thin,RF,10,0.08860196369515083,0.9235970133224045,0.7277841839247442,0.9513874999999999,0.12928438591778024
2.0,2.5986123085021973,thin,RF,11,0.160309870907002,0.5537755683122847,0.2637192399209069,0.9432083333333333,0.5709510364514621
2.0,2.5986123085021973,thin,RF,12,0.22909631915712692,0.5182182570496069,0.06830594478670016,0.9169791666666666,0.40951505634848995
2.0,2.5986123085021973,thin,RF,13,0.13850193284165585,0.8389286025299154,0.8015084236326073,0.9295833333333333,0.03811509634034549
2.0,2.5986123085021973,thin,RF,14,0.16774753280377475,0.6386527274432573,0.42987584212466484,0.9093000000000001,0.48524941458554194
2.0,2.5986123085021973,thin,RF,15,0.3322802562985705,0.5997071691678686,0.32174056510820487,0.8603791666666667,0.4748237065720221
2.0,2.5986123085021973,thin,RF,16,0.3414795240340664,0.6860380146253746,0.4438417356796754,0.8716041666666666,0.3155603109203754
2.0,2.5986123085021973,thin,RF,17,0.3047133565577816,0.7926870929539629,0.7847750642201249,0.8929541666666667,0.019809451858141758
2.0,2.5986123085021973,thin,RF,18,0.11675205978388173,0.6724539551761525,0.5566116406011277,0.9337916666666666,0.24760619788105664
2.0,2.5986123085021973,thin,RF,19,0.12538027345132455,0.7175577330760129,0.6946594790662758,0.9342500000000001,0.1416102849301083
2.0,2.5986123085021973,thin,RF,20,0.09756651019601381,0.7687353689062651,0.7638553826970239,0.9530000000000001,0.2634384365202316
2.0,2.5986123085021973,thin,RF,21,0.10753961501706992,0.6897132071900177,0.536747890406832,0.8615625,0.14535095861711111
2.0,2.5986123085021973,thin,RF,22,0.15807916540509293,0.7100691189321428,0.5522704420240465,0.9315375,0.18704383023208515
2.0,2.5986123085021973,thin,RF,23,0.060213674683332635,0.724459008,0.5507764170296566,0.9500416666666667,0.32128394035763974
2.0,2.5986123085021973,thin,RF,24,0.144997532652204,0.6046008682816789,0.44266206249438556,0.8993958333333332,0.4462636762221319
2.0,2.5986123085021973,thin,RF,25,0.15175846783405206,0.8292843808744488,0.769830338035719,0.92795,0.10698837388147786
2.0,2.5986123085021973,thin,RF,26,0.23491513732847308,0.8195181632733942,0.5734187324609124,0.9774125,0.2659553981460667
2.0,2.5986123085021973,thin,RF,27,0.33933840204810717,0.7343505601281827,0.5770671201353318,0.9730583333333334,0.3460972754303203
2.0,2.5986123085021973,thin,RF,28,0.1773390753896233,0.7424597794543983,0.6251192296145393,0.9354541666666667,0.28708947771010496
2.0,2.5986123085021973,thin,RF,29,0.16978730404597858,0.7229145426678241,0.6526991726857282,0.9584416666666669,0.2984778813912433
2.0,2.5986123085021973,thin,MLP,0,0.276053932602442,0.619373936675399,0.5079216920309771,0.8980833333333333,0.2527906961926988
2.0,2.5986123085021973,thin,MLP,1,0.2751094017890158,0.8555294683538195,0.8854263732499961,0.8941291666666666,0.13199757908155896
2.0,2.5986123085021973,thin,MLP,2,0.0847596837412311,0.8304541899665943,0.6638290392977846,0.9089333333333334,0.21260833872637885
2.0,2.5986123085021973,thin,MLP,3,0.305789851544197,0.8075145198736826,0.7439924980571584,0.8762125,0.06487777881768175
2.0,2.5986123085021973,thin,MLP,4,0.10748487770604057,0.6663090949781012,0.5301686239472124,0.8627583333333332,0.1776817458338532
2.0,2.5986123085021973,thin,MLP,5,0.24371626867248436,0.6890829910683253,0.6047595407499746,0.8526583333333333,0.09110858960885093
2.0,2.5986123085021973,thin,MLP,6,0.17681507208363118,0.7827778369785641,0.764241485005719,0.9240833333333333,0.21531675916969828
2.0,2.5986123085021973,thin,MLP,7,0.11350242278225316,0.7282866927627595,0.6353366026256763,0.8874166666666666,0.267186934839726
2.0,2.5986123085021973,thin,MLP,8,0.12874841382503044,0.7460204811408447,0.5746939900338696,0.9457333333333333,0.1484174725126336
2.0,2.5986123085021973,thin,MLP,9,0.2930823056318897,0.6079496977098529,0.4069338482979639,0.8753875,0.2104545433249142
2.0,2.5986123085021973,thin,MLP,10,0.08860196369515083,0.8877309241194434,0.8243352062259366,0.9358916666666666,0.07874337157951727
2.0,2.5986123085021973,thin,MLP,11,0.160309870907002,0.5610200413318026,0.28612014250021867,0.8858291666666667,0.19877559205317352
2.0,2.5986123085021973,thin,MLP,12,0.22909631915712692,0.5604805930719944,0.27947519993454684,0.8530416666666667,0.15689007180501446
2.0,2.5986123085021973,thin,MLP,13,0.13850193284165585,0.831398289793651,0.8523881316931982,0.915725,0.10395688394963043
2.0,2.5986123085021973,thin,MLP,14,0.16774753280377475,0.6136856722605217,0.4351413947745771,0.86105,0.1924922162739654
2.0,2.5986123085021973,thin,MLP,15,0.3322802562985705,0.604735729983623,0.37505645606515703,0.8547416666666667,0.19768430089542866
2.0,2.5986123085021973,thin,MLP,16,0.3414795240340664,0.6442492012725981,0.38315134657814576,0.7864208333333333,0.11682609449055437
2.0,2.5986123085021973,thin,MLP,17,0.3047133565577816,0.7681960051073835,0.7469091830836023,0.8315083333333333,0.03219852640407983
2.0,2.5986123085021973,thin,MLP,18,0.11675205978388173,0.673565821069487,0.6104097435097358,0.8684541666666665,0.14336872142746948
2.0,2.5986123085021973,thin,MLP,19,0.12538027345132455,0.7125815797154241,0.7347469398314954,0.8705916666666667,0.07127072992534045
2.0,2.5986123085021973,thin,MLP,20,0.09756651019601381,0.7632943493774567,0.8208514836866948,0.930425,0.2680955230129147
2.0,2.5986123085021973,thin,MLP,21,0.10753961501706992,0.6583313322172647,0.5075767343580004,0.7654791666666667,0.09990748732914234
2.0,2.5986123085021973,thin,MLP,22,0.15807916540509293,0.7371922599698888,0.6620817088469312,0.9195291666666666,0.29763060229538907
2.0,2.5986123085021973,thin,MLP,23,0.060213674683332635,0.7476306773333334,0.6773730091579108,0.9281249999999999,0.19500520993699888
2.0,2.5986123085021973,thin,MLP,24,0.144997532652204,0.6245186475000037,0.49628342778099804,0.8522583333333333,0.20968318000569308
2.0,2.5986123085021973,thin,MLP,25,0.15175846783405206,0.8088305033459993,0.7090655490270273,0.8975041666666667,0.21864870878126352
2.0,2.5986123085021973,thin,MLP,26,0.23491513732847308,0.8673266969525847,0.749501457223647,0.9609916666666667,0.15788289773761643
2.0,2.5986123085021973,thin,MLP,27,0.33933840204810717,0.7284608447350636,0.6330615189282788,0.9438541666666667,0.09454719360118014
2.0,2.5986123085021973,thin,MLP,28,0.1773390753896233,0.7365333248094755,0.6641134654908507,0.9034791666666666,0.2881436454466195
2.0,2.5986123085021973,thin,MLP,29,0.16978730404597858,0.7319917300511442,0.6781385668400863,0.9418541666666667,0.09381958020322578
2.0,2.5986123085021973,thin,CNN,0,0.276053932602442,0.5967392929548698,0.4002502813426276,0.87445,0.23766833980151747
2.0,2.5986123085021973,thin,CNN,1,0.2751094017890158,0.7853020995029294,0.6790920914815315,0.8756458333333333,0.20050332967250928
2.0,2.5986123085021973,thin,CNN,2,0.0847596837412311,0.7864142002388389,0.34873928480790595,0.8800791666666667,0.17674137258184597
2.0,2.5986123085021973,thin,CNN,3,0.305789851544197,0.7432599957315817,0.523328907196696,0.8459041666666667,0.07429245970052822
2.0,2.5986123085021973,thin,CNN,4,0.10748487770604057,0.6155157130922453,0.3347640936499156,0.852775,0.15701643339806304
2.0,2.5986123085021973,thin,CNN,5,0.24371626867248436,0.6335840620005126,0.41594040209441074,0.859225,0.09187127943898654
2.0,2.5986123085021973,thin,CNN,6,0.17681507208363118,0.7176135873666079,0.57590984217698,0.9097333333333333,0.2272243758273197
2.0,2.5986123085021973,thin,CNN,7,0.11350242278225316,0.6894576761511997,0.496459254068696,0.8633666666666666,0.2699434418840586
2.0,2.5986123085021973,thin,CNN,8,0.12874841382503044,0.6148076471013586,0.2560630958333282,0.9164333333333333,0.19007098080536022
2.0,2.5986123085021973,thin,CNN,9,0.2930823056318897,0.5088904163161818,0.019882040761066935,0.8434041666666667,0.2675797078554333
2.0,2.5986123085021973,thin,CNN,10,0.08860196369515083,0.7693785710937858,0.29963370918005877,0.8831166666666667,0.054836142687893386
2.0,2.5986123085021973,thin,CNN,11,0.160309870907002,0.5447906130884042,0.21859378783813205,0.8250375,0.13412520944465545
2.0,2.5986123085021973,thin,CNN,12,0.22909631915712692,0.5175174496113705,0.060237186807751086,0.7941583333333334,0.15662157479696714
2.0,2.5986123085021973,thin,CNN,13,0.13850193284165585,0.7033665522977579,0.420128251853445,0.8797583333333334,0.08468526943579224
2.0,2.5986123085021973,thin,CNN,14,0.16774753280377475,0.6075907543814184,0.36537579293285766,0.896,0.18066857983483275
2.0,2.5986123085021973,thin,CNN,15,0.3322802562985705,0.5451769127238071,0.1643853829840114,0.796,0.17895062687736496
2.0,2.5986123085021973,thin,CNN,16,0.3414795240340664,0.5840109243111028,0.25276845077396376,0.8161125,0.11902725279809678
2.0,2.5986123085021973,thin,CNN,17,0.3047133565577816,0.6623671677945489,0.4262254404077316,0.8170166666666665,0.026915453260878075
2.0,2.5986123085021973,thin,CNN,18,0.11675205978388173,0.6010039619823281,0.36556725406249063,0.8961625,0.16922150576435402
2.0,2.5986123085021973,thin,CNN,19,0.12538027345132455,0.6103473487016704,0.34786360885407214,0.8707416666666667,0.06821542991761353
2.0,2.5986123085021973,thin,CNN,20,0.09756651019601381,0.6851527608153748,0.5620186315558255,0.9355083333333334,0.29329957364465564
2.0,2.5986123085021973,thin,CNN,21,0.10753961501706992,0.629176210152291,0.3916957203451488,0.7745041666666665,0.09039196204280864
2.0,2.5986123085021973,thin,CNN,22,0.15807916540509293,0.669723607527909,0.4889584175401964,0.8840125,0.2503589934160214
2.0,2.5986123085021973,thin,CNN,23,0.060213674683332635,0.6376896,0.3475931749962971,0.9261583333333333,0.2319367180602886
2.0,2.5986123085021973,thin,CNN,24,0.144997532652204,0.6016315630943303,0.42571926764414453,0.820875,0.18409405730620554
2.0,2.5986123085021973,thin,CNN,25,0.15175846783405206,0.7011032663450059,0.3076247227173693,0.8508541666666667,0.12841620892100825
2.0,2.5986123085021973,thin,CNN,26,0.23491513732847308,0.635914968999213,0.3286058500994863,0.9338,0.16468103942637613
2.0,2.5986123085021973,thin,CNN,27,0.33933840204810717,0.6257957154557783,0.3441012080358095,0.9356458333333332,0.12079777617311405
2.0,2.5986123085021973,thin,CNN,28,0.1773390753896233,0.6599761041704221,0.4010718516155332,0.8388875,0.2365852177646075
2.0,2.5986123085021973,thin,CNN,29,0.16978730404597858,0.6000174323860404,0.29131393869370503,0.9395541666666666,0.13182805556320176
