species,model,correction,n_train_cells,n_new_cells,n_surveyed_neg,discovery_auc,pred_area_frac,group
Ardeola grayii,GLM,naive,161,895,8152,0.6456699798794964,0.1090688245636415,birds
Ardeola grayii,GLM,tgb,161,895,8152,0.6164242520600216,0.233462193356591,birds
Ardeola grayii,BRT,naive,161,895,8152,0.6686906870028124,0.015818168708645084,birds
Ardeola grayii,BRT,tgb,161,895,8152,0.6440973459575331,0.008896333312996744,birds
Halcyon smyrnensis,GLM,naive,157,913,8142,0.6063663779523534,0.17155946511073272,birds
Halcyon smyrnensis,GLM,tgb,157,913,8142,0.5626835068551825,0.29662948768434655,birds
Halcyon smyrnensis,BRT,naive,157,913,8142,0.6294243766786849,0.01843604235187106,birds
Halcyon smyrnensis,BRT,tgb,157,913,8142,0.5770323203445523,0.020815423269125177,birds
Pycnonotus jocosus,GLM,naive,148,835,8217,0.6286655604453742,0.15941297511356137,birds
Pycnonotus jocosus,GLM,tgb,148,835,8217,0.6173216181729275,0.35947509414916334,birds
Pycnonotus jocosus,BRT,naive,148,835,8217,0.6454185458947022,0.012290694901247373,birds
Pycnonotus jocosus,BRT,tgb,148,835,8217,0.6222442300503047,0.011070499559065774,birds
Copsychus saularis,GLM,naive,139,765,8302,0.6046063394441532,0.1476159046916511,birds
Copsychus saularis,GLM,tgb,139,765,8302,0.5756847314530084,0.2286812461522249,birds
Copsychus saularis,BRT,naive,139,765,8302,0.6221701046916799,0.011508660613758256,birds
Copsychus saularis,BRT,tgb,139,765,8302,0.5790531614557008,0.008657840587024887,birds
Haliastur indus,GLM,naive,136,760,8313,0.6976906810512387,0.08757674751385199,birds
Haliastur indus,GLM,tgb,136,760,8313,0.682218244094538,0.1852311992856311,birds
Haliastur indus,BRT,naive,136,760,8313,0.7112141256244183,0.009728284682666016,birds
Haliastur indus,BRT,tgb,136,760,8313,0.6908079925544645,0.004248498327777747,birds
Ardea coromanda,GLM,naive,128,672,8407,0.6282270089551225,0.13555815617391112,birds
Ardea coromanda,GLM,tgb,128,672,8407,0.6009474460058795,0.2487978302708279,birds
Ardea coromanda,BRT,naive,128,672,8407,0.6500329940469111,0.013277943859921575,birds
Ardea coromanda,BRT,tgb,128,672,8407,0.6153765003086996,0.010177538422287422,birds
Microcarbo niger,GLM,naive,126,652,8429,0.6278090102312568,0.10758240478316575,birds
Microcarbo niger,GLM,tgb,126,652,8429,0.5942260760578982,0.26544795034914226,birds
Microcarbo niger,BRT,naive,126,652,8429,0.7033081088005403,0.00842489420351749,birds
Microcarbo niger,BRT,tgb,126,652,8429,0.6572638138707516,0.004398249574318216,birds
Spilopelia chinensis,GLM,naive,116,525,8560,0.5793978638184246,0.14301244044614778,birds
Spilopelia chinensis,GLM,tgb,116,525,8560,0.5796789052069427,0.2621922473225032,birds
Spilopelia chinensis,BRT,naive,116,525,8560,0.5842585669781931,0.009162557751290911,birds
Spilopelia chinensis,BRT,tgb,116,525,8560,0.6054472630173564,0.010804275120771607,birds
Merops orientalis,GLM,naive,115,576,8514,0.5722490571085533,0.18515355049112864,birds
Merops orientalis,GLM,tgb,115,576,8514,0.588370584070681,0.3370512315653442,birds
Merops orientalis,BRT,naive,115,576,8514,0.5957446721739357,0.008341699066550563,birds
Merops orientalis,BRT,tgb,115,576,8514,0.609655787526427,0.00701612321754419,birds
Pycnonotus cafer,GLM,naive,102,638,8452,0.5664890578846875,0.14202519148747358,birds
Pycnonotus cafer,GLM,tgb,102,638,8452,0.533938657096612,0.24603575172352593,birds
Pycnonotus cafer,BRT,naive,102,638,8452,0.5969463182834431,0.006439303601240162,birds
Pycnonotus cafer,BRT,tgb,102,638,8452,0.5528657497177496,0.010288465271576659,birds
Alcedo atthis,GLM,naive,102,406,8682,0.5690988546599441,0.11860853360251582,birds
Alcedo atthis,GLM,tgb,102,406,8682,0.5516804486492068,0.2690142485537912,birds
Alcedo atthis,BRT,naive,102,406,8682,0.5978044150005164,0.006284006012235232,birds
Alcedo atthis,BRT,tgb,102,406,8682,0.5504092040266766,0.0025235858213301238,birds
Egretta garzetta,GLM,naive,98,412,8682,0.6554798679557975,0.06606248509420462,birds
Egretta garzetta,GLM,tgb,98,412,8682,0.596851705235472,0.2024414999528561,birds
Egretta garzetta,BRT,naive,98,412,8682,0.7060104266611201,0.004486991053749605,birds
Egretta garzetta,BRT,tgb,98,412,8682,0.6469137127814941,0.0028286346568755236,birds
Leptocoma zeylonica,GLM,naive,98,548,8540,0.6075638045094788,0.117565821219197,birds
Leptocoma zeylonica,GLM,tgb,98,548,8540,0.5774592300723089,0.19066661490080367,birds
Leptocoma zeylonica,BRT,naive,98,548,8540,0.6452086787808339,0.005879123012329519,birds
Leptocoma zeylonica,BRT,tgb,98,548,8540,0.5839678883399716,0.00493069845090655,birds
Ocyceros griseus,GLM,naive,97,273,8835,0.7930056738206145,0.17837037365709182,birds
Ocyceros griseus,GLM,tgb,97,273,8835,0.8154853635329018,0.277538976921669,birds
Ocyceros griseus,BRT,naive,97,273,8835,0.8116403498406894,0.005662815656215509,birds
Ocyceros griseus,BRT,tgb,97,273,8835,0.8107900023010379,0.017476525105519166,birds
Vanellus indicus,GLM,naive,96,529,8573,0.6219647695969034,0.13376668755788995,birds
Vanellus indicus,GLM,tgb,96,529,8573,0.6002638961685001,0.2483929472709222,birds
Vanellus indicus,BRT,naive,96,529,8573,0.6491354026809011,0.005185830204271793,birds
Vanellus indicus,BRT,tgb,96,529,8573,0.6209195925926497,0.003782605560762955,birds
Pavo cristatus,GLM,naive,96,684,8419,0.6133119947987322,0.14193090366557773,birds
Pavo cristatus,GLM,tgb,96,684,8419,0.6333503861010565,0.2174110782644385,birds
Pavo cristatus,BRT,naive,96,684,8419,0.6285386229560121,0.005196922889200716,birds
Pavo cristatus,BRT,tgb,96,684,8419,0.6543341467260422,0.010427123833188204,birds
Dinopium benghalense,GLM,naive,96,390,8713,0.6067614851960084,0.15803193583991038,birds
Dinopium benghalense,GLM,tgb,96,390,8713,0.6311832893377711,0.23500962290417585,birds
Dinopium benghalense,BRT,naive,96,390,8713,0.6111798756352871,0.0048086789166883895,birds
Dinopium benghalense,BRT,tgb,96,390,8713,0.6342656272531172,0.004780947204366081,birds
Dicrurus macrocercus,GLM,naive,95,595,8502,0.6298085077361926,0.054087931713431577,birds
Dicrurus macrocercus,GLM,tgb,95,595,8502,0.6411300158736748,0.1102446491661074,birds
Dicrurus macrocercus,BRT,naive,95,595,8502,0.6431166962197723,0.003011663958202763,birds
Dicrurus macrocercus,BRT,tgb,95,595,8502,0.6470544745774103,0.0020909711091021024,birds
Lanius schach,GLM,naive,94,270,8837,0.7317503426250739,0.13993422037837147,birds
Lanius schach,GLM,tgb,94,270,8837,0.6914027301036467,0.35059539986356,birds
Lanius schach,BRT,naive,94,270,8837,0.7442906298852888,0.0042651373551711325,birds
Lanius schach,BRT,tgb,94,270,8837,0.7336765870770624,0.004082108053843893,birds
Terpsiphone paradisi,GLM,naive,94,331,8766,0.6047445051706919,0.1314483164077449,birds
Terpsiphone paradisi,GLM,tgb,94,331,8766,0.5978823013662372,0.2591805833643004,birds
Terpsiphone paradisi,BRT,naive,94,331,8766,0.6124404024613086,0.0033222591362126247,birds
Terpsiphone paradisi,BRT,tgb,94,331,8766,0.627110512809378,0.006200810875268304,birds
Spilornis cheela,GLM,naive,94,344,8769,0.6726520087941931,0.18054453990316086,birds
Spilornis cheela,GLM,tgb,94,344,8769,0.6962854081635359,0.31078375365365307,birds
Spilornis cheela,BRT,naive,94,344,8769,0.6871858979969077,0.006112069395836916,birds
Spilornis cheela,BRT,tgb,94,344,8769,0.7115791092829656,0.013216934092812495,birds
Psilopogon viridis,GLM,naive,93,442,8656,0.661447921981248,0.1957304255708573,birds
Psilopogon viridis,GLM,tgb,93,442,8656,0.6660982678298107,0.2785040405104854,birds
Psilopogon viridis,BRT,naive,93,442,8656,0.6631167876648739,0.005468693669959345,birds
Psilopogon viridis,BRT,tgb,93,442,8656,0.6513139736201604,0.007426552559914364,birds
Tachyspiza badia,GLM,naive,92,400,8703,0.5868645869240492,0.1891968341477213,birds
Tachyspiza badia,GLM,tgb,92,400,8703,0.5573557968516604,0.29169878923344,birds
Tachyspiza badia,BRT,naive,92,400,8703,0.6057284844306561,0.006056605971192297,birds
Tachyspiza badia,BRT,tgb,92,400,8703,0.5818976215098242,0.005967864491760908,birds
Milvus migrans,GLM,naive,87,475,8629,0.7493858530902525,0.031314649554351384,birds
Milvus migrans,GLM,tgb,87,475,8629,0.7273814737330055,0.05565754663087427,birds
Milvus migrans,BRT,naive,87,475,8629,0.7922745210459222,0.0032335176567812357,birds
Milvus migrans,BRT,tgb,87,475,8629,0.7697570615610763,0.0007210245203800354,birds
Motacilla maderaspatensis,GLM,naive,86,376,8740,0.618050416281221,0.11408271815151498,birds
Motacilla maderaspatensis,GLM,tgb,86,376,8740,0.5957431593553727,0.19137100039379032,birds
Motacilla maderaspatensis,BRT,naive,86,376,8740,0.6456132236233506,0.0024681223966855057,birds
Motacilla maderaspatensis,BRT,tgb,86,376,8740,0.6441455888796923,0.0018691174105236303,birds
Eudynamys scolopaceus,GLM,naive,84,378,8719,0.6572258116586595,0.0625793820265226,birds
Eudynamys scolopaceus,GLM,tgb,84,378,8719,0.6280318297751489,0.10310650641434506,birds
Eudynamys scolopaceus,BRT,naive,84,378,8719,0.6916504186259893,0.003044942012989534,birds
Eudynamys scolopaceus,BRT,tgb,84,378,8719,0.6330958783074851,0.0020410540269219465,birds
Centropus sinensis,GLM,naive,84,477,8626,0.6461531394774027,0.1061514484273346,birds
Centropus sinensis,GLM,tgb,84,477,8626,0.622428366097134,0.18334544284771406,birds
Centropus sinensis,BRT,naive,84,477,8626,0.6540258328752088,0.003804790930620802,birds
Centropus sinensis,BRT,tgb,84,477,8626,0.6164761500626306,0.0011148148353568239,birds
Corvus splendens,GLM,naive,83,650,8451,0.6991906283280085,0.037959167826776635,birds
Corvus splendens,GLM,tgb,83,650,8451,0.6648400280349163,0.0702056029151576,birds
Corvus splendens,BRT,naive,83,650,8451,0.7404034115216223,0.003189146917065541,birds
Corvus splendens,BRT,tgb,83,650,8451,0.7240058982550994,0.0007931269724180389,birds
Oriolus kundoo,GLM,naive,82,296,8808,0.5671778726955838,0.16260766837309137,birds
Oriolus kundoo,GLM,tgb,82,296,8808,0.5429431475071802,0.24185935584778617,birds
Oriolus kundoo,BRT,naive,82,296,8808,0.6186781979527212,0.003838068985407573,birds
Oriolus kundoo,BRT,tgb,82,296,8808,0.5739553415813634,0.002640059013083822,birds
Pericrocotus flammeus,GLM,naive,78,291,8826,0.7610792231325287,0.16789333274172347,birds
Pericrocotus flammeus,GLM,tgb,78,291,8826,0.7695542613474872,0.3080937775583891,birds
Pericrocotus flammeus,BRT,naive,78,291,8826,0.7494375801579682,0.002983932245880454,birds
Pericrocotus flammeus,BRT,tgb,78,291,8826,0.7779187234218176,0.006406025546453391,birds
Acridotheres fuscus,GLM,naive,75,330,8785,0.6647584553560649,0.06653947054614834,birds
Acridotheres fuscus,GLM,tgb,75,330,8785,0.6438202169676273,0.1709105430423907,birds
Acridotheres fuscus,BRT,naive,75,330,8785,0.7029085390041565,0.002135341848817797,birds
Acridotheres fuscus,BRT,tgb,75,330,8785,0.6477242544971629,0.0009317855340295842,birds
Acridotheres tristis,GLM,naive,74,622,8495,0.6740420409963115,0.09551356358049684,birds
Acridotheres tristis,GLM,tgb,74,622,8495,0.6479945646105426,0.1417645133916439,birds
Acridotheres tristis,BRT,naive,74,622,8495,0.6872665782217268,0.0028286346568755236,birds
Acridotheres tristis,BRT,tgb,74,622,8495,0.6556794331448988,0.0028896444239846033,birds
Cinnyris asiaticus,GLM,naive,74,333,8780,0.5651080465431263,0.0679537878745861,birds
Cinnyris asiaticus,GLM,tgb,74,333,8780,0.5521732438588931,0.18981247816127655,birds
Cinnyris asiaticus,BRT,naive,74,333,8780,0.5751304835587296,0.0017748295886277795,birds
Cinnyris asiaticus,BRT,tgb,74,333,8780,0.570433075444465,0.0008985074792428133,birds
Prinia socialis,GLM,naive,73,300,8814,0.640990091521065,0.03029966888335487,birds
Prinia socialis,GLM,tgb,73,300,8814,0.6394610846380758,0.1034337406197483,birds
Prinia socialis,BRT,naive,73,300,8814,0.7163713032297103,0.001702727136589776,birds
Prinia socialis,BRT,tgb,73,300,8814,0.6701232887073595,0.0006378293834131083,birds
Dicrurus paradiseus,GLM,naive,73,414,8702,0.6690413220571205,0.1679931669060838,birds
Dicrurus paradiseus,GLM,tgb,73,414,8702,0.6969198596135932,0.2730298004980615,birds
Dicrurus paradiseus,BRT,naive,73,414,8702,0.6771609502840704,0.0020077759721351756,birds
Dicrurus paradiseus,BRT,tgb,73,414,8702,0.6999970577034321,0.005640630286357661,birds
Saxicola caprata,GLM,naive,72,218,8898,0.7389558729824864,0.036777796881846264,birds
Saxicola caprata,GLM,tgb,72,218,8898,0.7605435506587399,0.0804885218442698,birds
Saxicola caprata,BRT,naive,72,218,8898,0.7673387071829357,0.0017193661639831612,birds
Saxicola caprata,BRT,tgb,72,218,8898,0.7710082257429255,0.0007931269724180389,birds
Argya striata,GLM,naive,71,379,8736,0.6300734775338996,0.16585227871480152,birds
Argya striata,GLM,tgb,71,379,8736,0.6487636154522698,0.2466624884220101,birds
Argya striata,BRT,naive,71,379,8736,0.6218875945953782,0.0015807076023716161,birds
Argya striata,BRT,tgb,71,379,8736,0.6470260445359389,0.002046600369386408,birds
Anastomus oscitans,GLM,naive,69,400,8722,0.6340518229763815,0.06820891962795135,birds
Anastomus oscitans,GLM,tgb,69,400,8722,0.6292123366200413,0.1468005923493752,birds
Anastomus oscitans,BRT,naive,69,400,8722,0.6828130016051365,0.0014864197804757653,birds
Anastomus oscitans,BRT,tgb,69,400,8722,0.6657767713827104,0.013799300051580985,birds
Coracias benghalensis,GLM,naive,69,242,8888,0.5686430213269261,0.05663924924708401,birds
Coracias benghalensis,GLM,tgb,69,242,8888,0.5942476995633448,0.12605727153228805,birds
Coracias benghalensis,BRT,naive,69,242,8888,0.6020477047704771,0.0015418832051203833,birds
Coracias benghalensis,BRT,tgb,69,242,8888,0.6252789535151863,0.0014309563558311473,birds
Ardea purpurea,GLM,naive,68,367,8749,0.7223894486345345,0.047066262153422925,birds
Ardea purpurea,GLM,tgb,68,367,8749,0.7182877731764128,0.12631240328565327,birds
Ardea purpurea,BRT,naive,68,367,8749,0.7742013645467618,0.001203556314788213,birds
Ardea purpurea,BRT,tgb,68,367,8749,0.7616814440139987,0.0004936244793371012,birds
Threskiornis melanocephalus,GLM,naive,67,444,8678,0.688350888339365,0.062168952684152436,birds
Threskiornis melanocephalus,GLM,tgb,67,444,8678,0.6705036449217135,0.12378327112185869,birds
Threskiornis melanocephalus,BRT,naive,67,444,8678,0.7269607415666415,0.001669449081803005,birds
Threskiornis melanocephalus,BRT,tgb,67,444,8678,0.7087576744755819,0.0016639027393385432,birds
Geokichla citrina,GLM,naive,66,281,8835,0.5963434012651879,0.15427706199146973,birds
Geokichla citrina,GLM,tgb,66,281,8835,0.6131743087485676,0.2912273501239607,birds
Geokichla citrina,BRT,naive,66,281,8835,0.5808397126440255,0.0014475953832245325,birds
Geokichla citrina,BRT,tgb,66,281,8835,0.6196694238178387,0.001963405232419481,birds
Merops leschenaulti,GLM,naive,65,225,8901,0.7435828683418843,0.08005590713204178,birds
Merops leschenaulti,GLM,tgb,65,225,8901,0.7594852014130746,0.1561239940321355,birds
Merops leschenaulti,BRT,naive,65,225,8901,0.7415281678712755,0.001436502698295609,birds
Merops leschenaulti,BRT,tgb,65,225,8901,0.7532397108939071,0.0019412198625616338,birds
Acritillas indica,GLM,naive,63,235,8892,0.7708966223523894,0.1467728606370529,birds
Acritillas indica,GLM,tgb,63,235,8892,0.8031187488634297,0.2845994708789289,birds
Acritillas indica,BRT,naive,63,235,8892,0.7779519721289038,0.0009317855340295842,birds
Acritillas indica,BRT,tgb,63,235,8892,0.8071367042811612,0.003721595793653875,birds
Psilopogon haemacephalus,GLM,naive,63,226,8891,0.6528855370300882,0.055252663630968556,birds
Psilopogon haemacephalus,GLM,tgb,63,226,8891,0.6373617349950184,0.1472221143766743,birds
Psilopogon haemacephalus,BRT,naive,63,226,8891,0.6865911934411152,0.001985590602277328,birds
Psilopogon haemacephalus,BRT,tgb,63,226,8891,0.6573575943854927,0.0005823659587684901,birds
Lonchura punctulata,GLM,naive,62,325,8796,0.6841763738762374,0.06453169457401317,birds
Lonchura punctulata,GLM,tgb,62,325,8796,0.6662447965858608,0.10371660408543586,birds
Lonchura punctulata,BRT,naive,62,325,8796,0.7255231398887606,0.0013033904791485255,birds
Lonchura punctulata,BRT,tgb,62,325,8796,0.6880756987441844,0.0004270683697635594,birds
Aegithina tiphia,GLM,naive,61,275,8848,0.6076126089100773,0.1437944747336369,birds
Aegithina tiphia,GLM,tgb,61,275,8848,0.6076759000493177,0.2798296163594917,birds
Aegithina tiphia,BRT,naive,61,275,8848,0.6112423968436627,0.0017193661639831612,birds
Aegithina tiphia,BRT,tgb,61,275,8848,0.6479052276837086,0.0028840980815201416,birds
Corvus macrorhynchos,GLM,naive,61,443,8677,0.5802767025563287,0.07539143311942939,birds
Corvus macrorhynchos,GLM,tgb,61,443,8677,0.5542872870885928,0.11310101553530524,birds
Corvus macrorhynchos,BRT,naive,61,443,8677,0.6105770919253855,0.0018802100954525538,birds
Corvus macrorhynchos,BRT,tgb,61,443,8677,0.5795511394514596,0.0004548000820858685,birds
Lonchura striata,GLM,naive,60,307,8816,0.6167631992764119,0.15454883277222836,birds
Lonchura striata,GLM,tgb,60,307,8816,0.6207901535260143,0.31638555954275954,birds
Lonchura striata,BRT,naive,60,307,8816,0.6052206677820013,0.0010926294654989767,birds
Lonchura striata,BRT,tgb,60,307,8816,0.598094152178154,0.0011924636298592892,birds
Dendrocitta vagabunda,GLM,naive,60,377,8746,0.6156906287133308,0.1428682355420718,birds
Dendrocitta vagabunda,GLM,tgb,60,377,8746,0.648919915493009,0.2120255797314461,birds
Dendrocitta vagabunda,BRT,naive,60,377,8746,0.6024980877958003,0.0015252441777269979,birds
Dendrocitta vagabunda,BRT,tgb,60,377,8746,0.6354243940845106,0.004065469026450507,birds
Ardea cinerea,GLM,naive,60,282,8845,0.7121028428931679,0.05835861541106717,birds
Ardea cinerea,GLM,tgb,60,282,8845,0.6750269615802493,0.15127649071819588,birds
Ardea cinerea,BRT,naive,60,282,8845,0.7913751007300676,0.00128675145175514,birds
Ardea cinerea,BRT,tgb,60,282,8845,0.7295502928689127,0.0007210245203800354,birds
Ardea alba,GLM,naive,59,308,8820,0.6856042200429956,0.05770969334272514,birds
Ardea alba,GLM,tgb,59,308,8820,0.6348429631592896,0.11817037254782334,birds
Ardea alba,BRT,naive,59,308,8820,0.7617797876726449,0.001464234410617918,birds
Ardea alba,BRT,tgb,59,308,8820,0.6973065200106016,0.0004769854519437157,birds
Merops philippinus,GLM,naive,59,393,8725,0.7175910817530275,0.0294677175136856,birds
Merops philippinus,GLM,tgb,59,393,8725,0.7142885889892604,0.0551306440967504,birds
Merops philippinus,BRT,naive,59,393,8725,0.7649185969363577,0.0008929611367783515,birds
Merops philippinus,BRT,tgb,59,393,8725,0.7597421932529874,0.0005047171642660247,birds
Anhinga melanogaster,GLM,naive,58,284,8839,0.7027908484963407,0.04272902234621379,birds
Anhinga melanogaster,GLM,tgb,58,284,8839,0.6914494661144831,0.070510651750703,birds
Anhinga melanogaster,BRT,naive,58,284,8839,0.7522499517981289,0.0007376635477734209,birds
Anhinga melanogaster,BRT,tgb,58,284,8839,0.7278199688002435,0.00039379031497678856,birds
Oriolus xanthornus,GLM,naive,58,292,8832,0.6513161976374826,0.16378903931802172,birds
Oriolus xanthornus,GLM,tgb,58,292,8832,0.683238178107008,0.26314067188392615,birds
Oriolus xanthornus,BRT,naive,58,292,8832,0.6187672163490173,0.0009595172463518932,birds
Oriolus xanthornus,BRT,tgb,58,292,8832,0.641764613733373,0.0021519808762111826,birds
Psittacula krameri,GLM,naive,57,348,8769,0.6715870169602164,0.039844924264693646,birds
Psittacula krameri,GLM,tgb,57,348,8769,0.6519029942207594,0.10157016955168914,birds
Psittacula krameri,BRT,naive,57,348,8769,0.7023710746975698,0.001314483164077449,birds
Psittacula krameri,BRT,tgb,57,348,8769,0.6768471876503304,0.0006211903560197228,birds
Loriculus vernalis,GLM,naive,56,194,8935,0.7394296724914763,0.13049989184632194,birds
Loriculus vernalis,GLM,tgb,56,194,8935,0.7706505748850518,0.24865917170921636,birds
Loriculus vernalis,BRT,naive,56,194,8935,0.6948609372385902,0.0009817026162097404,birds
Loriculus vernalis,BRT,tgb,56,194,8935,0.7628796750875452,0.0008985074792428133,birds
Zosterops palpebrosus,GLM,naive,56,180,8948,0.8179586996473451,0.054503907398266216,birds
Zosterops palpebrosus,GLM,tgb,56,180,8948,0.8230032781999702,0.12302342220422742,birds
Zosterops palpebrosus,BRT,naive,56,180,8948,0.8218844682858989,0.0009151465066361987,birds
Zosterops palpebrosus,BRT,tgb,56,180,8948,0.8053860577161874,0.0005879123012329519,birds
Psittacula cyanocephala,GLM,naive,55,225,8910,0.6199630876667914,0.12544717386119722,birds
Psittacula cyanocephala,GLM,tgb,55,225,8910,0.6431370495074198,0.3002290639437823,birds
Psittacula cyanocephala,BRT,naive,55,225,8910,0.6024915824915825,0.0010870831230345148,birds
Psittacula cyanocephala,BRT,tgb,55,225,8910,0.622895622895623,0.0006489220683420318,birds
Cyornis tickelliae,GLM,naive,55,271,8859,0.631488648106935,0.10257405753775672,birds
Cyornis tickelliae,GLM,tgb,55,271,8859,0.6243913979945759,0.1804668911086584,birds
Cyornis tickelliae,BRT,naive,55,271,8859,0.6250536802692782,0.0009428782189585078,birds
Cyornis tickelliae,BRT,tgb,55,271,8859,0.611371928145289,0.0004270683697635594,birds
Dendrocygna javanica,GLM,naive,54,286,8841,0.6974071059581749,0.05884114720547535,birds
Dendrocygna javanica,GLM,tgb,54,286,8841,0.676084406488207,0.09513086595044898,birds
Dendrocygna javanica,BRT,naive,54,286,8841,0.7231473989193703,0.0007376635477734209,birds
Dendrocygna javanica,BRT,tgb,54,286,8841,0.690793766803268,0.0005435415615172574,birds
Motacilla cinerea,GLM,naive,54,196,8933,0.7077449585005837,0.0771052529409481,birds
Motacilla cinerea,GLM,tgb,54,196,8933,0.7143513959933017,0.1235780564506736,birds
Motacilla cinerea,BRT,naive,54,196,8933,0.7118275049860983,0.0006100976710907991,birds
Motacilla cinerea,BRT,tgb,54,196,8933,0.7291897504552028,0.0006600147532709555,birds
Passer domesticus,GLM,naive,54,344,8779,0.7140010384188484,0.027748351349702438,birds
Passer domesticus,GLM,tgb,54,344,8779,0.6859998225151458,0.04226867592166346,birds
Passer domesticus,BRT,naive,54,344,8779,0.7685369022800181,0.0010704440956411294,birds
Passer domesticus,BRT,tgb,54,344,8779,0.7482370720826921,0.000438161054692483,birds
Upupa epops,GLM,naive,53,166,8965,0.620185594581337,0.06925163201127017,birds
Upupa epops,GLM,tgb,53,166,8965,0.5990202863881628,0.14568577751401837,birds
Upupa epops,BRT,naive,53,166,8965,0.6202292717999718,0.0008707757669205043,birds
Upupa epops,BRT,tgb,53,166,8965,0.5787607765137516,0.0005934586436974138,birds
Acrocephalus dumetorum,GLM,naive,53,167,8963,0.5673009665150341,0.11328959117909694,birds
Acrocephalus dumetorum,GLM,tgb,53,167,8963,0.5093247622795244,0.19860897730991298,birds
Acrocephalus dumetorum,BRT,naive,53,167,8963,0.6156066757481355,0.0005879123012329519,birds
Acrocephalus dumetorum,BRT,tgb,53,167,8963,0.5421509986832093,0.000321687862938785,birds
Myophonus horsfieldii,GLM,naive,53,139,8993,0.8236862083778991,0.12464295420385027,birds
Myophonus horsfieldii,GLM,tgb,53,139,8993,0.8334147982403579,0.14706681678766936,birds
Myophonus horsfieldii,BRT,naive,53,139,8993,0.7998715227751081,0.0013366685339352964,birds
Myophonus horsfieldii,BRT,tgb,53,139,8993,0.8194582997007264,0.0009650635888163551,birds
Amaurornis phoenicurus,GLM,naive,53,327,8805,0.61906548093504,0.07010576875079728,birds
Amaurornis phoenicurus,GLM,tgb,53,327,8805,0.5818375367067988,0.10855301471444656,birds
Amaurornis phoenicurus,BRT,naive,53,327,8805,0.6607796862708324,0.0014198636709022235,birds
Amaurornis phoenicurus,BRT,tgb,53,327,8805,0.623963309698583,0.0008929611367783515,birds
Gallus sonneratii,GLM,naive,52,113,9018,0.7782095592492498,0.08747136700702722,birds
Gallus sonneratii,GLM,tgb,52,113,9018,0.7638302549277061,0.12182541223190367,birds
Gallus sonneratii,BRT,naive,52,113,9018,0.7379616381789029,0.0004714391094792539,birds
Gallus sonneratii,BRT,tgb,52,113,9018,0.7766188370554858,0.00042152202729909763,birds
Psittacula columboides,GLM,naive,52,134,8998,0.8321774656391303,0.12088253401294516,birds
Psittacula columboides,GLM,tgb,52,134,8998,0.8167130008990389,0.14490928956899374,birds
Psittacula columboides,BRT,naive,52,134,8998,0.7974508431392714,0.0005879123012329519,birds
Psittacula columboides,BRT,tgb,52,134,8998,0.7896647016086493,0.0012534733969683692,birds
Anas poecilorhyncha,GLM,naive,51,180,8960,0.6770616319444445,0.03577945523824314,birds
Anas poecilorhyncha,GLM,tgb,51,180,8960,0.6783103918650794,0.14917997326662932,birds
Anas poecilorhyncha,BRT,naive,51,180,8960,0.7520027281746033,0.0009872489586742023,birds
Anas poecilorhyncha,BRT,tgb,51,180,8960,0.7199609374999999,0.000499170821801563,birds
Turdus simillimus,GLM,naive,50,144,8991,0.7472418406060382,0.05167527274139069,birds
Turdus simillimus,GLM,tgb,50,144,8991,0.7477207145417022,0.11843105064365304,birds
Turdus simillimus,BRT,naive,50,144,8991,0.7198811465786774,0.0006211903560197228,birds
Turdus simillimus,BRT,tgb,50,144,8991,0.7752250707497622,0.0004769854519437157,birds
Hirundo smithii,GLM,naive,50,167,8970,0.735366724744491,0.05541350756243795,birds
Hirundo smithii,GLM,tgb,50,167,8970,0.7463914979405737,0.1323246385171299,birds
Hirundo smithii,BRT,naive,50,167,8970,0.7241483588007931,0.0007820342874891153,birds
Hirundo smithii,BRT,tgb,50,167,8970,0.7330082310295796,0.0013865856161154526,birds
Nisaetus cirrhatus,GLM,naive,50,142,8992,0.7381530061149817,0.164260478427501,birds
Nisaetus cirrhatus,GLM,tgb,50,142,8992,0.7518420129316827,0.18901380484639405,birds
Nisaetus cirrhatus,BRT,naive,50,142,8992,0.7436485013282542,0.0010704440956411294,birds
Nisaetus cirrhatus,BRT,tgb,50,142,8992,0.740773488797554,0.0009262391915651224,birds
Dicrurus leucophaeus,GLM,naive,50,215,8911,0.6014959300368241,0.08771540607546353,birds
Dicrurus leucophaeus,GLM,tgb,50,215,8911,0.5840014823591433,0.19906377739199885,birds
Dicrurus leucophaeus,BRT,naive,50,215,8911,0.6069918809519459,0.0006822001231288027,birds
Dicrurus leucophaeus,BRT,tgb,50,215,8911,0.5804051955644056,0.000438161054692483,birds
Pitta brachyura,GLM,naive,48,133,8999,0.596194063333687,0.13086595044897642,birds
Pitta brachyura,GLM,tgb,48,133,8999,0.6092815659551145,0.18863665355881065,birds
Pitta brachyura,BRT,naive,48,133,8999,0.6343177646304894,0.000848590397062657,birds
Pitta brachyura,BRT,tgb,48,133,8999,0.6318078784025294,0.0006655610957354173,birds
Ploceus philippinus,GLM,naive,48,235,8901,0.6791873731615142,0.032213157033594196,birds
Ploceus philippinus,GLM,tgb,48,235,8901,0.6692955847657567,0.06280678206756554,birds
Ploceus philippinus,BRT,naive,48,235,8901,0.7114471957489834,0.0007820342874891153,birds
Ploceus philippinus,BRT,tgb,48,235,8901,0.7175727326836335,0.0003105951780098614,birds
Copsychus fulicatus,GLM,naive,48,232,8901,0.6185240712976846,0.05825878124670686,birds
Copsychus fulicatus,GLM,tgb,48,232,8901,0.6227583882477365,0.084526259158398,birds
Copsychus fulicatus,BRT,naive,48,232,8901,0.6642967276051897,0.0008153123422758861,birds
Copsychus fulicatus,BRT,tgb,48,232,8901,0.6827555214640741,0.00028286346568755233,birds
Chloropsis aurifrons,GLM,naive,47,199,8937,0.6242210268079796,0.1265120716143739,birds
Chloropsis aurifrons,GLM,tgb,47,199,8937,0.657285532507564,0.21158741867675362,birds
Chloropsis aurifrons,BRT,naive,47,199,8937,0.6155326256436036,0.0009428782189585078,birds
Chloropsis aurifrons,BRT,tgb,47,199,8937,0.6730564538030872,0.0005490879039817192,birds
Columba livia,GLM,naive,47,516,8617,0.7116185960149083,0.035208181964403576,birds
Columba livia,GLM,tgb,47,516,8617,0.6870502513060086,0.053128414467079686,birds
Columba livia,BRT,naive,47,516,8617,0.7387146194695361,0.0008874147943138897,birds
Columba livia,BRT,tgb,47,516,8617,0.7047966297016983,0.0003605122601900177,birds
Pelargopsis capensis,GLM,naive,47,192,8940,0.7440849878821775,0.06039412309552466,birds
Pelargopsis capensis,GLM,tgb,47,192,8940,0.7072625372856078,0.07201371055857216,birds
Pelargopsis capensis,BRT,naive,47,192,8940,0.7571681580909768,0.0007265708628444972,birds
Pelargopsis capensis,BRT,tgb,47,192,8940,0.712467375093214,0.0003494195752610941,birds
Falco tinnunculus,GLM,naive,44,81,9068,0.6761873253933245,0.08567435204854158,birds
Falco tinnunculus,GLM,tgb,44,81,9068,0.7055334999754939,0.13187538477750846,birds
Falco tinnunculus,BRT,naive,44,81,9068,0.7355767398040594,0.0004159756848346358,birds
Falco tinnunculus,BRT,tgb,44,81,9068,0.7534022774428597,0.0011924636298592892,birds
Sturnia blythii,GLM,naive,44,147,8991,0.6797144839472882,0.10419913587984404,birds
Sturnia blythii,GLM,tgb,44,147,8991,0.7099442602088105,0.1316257993666077,birds
Sturnia blythii,BRT,naive,44,147,8991,0.6749164130116511,0.0004270683697635594,birds
Sturnia blythii,BRT,tgb,44,147,8991,0.6978649095051211,0.00031614152047432323,birds
Treron affinis,GLM,naive,44,158,8978,0.7151941031663899,0.15359486186834093,birds
Treron affinis,GLM,tgb,44,158,8978,0.7414114953289476,0.23874231138275864,birds
Treron affinis,BRT,naive,44,158,8978,0.7040614046713344,0.000499170821801563,birds
Treron affinis,BRT,tgb,44,158,8978,0.7189268563661948,0.0013033904791485255,birds
Pericrocotus cinnamomeus,GLM,naive,44,160,8976,0.5741560828877006,0.09709981752533292,birds
Pericrocotus cinnamomeus,GLM,tgb,44,160,8976,0.5665636140819965,0.1744102851374661,birds
Pericrocotus cinnamomeus,BRT,naive,44,160,8976,0.6169061942959001,0.00044925373962140664,birds
Pericrocotus cinnamomeus,BRT,tgb,44,160,8976,0.6113406584224599,0.0003993366574412504,birds
Orthotomus sutorius,GLM,naive,44,317,8822,0.5988859940770385,0.04415443235958048,birds
Orthotomus sutorius,GLM,tgb,44,317,8822,0.5715335978951388,0.09206928491006605,birds
Orthotomus sutorius,BRT,naive,44,317,8822,0.6307496243618085,0.0006489220683420318,birds
Orthotomus sutorius,BRT,tgb,44,317,8822,0.5880123322322242,0.00039379031497678856,birds
Harpactes fasciatus,GLM,naive,44,125,9013,0.8209572839232221,0.12433790536830487,birds
Harpactes fasciatus,GLM,tgb,44,125,9013,0.832776655941418,0.1926355664756876,birds
Harpactes fasciatus,BRT,naive,44,125,9013,0.808101187174082,0.0005657269313751047,birds
Harpactes fasciatus,BRT,tgb,44,125,9013,0.8406417397093088,0.000321687862938785,birds
Parus cinereus,GLM,naive,43,118,9018,0.7543556953888833,0.04818107698877975,birds
Parus cinereus,GLM,tgb,43,118,9018,0.764190075592694,0.11132618594667747,birds
Parus cinereus,BRT,naive,43,118,9018,0.8135179734692574,0.00038269763004786494,birds
Parus cinereus,BRT,tgb,43,118,9018,0.7812181663039269,0.00024403906843631967,birds
Elanus caeruleus,GLM,naive,42,160,8990,0.5858933537263626,0.060998674424150995,birds
Elanus caeruleus,GLM,tgb,42,160,8990,0.570113320355951,0.16604085435859323,birds
Elanus caeruleus,BRT,naive,42,160,8990,0.6096176307007786,0.0004548000820858685,birds
Elanus caeruleus,BRT,tgb,42,160,8990,0.6480346218020023,0.0003494195752610941,birds
Porphyrio poliocephalus,GLM,naive,42,208,8934,0.7957774749875153,0.04425981286640525,birds
Porphyrio poliocephalus,GLM,tgb,42,208,8934,0.7704372664496909,0.08766548899328339,birds
Porphyrio poliocephalus,BRT,naive,42,208,8934,0.8281075106335348,0.00034387323279663225,birds
Porphyrio poliocephalus,BRT,tgb,42,208,8934,0.7946032658297602,0.00029395615061647595,birds
Pernis ptilorhynchus,GLM,naive,42,296,8842,0.5433007085348185,0.11078819072762466,birds
Pernis ptilorhynchus,GLM,tgb,42,296,8842,0.548615483839415,0.18155952057415736,birds
Pernis ptilorhynchus,BRT,naive,42,296,8842,0.526061121062252,0.0003105951780098614,birds
Pernis ptilorhynchus,BRT,tgb,42,296,8842,0.5391914052709121,0.0015363368626559216,birds
Cinnyris lotenius,GLM,naive,41,218,8918,0.6778898876820614,0.057726332370118524,birds
Cinnyris lotenius,GLM,tgb,41,218,8918,0.6835541354358056,0.1063677557834486,birds
Cinnyris lotenius,BRT,naive,41,218,8918,0.6749955249768019,0.00030504883554539956,birds
Cinnyris lotenius,BRT,tgb,41,218,8918,0.6843827862831795,0.00028286346568755233,birds
Himantopus himantopus,GLM,naive,40,192,8943,0.7073019167691678,0.01798678861224965,birds
Himantopus himantopus,GLM,tgb,40,192,8943,0.678730338439748,0.04692205724934692,birds
Himantopus himantopus,BRT,naive,40,192,8943,0.7939478968653324,0.0003105951780098614,birds
Himantopus himantopus,BRT,tgb,40,192,8943,0.776681715680793,0.00021630735611401062,birds
Gracula indica,GLM,naive,40,153,8989,0.8181357461588855,0.07712189196834147,birds
Gracula indica,GLM,tgb,40,153,8989,0.8391069113520737,0.11144265913843115,birds
Gracula indica,BRT,naive,40,153,8989,0.7860922245562295,0.00044925373962140664,birds
Gracula indica,BRT,tgb,40,153,8989,0.8307801037869814,0.000410429342370174,birds
Lanius cristatus,GLM,naive,40,185,8951,0.5213405115538955,0.08508089340484418,birds
Lanius cristatus,GLM,tgb,40,185,8951,0.5064914987605189,0.1669005374405848,birds
Lanius cristatus,BRT,naive,40,185,8951,0.5551392415765112,0.00039379031497678856,birds
Lanius cristatus,BRT,tgb,40,185,8951,0.5624779958150531,0.00026622443829416693,birds
Mycteria leucocephala,GLM,naive,39,226,8913,0.6319624611162575,0.02713270733614718,birds
Mycteria leucocephala,GLM,tgb,39,226,8913,0.6242572001322519,0.12790420357295382,birds
Mycteria leucocephala,BRT,naive,39,226,8913,0.7465053034793565,0.00044925373962140664,birds
Mycteria leucocephala,BRT,tgb,39,226,8913,0.7040322924951027,0.000205214671185087,birds
Gymnoris xanthocollis,GLM,naive,39,126,9018,0.5869328362675003,0.0661401338887071,birds
Gymnoris xanthocollis,GLM,tgb,39,126,9018,0.6157702232219864,0.15406630097782018,birds
Gymnoris xanthocollis,BRT,naive,39,126,9018,0.5529197337247904,0.0004936244793371012,birds
Gymnoris xanthocollis,BRT,tgb,39,126,9018,0.6675502610299683,0.00035496591772555587,birds
Leptocoma minima,GLM,naive,39,163,8973,0.7398955557880186,0.0871385864591595,birds
Leptocoma minima,GLM,tgb,39,163,8973,0.7520475537040571,0.14920215863648717,birds
Leptocoma minima,BRT,naive,39,163,8973,0.7047099033979922,0.0003494195752610941,birds
Leptocoma minima,BRT,tgb,39,163,8973,0.7766934067369116,0.0006100976710907991,birds
Irena puella,GLM,naive,39,102,9040,0.7725793857365955,0.07900210206379403,birds
Irena puella,GLM,tgb,39,102,9040,0.8004793510324483,0.1347206584617774,birds
Irena puella,BRT,naive,39,102,9040,0.7215718809647752,0.00026622443829416693,birds
Irena puella,BRT,tgb,39,102,9040,0.7822249696338712,0.0002717707807586287,birds
Cecropis daurica,GLM,naive,39,210,8932,0.6235109717868339,0.0780203994475843,birds
Cecropis daurica,GLM,tgb,39,210,8932,0.624871516004521,0.15245786166312625,birds
Cecropis daurica,BRT,naive,39,210,8932,0.6437810547416459,0.00033832689033217047,birds
Cecropis daurica,BRT,tgb,39,210,8932,0.6130147356748342,0.0002495854109007815,birds
Sturnia malabarica,GLM,naive,38,140,8999,0.6048719699014177,0.06276241132784985,birds
Sturnia malabarica,GLM,tgb,38,140,8999,0.5883423554998174,0.13979556181675995,birds
Sturnia malabarica,BRT,naive,38,140,8999,0.6691584779261188,0.000321687862938785,birds
Sturnia malabarica,BRT,tgb,38,140,8999,0.6464130935183274,0.00044370739715694486,birds
Prinia inornata,GLM,naive,38,197,8941,0.6686075723709348,0.03340007432098902,birds
Prinia inornata,GLM,tgb,38,197,8941,0.6573623931730687,0.06204138680746982,birds
Prinia inornata,BRT,naive,38,197,8941,0.6795666118042871,0.00038269763004786494,birds
Prinia inornata,BRT,tgb,38,197,8941,0.6388217854553568,0.00038269763004786494,birds
Tringa glareola,GLM,naive,38,229,8912,0.6648030622564738,0.0166002029961342,birds
Tringa glareola,GLM,tgb,38,229,8912,0.6739002610679482,0.03301737669094116,birds
Tringa glareola,BRT,naive,38,229,8912,0.7606730143548172,0.00046034642455033026,birds
Tringa glareola,BRT,tgb,38,229,8912,0.7550283019607537,0.00022740004104293424,birds
Artamus fuscus,GLM,naive,38,207,8938,0.6272702017008204,0.06337805534140512,birds
Artamus fuscus,GLM,tgb,38,207,8938,0.6588225056562492,0.0852528300212425,birds
Artamus fuscus,BRT,naive,38,207,8938,0.621831770770839,0.00026622443829416693,birds
Artamus fuscus,BRT,tgb,38,207,8938,0.652432808731757,0.0002606780958297051,birds
Anthus rufulus,GLM,naive,38,206,8938,0.5674310840373924,0.03291754252658085,birds
Anthus rufulus,GLM,tgb,38,206,8938,0.558071026510568,0.0656742411216923,birds
Anthus rufulus,BRT,naive,38,206,8938,0.619482215130337,0.00029395615061647595,birds
Anthus rufulus,BRT,tgb,38,206,8938,0.5933578025100639,0.00023294638350739605,birds
Hirundo rustica,GLM,naive,37,139,9002,0.6004469030862846,0.031225908074919994,birds
Hirundo rustica,GLM,tgb,37,139,9002,0.6028412551007849,0.036134421155968696,birds
Hirundo rustica,BRT,naive,37,139,9002,0.6914003123206833,0.00032723420540324685,birds
Hirundo rustica,BRT,tgb,37,139,9002,0.6607316679426954,0.00018302930132723974,birds
Butorides atricapilla,GLM,naive,37,91,9046,0.6981168290034088,0.018513691146373523,birds
Butorides atricapilla,GLM,tgb,37,91,9046,0.6663937433338274,0.022712272391971114,birds
Butorides atricapilla,BRT,naive,37,91,9046,0.7440602731338968,0.0002606780958297051,birds
Butorides atricapilla,BRT,tgb,37,91,9046,0.7280298741718154,0.00021076101364954881,birds
Icthyophaga leucogaster,GLM,naive,37,101,9045,0.9159614468909577,0.014991763681440274,birds
Icthyophaga leucogaster,GLM,tgb,37,101,9045,0.9050260249905587,0.016217505366086335,birds
Icthyophaga leucogaster,BRT,naive,37,101,9045,0.9010546825826861,0.00028286346568755233,birds
Icthyophaga leucogaster,BRT,tgb,37,101,9045,0.8955672681696031,0.000205214671185087,birds
Saxicola maurus,GLM,naive,36,124,9021,0.6629191384976273,0.022928579748085126,birds
Saxicola maurus,GLM,tgb,36,124,9021,0.6587031693074582,0.06594046555998646,birds
Saxicola maurus,BRT,naive,36,124,9021,0.7517459261722648,0.0002551317533652433,birds
Saxicola maurus,BRT,tgb,36,124,9021,0.7543742021305126,0.00019412198625616336,birds
Athene brama,GLM,naive,36,145,8998,0.5634048945742733,0.03790370440213201,birds
Athene brama,GLM,tgb,36,145,8998,0.5122946861754719,0.08601267893887377,birds
Athene brama,BRT,naive,36,145,8998,0.641194594967464,0.00030504883554539956,birds
Athene brama,BRT,tgb,36,145,8998,0.5675598408841812,0.00038269763004786494,birds
Actitis hypoleucos,GLM,naive,36,195,8947,0.7250578191228688,0.013194748722954647,birds
Actitis hypoleucos,GLM,tgb,36,195,8947,0.7053955917038515,0.038219845922606334,birds
Actitis hypoleucos,BRT,naive,36,195,8947,0.734304866550312,0.00027731712322309055,birds
Actitis hypoleucos,BRT,tgb,36,195,8947,0.7114529150295328,0.00018857564379170155,birds
Ardea intermedia,GLM,naive,35,279,8865,0.6643713851944844,0.027332375664867802,birds
Ardea intermedia,GLM,tgb,35,279,8865,0.6488684306816505,0.07419342314710564,birds
Ardea intermedia,BRT,naive,35,279,8865,0.6913095072038362,0.00033278054786770863,birds
Ardea intermedia,BRT,tgb,35,279,8865,0.6705217853626783,0.00044370739715694486,birds
Pastor roseus,GLM,naive,35,110,9030,0.5951062116178396,0.046971974331527076,birds
Pastor roseus,GLM,tgb,35,110,9030,0.5797503271921876,0.10822023416657885,birds
Pastor roseus,BRT,naive,35,110,9030,0.6850588945937783,0.00022185369857847243,birds
Pastor roseus,BRT,tgb,35,110,9030,0.6705567300916138,0.00017748295886277793,birds
Rubigula gularis,GLM,naive,35,139,9001,0.8115241392043571,0.08136484395365476,birds
Rubigula gularis,GLM,tgb,35,139,9001,0.8303945444910596,0.21742217094936744,birds
Rubigula gularis,BRT,naive,35,139,9001,0.7391089239484981,0.00021076101364954881,birds
Rubigula gularis,BRT,tgb,35,139,9001,0.8041216843212466,0.00028286346568755233,birds
Sitta frontalis,GLM,naive,35,112,9035,0.8558808996758638,0.07035535416169807,birds
Sitta frontalis,GLM,tgb,35,112,9035,0.8584413787651197,0.1347317511467063,birds
Sitta frontalis,BRT,naive,35,112,9035,0.8321893035022532,0.00021630735611401062,birds
Sitta frontalis,BRT,tgb,35,112,9035,0.8537344849395209,0.00018857564379170155,birds
Glaucidium radiatum,GLM,naive,34,140,9003,0.6848732962028531,0.0593569570546703,birds
Glaucidium radiatum,GLM,tgb,34,140,9003,0.7024174481522033,0.09613475393651656,birds
Glaucidium radiatum,BRT,naive,34,140,9003,0.6426659367512416,0.00035496591772555587,birds
Glaucidium radiatum,BRT,tgb,34,140,9003,0.6618809603148158,0.00023294638350739605,birds
Chrysocolaptes socialis,GLM,naive,34,141,9004,0.7444138302598372,0.07952345825545344,birds
Chrysocolaptes socialis,GLM,tgb,34,141,9004,0.7627823410241626,0.12998962833959146,birds
Chrysocolaptes socialis,BRT,naive,34,141,9004,0.7128683548052718,0.0003105951780098614,birds
Chrysocolaptes socialis,BRT,tgb,34,141,9004,0.7727306382348585,0.0002551317533652433,birds
Chalcophaps indica,GLM,naive,33,62,9086,0.7069081820312,0.07279574484606126,birds
Chalcophaps indica,GLM,tgb,33,62,9086,0.7276739116542288,0.11597402093189646,birds
Chalcophaps indica,BRT,naive,33,62,9086,0.6709276234973336,0.0002495854109007815,birds
Chalcophaps indica,BRT,tgb,33,62,9086,0.7294792413709854,0.00017193661639831613,birds
Sturnia pagodarum,GLM,naive,33,107,9042,0.6267408376692775,0.02818096606193046,birds
Sturnia pagodarum,GLM,tgb,33,107,9042,0.633506771101423,0.03710503108724952,birds
Sturnia pagodarum,BRT,naive,33,107,9042,0.6967991532764026,0.0002606780958297051,birds
Sturnia pagodarum,BRT,tgb,33,107,9042,0.6968952779035322,0.00018302930132723974,birds
Monticola cinclorhyncha,GLM,naive,33,67,9079,0.7623053364086056,0.05877459109590181,birds
Monticola cinclorhyncha,GLM,tgb,33,67,9079,0.7773638690565238,0.1027959112363352,birds
Monticola cinclorhyncha,BRT,naive,33,67,9079,0.7423314093701554,0.0002495854109007815,birds
Monticola cinclorhyncha,BRT,tgb,33,67,9079,0.7593626755527354,0.00017193661639831613,birds
Muscicapa muttui,GLM,naive,33,72,9074,0.6372189772977738,0.09356125103300629,birds
Muscicapa muttui,GLM,tgb,33,72,9074,0.6724845713026231,0.177255558821735,birds
Muscicapa muttui,BRT,naive,33,72,9074,0.6379261259275586,0.0003771512875834031,birds
Muscicapa muttui,BRT,tgb,33,72,9074,0.68119076482257,0.00018302930132723974,birds
Egretta gularis,GLM,naive,33,110,9030,0.8618131480922178,0.013405509736604196,birds
Egretta gularis,GLM,tgb,33,110,9030,0.8070270814456861,0.020488189063721927,birds
Egretta gularis,BRT,naive,33,110,9030,0.8705879391925903,0.0003105951780098614,birds
Egretta gularis,BRT,tgb,33,110,9030,0.8263827645222995,0.00019412198625616336,birds
Hypothymis azurea,GLM,naive,33,133,9010,0.6730366426610366,0.09915751057964825,birds
Hypothymis azurea,GLM,tgb,33,133,9010,0.6856433536671868,0.14412170893904014,birds
Hypothymis azurea,BRT,naive,33,133,9010,0.6622991997196098,0.00023849272597185786,birds
Hypothymis azurea,BRT,tgb,33,133,9010,0.6656947585389668,0.0006489220683420318,birds
Motacilla flava,GLM,naive,33,118,9026,0.676090165134996,0.013216934092812495,birds
Motacilla flava,GLM,tgb,33,118,9026,0.6448555397401857,0.020965174515665645,birds
Motacilla flava,BRT,naive,33,118,9026,0.743946865364465,0.0002995024930809378,birds
Motacilla flava,BRT,tgb,33,118,9026,0.6906479210717063,0.00017748295886277793,birds
Ketupa zeylonensis,GLM,naive,33,95,9055,0.7115987096399199,0.07381627185952223,birds
Ketupa zeylonensis,GLM,tgb,33,95,9055,0.7075590688482665,0.15918557507251843,birds
Ketupa zeylonensis,BRT,naive,33,95,9055,0.74079920950914,0.00021630735611401062,birds
Ketupa zeylonensis,BRT,tgb,33,95,9055,0.7421011944549392,0.00021630735611401062,birds
Treron phoenicopterus,GLM,naive,32,114,9032,0.641896065451494,0.058003649493341615,birds
Treron phoenicopterus,GLM,tgb,32,114,9032,0.653902110235731,0.15431588638872096,birds
Treron phoenicopterus,BRT,naive,32,114,9032,0.6659635137445029,0.000205214671185087,birds
Treron phoenicopterus,BRT,tgb,32,114,9032,0.6650330986900377,0.00022740004104293424,birds
Dendrocitta leucogastra,GLM,naive,32,72,9074,0.8586269071584258,0.0370051969228892,birds
Dendrocitta leucogastra,GLM,tgb,32,72,9074,0.8499911223765092,0.056145624767746906,birds
Dendrocitta leucogastra,BRT,naive,32,72,9074,0.8287414591139519,0.00021630735611401062,birds
Dendrocitta leucogastra,BRT,tgb,32,72,9074,0.8514406240050939,0.00028286346568755233,birds
Phalacrocorax fuscicollis,GLM,naive,32,213,8931,0.6539278968702672,0.018480413091586753,birds
Phalacrocorax fuscicollis,GLM,tgb,32,213,8931,0.6570888023621894,0.02086534035130533,birds
Phalacrocorax fuscicollis,BRT,naive,32,213,8931,0.7547315017639147,0.000205214671185087,birds
Phalacrocorax fuscicollis,BRT,tgb,32,213,8931,0.7218913075361811,0.00016639027393385432,birds
Galerida malabarica,GLM,naive,32,69,9077,0.7391799308013725,0.029179307705533584,birds
Galerida malabarica,GLM,tgb,32,69,9077,0.7718265467905024,0.04848612582432515,birds
Galerida malabarica,BRT,naive,32,69,9077,0.7451529826141242,0.00019412198625616336,birds
Galerida malabarica,BRT,tgb,32,69,9077,0.7975165771746714,0.00031614152047432323,birds
Pandion haliaetus,GLM,naive,31,47,9097,0.6701694970752574,0.011436558161720253,birds
Pandion haliaetus,GLM,tgb,31,47,9097,0.6826426294382764,0.06249064054709122,birds
Pandion haliaetus,BRT,naive,31,47,9097,0.7148416943626494,0.00028286346568755233,birds
Pandion haliaetus,BRT,tgb,31,47,9097,0.6678049111350713,0.00017193661639831613,birds
Machlolophus aplonotus,GLM,naive,31,94,9052,0.8341015503803085,0.02824197582903954,birds
Machlolophus aplonotus,GLM,tgb,31,94,9052,0.8115368885211685,0.1192796410407157,birds
Machlolophus aplonotus,BRT,naive,31,94,9052,0.8126427920008273,0.00024403906843631967,birds
Machlolophus aplonotus,BRT,tgb,31,94,9052,0.8367893306757176,0.00023294638350739605,birds
Argya affinis,GLM,naive,31,225,8919,0.7691804013902904,0.06897986123051154,birds
Argya affinis,GLM,tgb,31,225,8919,0.7792662356268143,0.09794286157993111,birds
Argya affinis,BRT,naive,31,225,8919,0.7413471864060496,0.00018302930132723974,birds
Argya affinis,BRT,tgb,31,225,8919,0.7798726812921228,0.0010593514107122058,birds
Carpodacus erythrinus,GLM,naive,30,67,9081,0.708242730845278,0.03506952340279203,birds
Carpodacus erythrinus,GLM,tgb,30,67,9081,0.6911396108325237,0.060887747574861754,birds
Carpodacus erythrinus,BRT,naive,30,67,9081,0.6998637470066253,0.0002495854109007815,birds
Carpodacus erythrinus,BRT,tgb,30,67,9081,0.7095888249535276,0.0001497512465404689,birds
Dicrurus aeneus,GLM,naive,30,164,8982,0.7206723745594169,0.12216928546470031,birds
Dicrurus aeneus,GLM,tgb,30,164,8982,0.7265289386360797,0.13922428854292038,birds
Dicrurus aeneus,BRT,naive,30,164,8982,0.6740194481103127,0.00016639027393385432,birds
Dicrurus aeneus,BRT,tgb,30,164,8982,0.7027849737415209,0.00022185369857847243,birds
Chlidonias hybrida,GLM,naive,30,124,9024,0.845699103466026,0.009977870093566798,birds
Chlidonias hybrida,GLM,tgb,30,124,9024,0.8399384794669412,0.029384522376718673,birds
Chlidonias hybrida,BRT,naive,30,124,9024,0.8402047943834362,0.00026622443829416693,birds
Chlidonias hybrida,BRT,tgb,30,124,9024,0.8418822208876687,0.0001497512465404689,birds
Ceryle rudis,GLM,naive,29,135,9018,0.6269001092465275,0.029512088253401295,birds
Ceryle rudis,GLM,tgb,29,135,9018,0.578739640061441,0.06954004181942218,birds
Ceryle rudis,BRT,naive,29,135,9018,0.7084826232309044,0.00017748295886277793,birds
Ceryle rudis,BRT,tgb,29,135,9018,0.7013528498558439,0.00014420490407600708,birds
Pellorneum ruficeps,GLM,naive,29,120,9026,0.6251431051037742,0.07510856965374184,birds
Pellorneum ruficeps,GLM,tgb,29,120,9026,0.6172695546199867,0.18694501910714978,birds
Pellorneum ruficeps,BRT,naive,29,120,9026,0.7072983602924885,0.00014420490407600708,birds
Pellorneum ruficeps,BRT,tgb,29,120,9026,0.6955665115591994,0.00014420490407600708,birds
Ocyceros birostris,GLM,naive,29,160,8989,0.7411370842140395,0.026633536514345614,birds
Ocyceros birostris,GLM,tgb,29,160,8989,0.7260255590165758,0.10513092141387362,birds
Ocyceros birostris,BRT,naive,29,160,8989,0.7740578762932473,0.00030504883554539956,birds
Ocyceros birostris,BRT,tgb,29,160,8989,0.7372914117254423,0.00021076101364954881,birds
Muscicapa dauurica,GLM,naive,29,137,9013,0.5723371188899085,0.054470629343479446,birds
Muscicapa dauurica,GLM,tgb,29,137,9013,0.5738539870632929,0.0775101359408538,birds
Muscicapa dauurica,BRT,naive,29,137,9013,0.5690563751790803,0.00018857564379170155,birds
Muscicapa dauurica,BRT,tgb,29,137,9013,0.5747804671435663,0.00018302930132723974,birds
Hierococcyx varius,GLM,naive,28,132,9017,0.5493915533285612,0.09241870448532716,birds
Hierococcyx varius,GLM,tgb,28,132,9017,0.5452520659629454,0.16526991275603303,birds
Hierococcyx varius,BRT,naive,28,132,9017,0.5501392991689099,0.00013865856161154527,birds
Hierococcyx varius,BRT,tgb,28,132,9017,0.556036409341278,0.0001497512465404689,birds
Eumyias albicaudatus,GLM,naive,28,53,9097,0.8911314325062585,0.011175880065890549,birds
Eumyias albicaudatus,GLM,tgb,28,53,9097,0.8766543397056049,0.01323357312020588,birds
Eumyias albicaudatus,BRT,naive,28,53,9097,0.9215727349468309,0.0001996683287206252,birds
Eumyias albicaudatus,BRT,tgb,28,53,9097,0.9383541329196231,0.0002717707807586287,birds
Dicaeum concolor,GLM,naive,28,113,9036,0.7390702676021578,0.07479797447573198,birds
Dicaeum concolor,GLM,tgb,28,113,9036,0.7615251873528501,0.14504240178814082,birds
Dicaeum concolor,BRT,naive,28,113,9036,0.7353496535000608,0.00016639027393385432,birds
Dicaeum concolor,BRT,tgb,28,113,9036,0.7815640094489299,0.0001497512465404689,birds
Dicrurus caerulescens,GLM,naive,27,101,9050,0.7963820359936546,0.0620580258348632,birds
Dicrurus caerulescens,GLM,tgb,27,101,9050,0.795080137848039,0.0735445010787636,birds
Dicrurus caerulescens,BRT,naive,27,101,9050,0.7619714457633608,0.00013865856161154527,birds
Dicrurus caerulescens,BRT,tgb,27,101,9050,0.787410973141513,0.00013311221914708346,birds
Otus bakkamoena,GLM,naive,27,68,9082,0.6434576473179011,0.05335026816565816,birds
Otus bakkamoena,GLM,tgb,27,68,9082,0.6302867987097944,0.09397722671784092,birds
Otus bakkamoena,BRT,naive,27,68,9082,0.6398969519540916,0.0001497512465404689,birds
Otus bakkamoena,BRT,tgb,27,68,9082,0.5862420171768333,0.00013311221914708346,birds
Metopidius indicus,GLM,naive,27,195,8951,0.7255433428151561,0.015368914969023678,birds
Metopidius indicus,GLM,tgb,27,195,8951,0.7006780505830891,0.013810392736509908,birds
Metopidius indicus,BRT,naive,27,195,8951,0.7594647783230063,0.00016639027393385432,birds
Metopidius indicus,BRT,tgb,27,195,8951,0.7502212902726811,0.00013311221914708346,birds
Pycnonotus luteolus,GLM,naive,27,131,9020,0.71055838594472,0.04468133489370435,birds
Pycnonotus luteolus,GLM,tgb,27,131,9020,0.6976684551717134,0.08089895118663996,birds
Pycnonotus luteolus,BRT,naive,27,131,9020,0.7136118210592237,0.00013865856161154527,birds
Pycnonotus luteolus,BRT,tgb,27,131,9020,0.6959817877151706,0.00013311221914708346,birds
Hemicircus canente,GLM,naive,27,65,9081,0.7820267168136346,0.058591561794574566,birds
Hemicircus canente,GLM,tgb,27,65,9081,0.7999254572098973,0.1329347361882207,birds
Hemicircus canente,BRT,naive,27,65,9081,0.7826721896097515,0.00016639027393385432,birds
Hemicircus canente,BRT,tgb,27,65,9081,0.8160258527949311,0.00013865856161154527,birds
Ictinaetus malaiensis,GLM,naive,27,130,9024,0.6871948308783415,0.06939029057288171,birds
Ictinaetus malaiensis,GLM,tgb,27,130,9024,0.7027729473540644,0.12317317345076789,birds
Ictinaetus malaiensis,BRT,naive,27,130,9024,0.6612234894980905,0.00013311221914708346,birds
Ictinaetus malaiensis,BRT,tgb,27,130,9024,0.6998180066830332,0.00013865856161154527,birds
Culicicapa ceylonensis,GLM,naive,27,50,9099,0.8746961204527971,0.017942417872533957,birds
Culicicapa ceylonensis,GLM,tgb,27,50,9099,0.8724475217056818,0.021242491638888736,birds
Culicicapa ceylonensis,BRT,naive,27,50,9099,0.8474096054511485,0.00024403906843631967,birds
Culicicapa ceylonensis,BRT,tgb,27,50,9099,0.9036454555445653,0.00017193661639831613,birds
Cyornis pallidipes,GLM,naive,26,44,9107,0.7137940844704872,0.04023871457967044,birds
Cyornis pallidipes,GLM,tgb,26,44,9107,0.7274449224871976,0.09904658373035902,birds
Cyornis pallidipes,BRT,naive,26,44,9107,0.8390074568014614,0.0001552975890049307,birds
Cyornis pallidipes,BRT,tgb,26,44,9107,0.8883950407778233,0.00012756587668262166,birds
Plegadis falcinellus,GLM,naive,26,194,8954,0.6996550525135342,0.020660125680120246,birds
Plegadis falcinellus,GLM,tgb,26,194,8954,0.648776449619936,0.10701113150932617,birds
Plegadis falcinellus,BRT,naive,26,194,8954,0.7786205094077634,0.00013311221914708346,birds
Plegadis falcinellus,BRT,tgb,26,194,8954,0.7049800929838418,0.00012756587668262166,birds
Dicaeum erythrorhynchos,GLM,naive,26,161,8984,0.5973988263469079,0.029295780897287283,birds
Dicaeum erythrorhynchos,GLM,tgb,26,161,8984,0.5933930852917263,0.04616775467418011,birds
Dicaeum erythrorhynchos,BRT,naive,26,161,8984,0.6165370596726825,0.00019412198625616336,birds
Dicaeum erythrorhynchos,BRT,tgb,26,161,8984,0.5826140882618098,0.00013311221914708346,birds
Monticola solitarius,GLM,naive,25,39,9116,0.6371299827859722,0.03476447456724663,birds
Monticola solitarius,GLM,tgb,25,39,9116,0.6245991831775071,0.1023022867569981,birds
Monticola solitarius,BRT,naive,25,39,9116,0.6984366737547957,0.00012201953421815983,birds
Monticola solitarius,BRT,tgb,25,39,9116,0.6652406026034811,0.00012756587668262166,birds
Copsychus malabaricus,GLM,naive,25,74,9077,0.7740055798885808,0.051913765467362545,birds
Copsychus malabaricus,GLM,tgb,25,74,9077,0.7888857790256931,0.13619598555732423,birds
Copsychus malabaricus,BRT,naive,25,74,9077,0.7326804605641226,0.00013865856161154527,birds
Copsychus malabaricus,BRT,tgb,25,74,9077,0.7539340596518078,0.0001608439314693925,birds
Circus aeruginosus,GLM,naive,25,105,9047,0.7241853389968788,0.02333346274799084,birds
Circus aeruginosus,GLM,tgb,25,105,9047,0.6020517193281646,0.05681118586348233,birds
Circus aeruginosus,BRT,naive,25,105,9047,0.7543231905340891,0.00012201953421815983,birds
Circus aeruginosus,BRT,tgb,25,105,9047,0.6927542410796529,0.00012201953421815983,birds
Psilopogon malabaricus,GLM,naive,25,95,9056,0.669241677515343,0.027615239130555354,birds
Psilopogon malabaricus,GLM,tgb,25,95,9056,0.7054212386088897,0.04729920853693032,birds
Psilopogon malabaricus,BRT,naive,25,95,9056,0.6366840245490051,0.00013865856161154527,birds
Psilopogon malabaricus,BRT,tgb,25,95,9056,0.7395945694625256,0.00014420490407600708,birds
Tephrodornis sylvicola,GLM,naive,25,70,9082,0.7886368641268443,0.053988097549071266,birds
Tephrodornis sylvicola,GLM,tgb,25,70,9082,0.8071585868436782,0.07567429658511694,birds
Tephrodornis sylvicola,BRT,naive,25,70,9082,0.7580111366281814,0.00013865856161154527,birds
Tephrodornis sylvicola,BRT,tgb,25,70,9082,0.8009264793783621,0.00014420490407600708,birds
Galloperdix spadicea,GLM,naive,25,100,9047,0.5467083010942854,0.04582388144138348,birds
Galloperdix spadicea,GLM,tgb,25,100,9047,0.5609329059356692,0.08391061514484273,birds
Galloperdix spadicea,BRT,naive,25,100,9047,0.5268785232673815,0.00013865856161154527,birds
Galloperdix spadicea,BRT,tgb,25,100,9047,0.5656140156958107,0.00012756587668262166,birds
Batrachostomus moniliger,GLM,naive,24,35,9115,0.7987116997100541,0.050194399303379385,birds
Batrachostomus moniliger,GLM,tgb,24,35,9115,0.8044855418854321,0.06957331987420895,birds
Batrachostomus moniliger,BRT,naive,24,35,9115,0.8141274194812318,0.0001552975890049307,birds
Batrachostomus moniliger,BRT,tgb,24,35,9115,0.8313329676357653,0.00012756587668262166,birds
Prinia hodgsonii,GLM,naive,24,120,9029,0.555867205670617,0.03268459614307345,birds
Prinia hodgsonii,GLM,tgb,24,120,9029,0.5750922951969579,0.058558283739787796,birds
Prinia hodgsonii,BRT,naive,24,120,9029,0.5493797762764425,0.00014420490407600708,birds
Prinia hodgsonii,BRT,tgb,24,120,9029,0.586681341602983,0.00012201953421815983,birds
Ptyonoprogne concolor,GLM,naive,24,124,9029,0.6837930825047606,0.04158647579853466,birds
Ptyonoprogne concolor,GLM,tgb,24,124,9029,0.6744843675754469,0.08605704967858946,birds
Ptyonoprogne concolor,BRT,naive,24,124,9029,0.7505903915340891,0.0001497512465404689,birds
Ptyonoprogne concolor,BRT,tgb,24,124,9029,0.7361476818423789,0.00012201953421815983,birds
Fulica atra,GLM,naive,24,77,9076,0.7792780159461516,0.008214133189867941,birds
Fulica atra,GLM,tgb,24,77,9076,0.7366466719706033,0.04882999905712178,birds
Fulica atra,BRT,naive,24,77,9076,0.778104663076016,0.00019412198625616336,birds
Fulica atra,BRT,tgb,24,77,9076,0.797215290218816,0.00012201953421815983,birds
Clamator jacobinus,GLM,naive,24,95,9059,0.6091888845637662,0.03225752777330989,birds
Clamator jacobinus,GLM,tgb,24,95,9059,0.6276863369373871,0.06260156739638045,birds
Clamator jacobinus,BRT,naive,24,95,9059,0.6073018399846619,0.00016639027393385432,birds
Clamator jacobinus,BRT,tgb,24,95,9059,0.6162013932059424,0.00014420490407600708,birds
Eumyias thalassinus,GLM,naive,23,78,9075,0.717995337995338,0.05347783404234078,birds
Eumyias thalassinus,GLM,tgb,23,78,9075,0.7318414918414919,0.09503657812855312,birds
Eumyias thalassinus,BRT,naive,23,78,9075,0.7160471851380942,0.00011092684928923622,birds
Eumyias thalassinus,BRT,tgb,23,78,9075,0.7622250476795932,0.00011647319175369802,birds
Tachybaptus ruficollis,GLM,naive,23,118,9036,0.4912853294918256,0.017238032379547307,birds
Tachybaptus ruficollis,GLM,tgb,23,118,9036,0.5267132974692568,0.04224649055180561,birds
Tachybaptus ruficollis,BRT,naive,23,118,9036,0.6063035991626714,0.00016639027393385432,birds
Tachybaptus ruficollis,BRT,tgb,23,118,9036,0.5345538748958967,0.00012756587668262166,birds
Arachnothera longirostra,GLM,naive,23,49,9101,0.8352031286088768,0.0491905113173118,birds
Arachnothera longirostra,GLM,tgb,23,49,9101,0.8269017309154186,0.1156190550141709,birds
Arachnothera longirostra,BRT,naive,23,49,9101,0.7323864388080251,0.00011647319175369802,birds
Arachnothera longirostra,BRT,tgb,23,49,9101,0.7680788610356789,0.00012756587668262166,birds
Nycticorax nycticorax,GLM,naive,23,180,8968,0.7391831450094162,0.01795351055746288,birds
Nycticorax nycticorax,GLM,tgb,23,180,8968,0.6798524382991377,0.06167532820481533,birds
Nycticorax nycticorax,BRT,naive,23,180,8968,0.7481780899990088,0.00012201953421815983,birds
Nycticorax nycticorax,BRT,tgb,23,180,8968,0.7006232034889484,0.00013865856161154527,birds
Thinornis dubius,GLM,naive,23,113,9043,0.5896566943188835,0.01647263711945158,birds
Thinornis dubius,GLM,tgb,23,113,9043,0.6232239477266432,0.019744979173484046,birds
Thinornis dubius,BRT,naive,23,113,9043,0.7060122776234294,0.00011647319175369802,birds
Thinornis dubius,BRT,tgb,23,113,9043,0.6905424329579717,0.00011647319175369802,birds
Rhipidura albogularis,GLM,naive,23,147,9005,0.8144666417372058,0.00888524062806782,birds
Rhipidura albogularis,GLM,tgb,23,147,9005,0.7592320215148802,0.011253528860393014,birds
Rhipidura albogularis,BRT,naive,23,147,9005,0.7988026304358499,0.0001552975890049307,birds
Rhipidura albogularis,BRT,tgb,23,147,9005,0.7571817622107144,0.00011647319175369802,birds
Phylloscopus trochiloides,GLM,naive,22,68,9085,0.5715610735213181,0.03500851363568295,birds
Phylloscopus trochiloides,GLM,tgb,22,68,9085,0.5545825374728868,0.08614024481555638,birds
Phylloscopus trochiloides,BRT,naive,22,68,9085,0.6013427109974425,0.00011647319175369802,birds
Phylloscopus trochiloides,BRT,tgb,22,68,9085,0.5790564602285603,0.00010538050682477441,birds
Spilopelia senegalensis,GLM,naive,22,115,9035,0.7181444142344988,0.01855806188608922,birds
Spilopelia senegalensis,GLM,tgb,22,115,9035,0.7151396742138062,0.0563785711512543,birds
Spilopelia senegalensis,BRT,naive,22,115,9035,0.7771747551791344,0.00021076101364954881,birds
Spilopelia senegalensis,BRT,tgb,22,115,9035,0.8012915954861529,0.00013311221914708346,birds
Argya subrufa,GLM,naive,22,93,9059,0.7707466109269342,0.04113722205891325,birds
Argya subrufa,GLM,tgb,22,93,9059,0.7918958986904249,0.06556886061486752,birds
Argya subrufa,BRT,naive,22,93,9059,0.6604932776410792,0.00011647319175369802,birds
Argya subrufa,BRT,tgb,22,93,9059,0.7489326244796657,0.00012756587668262166,birds
Butastur teesa,GLM,naive,22,55,9095,0.6610405317607078,0.04749887686565095,birds
Butastur teesa,GLM,tgb,22,55,9095,0.6790464291069019,0.10938496608411583,birds
Butastur teesa,BRT,naive,22,55,9095,0.6599910040481782,0.00010538050682477441,birds
Butastur teesa,BRT,tgb,22,55,9095,0.6983857264231096,0.00010538050682477441,birds
Picus chlorolophus,GLM,naive,22,69,9087,0.7397396822662731,0.05506408798717686,birds
Picus chlorolophus,GLM,tgb,22,69,9087,0.7661797471463454,0.09210256296485282,birds
Picus chlorolophus,BRT,naive,22,69,9087,0.6762280244273153,0.00010538050682477441,birds
Picus chlorolophus,BRT,tgb,22,69,9087,0.7498098095224425,0.00010538050682477441,birds
Pseudibis papillosa,GLM,naive,22,120,9037,0.7275432481280661,0.023045052939838825,birds
Pseudibis papillosa,GLM,tgb,22,120,9037,0.7506897569252332,0.09851968119623514,birds
Pseudibis papillosa,BRT,naive,22,120,9037,0.8213142266976504,0.00011647319175369802,birds
Pseudibis papillosa,BRT,tgb,22,120,9037,0.8291864925675925,0.0001608439314693925,birds
Tringa totanus,GLM,naive,22,56,9093,0.8600257655025059,0.008014464861147316,birds
Tringa totanus,GLM,tgb,22,56,9093,0.7719713751551429,0.0086412015596315,birds
Tringa totanus,BRT,naive,22,56,9093,0.8434136934219415,0.00013865856161154527,birds
Tringa totanus,BRT,tgb,22,56,9093,0.8475200703838117,0.00011092684928923622,birds
Tringa nebularia,GLM,naive,22,124,9029,0.7935371330372741,0.010881923915274072,birds
Tringa nebularia,GLM,tgb,22,124,9029,0.7264013090436193,0.020210871940498837,birds
Tringa nebularia,BRT,naive,22,124,9029,0.7544225774297157,0.00010538050682477441,birds
Tringa nebularia,BRT,tgb,22,124,9029,0.7231863100618438,0.00010538050682477441,birds
Hemipus picatus,GLM,naive,22,86,9067,0.7100749972427484,0.0471716426602477,birds
Hemipus picatus,GLM,tgb,22,86,9067,0.7077249211939028,0.10948480024847614,birds
Hemipus picatus,BRT,naive,22,86,9067,0.717230385681785,0.0001552975890049307,birds
Hemipus picatus,BRT,tgb,22,86,9067,0.7527976485132644,0.00010538050682477441,birds
Dryocopus javensis,GLM,naive,22,46,9111,0.7228028231521381,0.0436719005651723,birds
Dryocopus javensis,GLM,tgb,22,46,9111,0.7355490019231411,0.06889111975108016,birds
Dryocopus javensis,BRT,naive,22,46,9111,0.7394167585288687,0.00010538050682477441,birds
Dryocopus javensis,BRT,tgb,22,46,9111,0.7850567636826961,0.00010538050682477441,birds
Lalage melanoptera,GLM,naive,21,94,9058,0.6123633510755744,0.06131481594462532,birds
Lalage melanoptera,GLM,tgb,21,94,9058,0.6503889825850431,0.08825894763698079,birds
Lalage melanoptera,BRT,naive,21,94,9058,0.6253517520658827,0.00010538050682477441,birds
Lalage melanoptera,BRT,tgb,21,94,9058,0.6613361645753372,0.00016639027393385432,birds
Chloropsis jerdoni,GLM,naive,21,121,9032,0.6091152486292997,0.07030543707951792,birds
Chloropsis jerdoni,GLM,tgb,21,121,9032,0.5996319788593724,0.11553585987720398,birds
Chloropsis jerdoni,BRT,naive,21,121,9032,0.554946050406635,0.00010538050682477441,birds
Chloropsis jerdoni,BRT,tgb,21,121,9032,0.582361886844937,0.00010538050682477441,birds
Alcippe poioicephala,GLM,naive,21,78,9075,0.7153789644698736,0.04891319419408871,birds
Alcippe poioicephala,GLM,tgb,21,78,9075,0.7051310305855762,0.12437118342309164,birds
Alcippe poioicephala,BRT,naive,21,78,9075,0.6680765698947516,0.00010538050682477441,birds
Alcippe poioicephala,BRT,tgb,21,78,9075,0.7102408702408701,0.00011092684928923622,birds
Chrysomma sinense,GLM,naive,21,57,9095,0.797550225205675,0.015457656448455067,birds
Chrysomma sinense,GLM,tgb,21,57,9095,0.790958980739369,0.027715073294915668,birds
Chrysomma sinense,BRT,naive,21,57,9095,0.8074303405572756,0.0001497512465404689,birds
Chrysomma sinense,BRT,tgb,21,57,9095,0.8218936566264479,0.00010538050682477441,birds
Pomatorhinus horsfieldii,GLM,naive,21,58,9097,0.7326837570551867,0.029201493075391435,birds
Pomatorhinus horsfieldii,GLM,tgb,21,58,9097,0.7639710704173032,0.038120011758246024,birds
Pomatorhinus horsfieldii,BRT,naive,21,58,9097,0.7426150341340267,0.00011092684928923622,birds
Pomatorhinus horsfieldii,BRT,tgb,21,58,9097,0.7983912847357788,0.00010538050682477441,birds
Hieraaetus pennatus,GLM,naive,21,143,9010,0.5796465465721847,0.02639504378837376,birds
Hieraaetus pennatus,GLM,tgb,21,143,9010,0.5922564671732263,0.0395897925113284,birds
Hieraaetus pennatus,BRT,naive,21,143,9010,0.5702684662729058,0.00011647319175369802,birds
Hieraaetus pennatus,BRT,tgb,21,143,9010,0.6010307117965276,0.00010538050682477441,birds
Micropternus brachyurus,GLM,naive,21,82,9076,0.6219834675208806,0.06005024986272802,birds
Micropternus brachyurus,GLM,tgb,21,82,9076,0.6426571284223199,0.1301726576409187,birds
Micropternus brachyurus,BRT,naive,21,82,9076,0.6250268733405713,0.00010538050682477441,birds
Micropternus brachyurus,BRT,tgb,21,82,9076,0.6121236388653001,0.0001552975890049307,birds
Motacilla alba,GLM,naive,21,37,9117,0.6443916769681824,0.017687286119168713,birds
Motacilla alba,GLM,tgb,21,37,9117,0.6526002804383851,0.08899661118475422,birds
Motacilla alba,BRT,naive,21,37,9117,0.7995665952230612,0.00011092684928923622,birds
Motacilla alba,BRT,tgb,21,37,9117,0.7464759922805333,0.00010538050682477441,birds
Amandava amandava,GLM,naive,20,68,9087,0.6810925756898996,0.01142546547679133,birds
Amandava amandava,GLM,tgb,20,68,9087,0.6776600703008174,0.06924053932634125,birds
Amandava amandava,BRT,naive,20,68,9087,0.727281701719975,0.00011647319175369802,birds
Amandava amandava,BRT,tgb,20,68,9087,0.7424245366684145,0.00011647319175369802,birds
Hypsipetes ganeesa,GLM,naive,20,73,9084,0.7108841075381673,0.014076617174804075,birds
Hypsipetes ganeesa,GLM,tgb,20,73,9084,0.7075800896352461,0.024204238514911342,birds
Hypsipetes ganeesa,BRT,naive,20,73,9084,0.7098647026534687,0.00010538050682477441,birds
Hypsipetes ganeesa,BRT,tgb,20,73,9084,0.7605665237087035,9.98341643603126e-05,birds
Hydrophasianus chirurgus,GLM,naive,20,75,9085,0.7141221794166208,0.01329458288731496,birds
Hydrophasianus chirurgus,GLM,tgb,20,75,9085,0.6831421757475692,0.044764530030671275,birds
Hydrophasianus chirurgus,BRT,naive,20,75,9085,0.7854265272427078,0.00013865856161154527,birds
Hydrophasianus chirurgus,BRT,tgb,20,75,9085,0.8039933957072096,0.00012201953421815983,birds
Phalacrocorax carbo,GLM,naive,20,71,9085,0.6591456277566334,0.024115497035479952,birds
Phalacrocorax carbo,GLM,tgb,20,71,9085,0.6315486756532591,0.053871624357317564,birds
Phalacrocorax carbo,BRT,naive,20,71,9085,0.7170153557558891,0.00011092684928923622,birds
Phalacrocorax carbo,BRT,tgb,20,71,9085,0.6423015805343897,9.98341643603126e-05,birds
Duttaphrynus melanostictus,GLM,naive,104,704,1545,0.5649897028537805,0.19571933288592838,amphibians
Duttaphrynus melanostictus,GLM,tgb,104,704,1545,0.556475250073551,0.3422537007970094,amphibians
Duttaphrynus melanostictus,BRT,naive,104,704,1545,0.5832092159458664,0.0057182790808601265,amphibians
Duttaphrynus melanostictus,BRT,tgb,104,704,1545,0.6089815019123271,0.021952423474339847,amphibians
Hoplobatrachus tigerinus,GLM,naive,69,426,1845,0.6079494128274616,0.166290439769494,amphibians
Hoplobatrachus tigerinus,GLM,tgb,69,426,1845,0.6072318281868265,0.3504012778773038,amphibians
Hoplobatrachus tigerinus,BRT,naive,69,426,1845,0.6162219932058476,0.001464234410617918,amphibians
Hoplobatrachus tigerinus,BRT,tgb,69,426,1845,0.6315012023359671,0.01856360822855368,amphibians
Rhacophorus malabaricus,GLM,naive,49,264,2004,0.754676253553499,0.08936821612987315,amphibians
Rhacophorus malabaricus,GLM,tgb,49,264,2004,0.7409631494586586,0.15670081364843955,amphibians
Rhacophorus malabaricus,BRT,naive,49,264,2004,0.7469738553196638,0.000499170821801563,amphibians
Rhacophorus malabaricus,BRT,tgb,49,264,2004,0.7439514909574789,0.0019578588899550192,amphibians
Polypedates maculatus,GLM,naive,42,286,1995,0.6522249680144416,0.11992856310905774,amphibians
Polypedates maculatus,GLM,tgb,42,286,1995,0.6614508298718824,0.34727314072734733,amphibians
Polypedates maculatus,BRT,naive,42,286,1995,0.6467427309532572,0.0002995024930809378,amphibians
Polypedates maculatus,BRT,tgb,42,286,1995,0.691147449042186,0.0011869172873948276,amphibians
Hylarana bahuvistara,GLM,naive,30,138,2143,0.7854524674200463,0.04986161875551168,amphibians
Hylarana bahuvistara,GLM,tgb,30,138,2143,0.7697085894756774,0.14150938163827864,amphibians
Hylarana bahuvistara,BRT,naive,30,138,2143,0.7662663068838889,0.00017748295886277793,amphibians
Hylarana bahuvistara,BRT,tgb,30,138,2143,0.8407217296624668,0.0036994104237960275,amphibians
Euphlyctis cyanophlyctis,GLM,naive,27,131,2154,0.5521557620475309,0.05240738994669965,amphibians
Euphlyctis cyanophlyctis,GLM,tgb,27,131,2154,0.5534528340669232,0.125552554368022,amphibians
Euphlyctis cyanophlyctis,BRT,naive,27,131,2154,0.5513477499698768,0.00013865856161154527,amphibians
Euphlyctis cyanophlyctis,BRT,tgb,27,131,2154,0.5608560675327989,0.0002495854109007815,amphibians
Pseudophilautus wynaadensis,GLM,naive,26,289,1991,0.6929139605734456,0.08421011763792367,amphibians
Pseudophilautus wynaadensis,GLM,tgb,26,289,1991,0.7232059840215225,0.13684490762566626,amphibians
Pseudophilautus wynaadensis,BRT,naive,26,289,1991,0.7194381637785259,0.00014420490407600708,amphibians
Pseudophilautus wynaadensis,BRT,tgb,26,289,1991,0.7019320506292156,0.00033278054786770863,amphibians
Polypedates occidentalis,GLM,naive,21,161,2123,0.7246952191759581,0.08932384539015746,amphibians
Polypedates occidentalis,GLM,tgb,21,161,2123,0.7241686000415444,0.13678944420102163,amphibians
Polypedates occidentalis,BRT,naive,21,161,2123,0.7222698454957973,0.00010538050682477441,amphibians
Polypedates occidentalis,BRT,tgb,21,161,2123,0.7122231226759272,0.0011480928901435948,amphibians
Raorchestes luteolus,GLM,naive,21,67,2218,0.9472093993513048,0.024670131281926133,amphibians
Raorchestes luteolus,GLM,tgb,21,67,2218,0.9512940258132243,0.03280661567729161,amphibians
Raorchestes luteolus,BRT,naive,21,67,2218,0.8860813156938482,0.0001497512465404689,amphibians
Raorchestes luteolus,BRT,tgb,21,67,2218,0.9303460156386686,0.00022185369857847243,amphibians
Calotes versicolor,GLM,naive,217,1114,3373,0.5845996377399787,0.21467673142945884,reptiles
Calotes versicolor,GLM,tgb,217,1114,3373,0.5843904573279943,0.4674124648500546,reptiles
Calotes versicolor,BRT,naive,217,1114,3373,0.619367231915076,0.03443724036184338,reptiles
Calotes versicolor,BRT,tgb,217,1114,3373,0.6233493775951278,0.08724951330844874,reptiles
Monilesaurus rouxii,GLM,naive,72,269,4289,0.7337643370565837,0.13952933737846576,reptiles
Monilesaurus rouxii,GLM,tgb,72,269,4289,0.7376794271851308,0.25618555843349106,reptiles
Monilesaurus rouxii,BRT,naive,72,269,4289,0.7302150135949056,0.0019523125474905573,reptiles
Monilesaurus rouxii,BRT,tgb,72,269,4289,0.7448777498589372,0.003971181204554656,reptiles
Fowlea piscator,GLM,naive,68,414,4157,0.5519651969380557,0.11267949350800614,reptiles
Fowlea piscator,GLM,tgb,68,414,4157,0.5208036267328607,0.29981308825894765,reptiles
Fowlea piscator,BRT,naive,68,414,4157,0.5766944528697884,0.0019578588899550192,reptiles
Fowlea piscator,BRT,tgb,68,414,4157,0.5442516493337006,0.0037437811635117222,reptiles
Eutropis carinata,GLM,naive,63,389,4173,0.5336312455453315,0.13452099013305677,reptiles
Eutropis carinata,GLM,tgb,63,389,4173,0.5227983542136775,0.16145957548294776,reptiles
Eutropis carinata,BRT,naive,63,389,4173,0.5436971792592483,0.0013921319585799145,reptiles
Eutropis carinata,BRT,tgb,63,389,4173,0.5118625858361101,0.00044370739715694486,reptiles
Craspedocephalus malabaricus,GLM,naive,59,184,4388,0.9052046589512901,0.07901319474872295,reptiles
Craspedocephalus malabaricus,GLM,tgb,59,184,4388,0.9095532281716935,0.10157016955168914,reptiles
Craspedocephalus malabaricus,BRT,naive,59,184,4388,0.8956578712694699,0.000848590397062657,reptiles
Craspedocephalus malabaricus,BRT,tgb,59,184,4388,0.8915248107486821,0.0042984154099579034,reptiles
Ptyas mucosa,GLM,naive,59,399,4166,0.533001370444835,0.08800381588361555,reptiles
Ptyas mucosa,GLM,tgb,59,399,4166,0.5166270212256516,0.1692521866455166,reptiles
Ptyas mucosa,BRT,naive,59,399,4166,0.5388140297936392,0.0009817026162097404,reptiles
Ptyas mucosa,BRT,tgb,59,399,4166,0.4946680190635013,0.00128675145175514,reptiles
Varanus bengalensis,GLM,naive,55,289,4288,0.6195103096111141,0.09567440751196624,reptiles
Varanus bengalensis,GLM,tgb,55,289,4288,0.6223822496513971,0.20185358765162315,reptiles
Varanus bengalensis,BRT,naive,55,289,4288,0.6348109151474461,0.0010482587257832823,reptiles
Varanus bengalensis,BRT,tgb,55,289,4288,0.6344962041006043,0.0011480928901435948,reptiles
Hypnale hypnale,GLM,naive,49,162,4412,0.7928838856989355,0.06932928080577264,reptiles
Hypnale hypnale,GLM,tgb,49,162,4412,0.793587634173914,0.10807602926250284,reptiles
Hypnale hypnale,BRT,naive,49,162,4412,0.8096493289905197,0.0007598489176312681,reptiles
Hypnale hypnale,BRT,tgb,49,162,4412,0.8161103835778964,0.0024736687391499674,reptiles
Draco dussumieri,GLM,naive,45,137,4440,0.7551308607877952,0.12842001342214876,reptiles
Draco dussumieri,GLM,tgb,45,137,4440,0.7477230880515552,0.1819477645466697,reptiles
Draco dussumieri,BRT,naive,45,137,4440,0.7346222134543302,0.0004048829999057122,reptiles
Draco dussumieri,BRT,tgb,45,137,4440,0.7284786611428947,0.0006988391505221882,reptiles
Ahaetulla borealis,GLM,naive,35,101,4482,0.9170631922630014,0.03893532410052191,reptiles
Ahaetulla borealis,GLM,tgb,35,101,4482,0.9079707167503899,0.05506408798717686,reptiles
Ahaetulla borealis,BRT,naive,35,101,4482,0.9019731290398116,0.0002995024930809378,reptiles
Ahaetulla borealis,BRT,tgb,35,101,4482,0.9060532559280025,0.00035496591772555587,reptiles
Lycodon travancoricus,GLM,naive,33,159,4423,0.6745485647494445,0.09526397816959606,reptiles
Lycodon travancoricus,GLM,tgb,33,159,4423,0.6900037966205811,0.15469858401876882,reptiles
Lycodon travancoricus,BRT,naive,33,159,4423,0.655308087939402,0.00017748295886277793,reptiles
Lycodon travancoricus,BRT,tgb,33,159,4423,0.6718297862659028,0.0001996683287206252,reptiles
Melanochelys trijuga,GLM,naive,32,247,4337,0.6977789270181538,0.04332802733237567,reptiles
Melanochelys trijuga,GLM,tgb,32,247,4337,0.6831033970943926,0.0855856105691102,reptiles
Melanochelys trijuga,BRT,naive,32,247,4337,0.7053916072883828,0.0002717707807586287,reptiles
Melanochelys trijuga,BRT,tgb,32,247,4337,0.7100161588590407,0.000438161054692483,reptiles
Sphenomorphus dussumieri,GLM,naive,31,180,4403,0.907243798420269,0.05696093711002279,reptiles
Sphenomorphus dussumieri,GLM,tgb,31,180,4403,0.9165657253892548,0.06595155824491539,reptiles
Sphenomorphus dussumieri,BRT,naive,31,180,4403,0.8941933530168824,0.00023849272597185786,reptiles
Sphenomorphus dussumieri,BRT,tgb,31,180,4403,0.9112991142402906,0.00026622443829416693,reptiles
Naja naja,GLM,naive,31,170,4411,0.6523810793870937,0.037093938402320586,reptiles
Naja naja,GLM,tgb,31,170,4411,0.6146545401202875,0.08449298110361123,reptiles
Naja naja,BRT,naive,31,170,4411,0.6264552522437222,0.0003605122601900177,reptiles
Naja naja,BRT,tgb,31,170,4411,0.5818221825116354,0.00022740004104293424,reptiles
Lycodon aulicus,GLM,naive,30,118,4470,0.5422951503431539,0.0676210073267184,reptiles
Lycodon aulicus,GLM,tgb,30,118,4470,0.5501308156068707,0.11732178215076068,reptiles
Lycodon aulicus,BRT,naive,30,118,4470,0.5771243317028779,0.0001996683287206252,reptiles
Lycodon aulicus,BRT,tgb,30,118,4470,0.5527054184203541,0.00021630735611401062,reptiles
Chamaeleo zeylanicus,GLM,naive,29,68,4526,0.70671739752021,0.07477024276340967,reptiles
Chamaeleo zeylanicus,GLM,tgb,29,68,4526,0.752134724857685,0.2089029889239541,reptiles
Chamaeleo zeylanicus,BRT,naive,29,68,4526,0.6598070624626341,0.00026622443829416693,reptiles
Chamaeleo zeylanicus,BRT,tgb,29,68,4526,0.7641925086428739,0.00035496591772555587,reptiles
Psammophilus dorsalis,GLM,naive,25,80,4511,0.7755902238971403,0.06610130949145586,reptiles
Psammophilus dorsalis,GLM,tgb,25,80,4511,0.7684659720682775,0.08151459520019523,reptiles
Psammophilus dorsalis,BRT,naive,25,80,4511,0.8208822877410774,0.00012756587668262166,reptiles
Psammophilus dorsalis,BRT,tgb,25,80,4511,0.827527155841277,0.0005823659587684901,reptiles
Rhabdophis plumbicolor,GLM,naive,23,50,4541,0.7053820744329443,0.04753215492043772,reptiles
Rhabdophis plumbicolor,GLM,tgb,23,50,4541,0.6344593701827792,0.06647846077903927,reptiles
Rhabdophis plumbicolor,BRT,naive,23,50,4541,0.7348205241136314,0.00012201953421815983,reptiles
Rhabdophis plumbicolor,BRT,tgb,23,50,4541,0.7189473684210526,0.00011647319175369802,reptiles
Amphiesma stolatum,GLM,naive,22,180,4411,0.630146855084511,0.0352913771013705,reptiles
Amphiesma stolatum,GLM,tgb,22,180,4411,0.6458777299176302,0.08220788800825296,reptiles
Amphiesma stolatum,BRT,naive,22,180,4411,0.6172183178417592,0.00013311221914708346,reptiles
Amphiesma stolatum,BRT,tgb,22,180,4411,0.6595304667623869,0.00018302930132723974,reptiles
Calotes calotes,GLM,naive,21,138,4457,0.7938692758175545,0.03005008347245409,reptiles
Calotes calotes,GLM,tgb,21,138,4457,0.7818673118006848,0.051020804330584195,reptiles
Calotes calotes,BRT,naive,21,138,4457,0.817671599470626,0.00011092684928923622,reptiles
Calotes calotes,BRT,tgb,21,138,4457,0.8113535783151726,0.00022185369857847243,reptiles
Coelognathus helena,GLM,naive,21,170,4422,0.6136962247585602,0.03328914747169979,reptiles
Coelognathus helena,GLM,tgb,21,170,4422,0.6234801926197888,0.08629554240456132,reptiles
Coelognathus helena,BRT,naive,21,170,4422,0.6490162822252374,0.00011092684928923622,reptiles
Coelognathus helena,BRT,tgb,21,170,4422,0.6306595365418894,0.00010538050682477441,reptiles
Echis carinatus,GLM,naive,20,98,4497,0.6688654114080588,0.04004459259341427,reptiles
Echis carinatus,GLM,tgb,20,98,4497,0.6381329049298172,0.08546359103489204,reptiles
Echis carinatus,BRT,naive,20,98,4497,0.6419154719926663,9.98341643603126e-05,reptiles
Echis carinatus,BRT,tgb,20,98,4497,0.7084564312716415,9.98341643603126e-05,reptiles
Junonia iphita,GLM,naive,190,1207,8858,0.5489578459961955,0.24601911269613252,butterflies_moths
Junonia iphita,GLM,tgb,190,1207,8858,0.512327334172247,0.443468904430973,butterflies_moths
Junonia iphita,BRT,naive,190,1207,8858,0.5546243005961873,0.03338343529359564,butterflies_moths
Junonia iphita,BRT,tgb,190,1207,8858,0.5034846027809106,0.04666692549598168,butterflies_moths
Neptis hylas,GLM,naive,165,746,9343,0.529562784312724,0.26666814569132385,butterflies_moths
Neptis hylas,GLM,tgb,165,746,9343,0.5074770318791807,0.4291981652699128,butterflies_moths
Neptis hylas,BRT,naive,165,746,9343,0.5446692180264848,0.0246313068846749,butterflies_moths
Neptis hylas,BRT,tgb,165,746,9343,0.49880743967111046,0.01228514855878291,butterflies_moths
Hypolimnas bolina,GLM,naive,162,1009,9072,0.5975543302517204,0.22813770459070765,butterflies_moths
Hypolimnas bolina,GLM,tgb,162,1009,9072,0.5715888354020168,0.3823537568150683,butterflies_moths
Hypolimnas bolina,BRT,naive,162,1009,9072,0.6071393612688625,0.019744979173484046,butterflies_moths
Hypolimnas bolina,BRT,tgb,162,1009,9072,0.5732746113899071,0.015380007653952601,butterflies_moths
Euploea core,GLM,naive,156,810,9271,0.5961633981444862,0.21197566264926593,butterflies_moths
Euploea core,GLM,tgb,156,810,9271,0.5658519663733054,0.2977720342320257,butterflies_moths
Euploea core,BRT,naive,156,810,9271,0.6168298597378524,0.0194177449680808,butterflies_moths
Euploea core,BRT,tgb,156,810,9271,0.5771509725667854,0.015662871119640154,butterflies_moths
Papilio polytes,GLM,naive,136,1023,9081,0.61202054325236,0.18789344366857275,butterflies_moths
Papilio polytes,GLM,tgb,136,1023,9081,0.58276381470857,0.2541112263517823,butterflies_moths
Papilio polytes,BRT,naive,136,1023,9081,0.6345237814594251,0.018169817913576893,butterflies_moths
Papilio polytes,BRT,tgb,136,1023,9081,0.5806263235528877,0.01286196817508694,butterflies_moths
Castalius rosimon,GLM,naive,134,744,9367,0.5602211378082057,0.19153739066772416,butterflies_moths
Castalius rosimon,GLM,tgb,134,744,9367,0.5866116864168536,0.28022340667446854,butterflies_moths
Castalius rosimon,BRT,naive,134,744,9367,0.5723712908850678,0.014492592859638711,butterflies_moths
Castalius rosimon,BRT,tgb,134,744,9367,0.5954833429185737,0.014409397722671784,butterflies_moths
Junonia lemonias,GLM,naive,132,698,9414,0.5648528102082918,0.20767724723930803,butterflies_moths
Junonia lemonias,GLM,tgb,132,698,9414,0.5569971991967093,0.32010160899394896,butterflies_moths
Junonia lemonias,BRT,naive,132,698,9414,0.5927734892189466,0.013350046311959579,butterflies_moths
Junonia lemonias,BRT,tgb,132,698,9414,0.5806838014223771,0.014043339120017305,butterflies_moths
Ypthima huebneri,GLM,naive,125,693,9435,0.546108981403099,0.23866466258825617,butterflies_moths
Ypthima huebneri,GLM,tgb,125,693,9435,0.5543772955537661,0.377533985213451,butterflies_moths
Ypthima huebneri,BRT,naive,125,693,9435,0.5325144854556619,0.01145319718911364,butterflies_moths
Ypthima huebneri,BRT,tgb,125,693,9435,0.5606411606411607,0.01800342763964304,butterflies_moths
Melanitis leda,GLM,naive,123,742,9361,0.5939519097845595,0.16603530801612876,butterflies_moths
Melanitis leda,GLM,tgb,123,742,9361,0.5211210645993256,0.3488593946721834,butterflies_moths
Melanitis leda,BRT,naive,123,742,9361,0.6287018083572636,0.012301787586176297,butterflies_moths
Melanitis leda,BRT,tgb,123,742,9361,0.5349223753653614,0.009023899189679366,butterflies_moths
Jamides celeno,GLM,naive,122,669,9445,0.5372319169829893,0.23984603353318654,butterflies_moths
Jamides celeno,GLM,tgb,122,669,9445,0.5426855661088783,0.33712333401738226,butterflies_moths
Jamides celeno,BRT,naive,122,669,9445,0.5412588497168328,0.013150377983238953,butterflies_moths
Jamides celeno,BRT,tgb,122,669,9445,0.5256871463377385,0.011003943449492232,butterflies_moths
Eurema hecabe,GLM,naive,117,665,9451,0.5944791616115731,0.19665111841995797,butterflies_moths
Eurema hecabe,GLM,tgb,117,665,9451,0.5698065924519266,0.3630968557784569,butterflies_moths
Eurema hecabe,BRT,naive,117,665,9451,0.6089821421610315,0.010022240833282492,butterflies_moths
Eurema hecabe,BRT,tgb,117,665,9451,0.5694705497210384,0.018053344721823194,butterflies_moths
Danaus chrysippus,GLM,naive,116,583,9540,0.6411487606574826,0.1326241410102108,butterflies_moths
Danaus chrysippus,GLM,tgb,116,583,9540,0.6342285438939053,0.29568660946538805,butterflies_moths
Danaus chrysippus,BRT,naive,116,583,9540,0.6906197971167711,0.009900221299064331,butterflies_moths
Danaus chrysippus,BRT,tgb,116,583,9540,0.6933897537137124,0.008979528449963671,butterflies_moths
Catopsilia pomona,GLM,naive,115,635,9479,0.600136231520485,0.12672283262802345,butterflies_moths
Catopsilia pomona,GLM,tgb,115,635,9479,0.5658439335024044,0.19952967015901363,butterflies_moths
Catopsilia pomona,BRT,naive,115,635,9479,0.6199130610308905,0.01059906044958652,butterflies_moths
Catopsilia pomona,BRT,tgb,115,635,9479,0.576298872019624,0.0064670353135624714,butterflies_moths
Ypthima baldus,GLM,naive,113,525,9603,0.64148505179433,0.2250539381804669,butterflies_moths
Ypthima baldus,GLM,tgb,113,525,9603,0.6646690766278396,0.372081930570885,butterflies_moths
Ypthima baldus,BRT,naive,113,525,9603,0.6442264570099622,0.005773742505504745,butterflies_moths
Ypthima baldus,BRT,tgb,113,525,9603,0.6617273371912546,0.0062119035601972275,butterflies_moths
Parantica aglea,GLM,naive,112,512,9607,0.5860529756948059,0.18936322442165515,butterflies_moths
Parantica aglea,GLM,tgb,112,512,9607,0.5851810122176537,0.3510557462881103,butterflies_moths
Parantica aglea,BRT,naive,112,512,9607,0.6011648407411262,0.007670591628350684,butterflies_moths
Parantica aglea,BRT,tgb,112,512,9607,0.6054612278156553,0.009267938258115685,butterflies_moths
Tirumala limniace,GLM,naive,111,524,9597,0.6254868927710393,0.20846482786926163,butterflies_moths
Tirumala limniace,GLM,tgb,111,524,9597,0.5652837997243095,0.3112496464206679,butterflies_moths
Tirumala limniace,BRT,naive,111,524,9597,0.6523311196962791,0.008752128408920737,butterflies_moths
Tirumala limniace,BRT,tgb,111,524,9597,0.6012402889898004,0.0055574351493907345,butterflies_moths
Junonia atlites,GLM,naive,106,683,9442,0.6129216736037821,0.16773248881025407,butterflies_moths
Junonia atlites,GLM,tgb,106,683,9442,0.5796309626189702,0.2748711861962629,butterflies_moths
Junonia atlites,BRT,naive,106,683,9442,0.6566121652638921,0.008081020970720857,butterflies_moths
Junonia atlites,BRT,tgb,106,683,9442,0.614522415189228,0.003843615327872035,butterflies_moths
Iambrix salsala,GLM,naive,106,560,9567,0.5828388881422748,0.20209762672005946,butterflies_moths
Iambrix salsala,GLM,tgb,106,560,9567,0.5894303707685645,0.31517645688550683,butterflies_moths
Iambrix salsala,BRT,naive,106,560,9567,0.5880929982529229,0.007237976916122663,butterflies_moths
Iambrix salsala,BRT,tgb,106,560,9567,0.6005997177798683,0.018119900831396734,butterflies_moths
Papilio agenor,GLM,naive,106,565,9564,0.568171387541037,0.18828723398354955,butterflies_moths
Papilio agenor,GLM,tgb,106,565,9564,0.5816602080811895,0.33394527978524563,butterflies_moths
Papilio agenor,BRT,naive,106,565,9564,0.5779034950385479,0.006239635272519537,butterflies_moths
Papilio agenor,BRT,tgb,106,565,9564,0.5771045920727803,0.009628450518305704,butterflies_moths
Cupha erymanthis,GLM,naive,97,457,9682,0.621683766984867,0.1809605155879955,butterflies_moths
Cupha erymanthis,GLM,tgb,97,457,9682,0.6379238334846817,0.31532066178958285,butterflies_moths
Cupha erymanthis,BRT,naive,97,457,9682,0.6294407226385492,0.005601805889106429,butterflies_moths
Cupha erymanthis,BRT,tgb,97,457,9682,0.6346452868618117,0.008663386929489349,butterflies_moths
Zizula hylax,GLM,naive,94,401,9741,0.5462483305134147,0.17453230467168426,butterflies_moths
Zizula hylax,GLM,tgb,94,401,9741,0.5225633176068145,0.2285093095358266,butterflies_moths
Zizula hylax,BRT,naive,94,401,9741,0.5657462185824833,0.005063810670053633,butterflies_moths
Zizula hylax,BRT,tgb,94,401,9741,0.5346266302214897,0.006306191382093079,butterflies_moths
Papilio demoleus,GLM,naive,93,473,9662,0.6001027105160777,0.10861402448155563,butterflies_moths
Papilio demoleus,GLM,tgb,93,473,9662,0.589187912980955,0.24265802916266868,butterflies_moths
Papilio demoleus,BRT,naive,93,473,9662,0.6356087337635768,0.007337811080482976,butterflies_moths
Papilio demoleus,BRT,tgb,93,473,9662,0.6077075336653738,0.009362226080011537,butterflies_moths
Junonia almana,GLM,naive,90,389,9751,0.5913052487662593,0.1315647895994986,butterflies_moths
Junonia almana,GLM,tgb,90,389,9751,0.5787881751762853,0.21082202341665787,butterflies_moths
Junonia almana,BRT,naive,90,389,9751,0.6210394609846884,0.0055740741767841195,butterflies_moths
Junonia almana,BRT,tgb,90,389,9751,0.5906743728611052,0.003782605560762955,butterflies_moths
Phalanta phalantha,GLM,naive,89,287,9853,0.5652524160914574,0.10569110200278427,butterflies_moths
Phalanta phalantha,GLM,tgb,89,287,9853,0.5820495075519545,0.21231398953959812,butterflies_moths
Phalanta phalantha,BRT,naive,89,287,9853,0.600619348322784,0.005845844957542748,butterflies_moths
Phalanta phalantha,BRT,tgb,89,287,9853,0.6103286252157588,0.002867459054126756,butterflies_moths
Delias eucharis,GLM,naive,88,384,9757,0.5772965349663489,0.17163156756277073,butterflies_moths
Delias eucharis,GLM,tgb,88,384,9757,0.5570365079771787,0.24916943521594684,butterflies_moths
Delias eucharis,BRT,naive,88,384,9757,0.597321154043251,0.006444849943704624,butterflies_moths
Delias eucharis,BRT,tgb,88,384,9757,0.5743907685934885,0.002429297999434273,butterflies_moths
Caleta decidia,GLM,naive,86,303,9840,0.6196175105315409,0.10590740935889828,butterflies_moths
Caleta decidia,GLM,tgb,86,303,9840,0.6239978266119296,0.23361194460313148,butterflies_moths
Caleta decidia,BRT,naive,86,303,9840,0.6303523035230352,0.003305620108819239,butterflies_moths
Caleta decidia,BRT,tgb,86,303,9840,0.6489196785532211,0.0034664640402886316,butterflies_moths
Troides minos,GLM,naive,84,337,9806,0.6581312476888432,0.1473663192807503,butterflies_moths
Troides minos,GLM,tgb,84,337,9806,0.6558393062807183,0.209862506170306,butterflies_moths
Troides minos,BRT,naive,84,337,9806,0.6539228995025755,0.002961746876022607,butterflies_moths
Troides minos,BRT,tgb,84,337,9806,0.6655802085684838,0.002290639437822728,butterflies_moths
Talicada nyseus,GLM,naive,83,544,9600,0.6397761565563727,0.12321199784801912,butterflies_moths
Talicada nyseus,GLM,tgb,83,544,9600,0.5825951669730391,0.18443807231321305,butterflies_moths
Talicada nyseus,BRT,naive,83,544,9600,0.664137944240196,0.0044093422592471395,butterflies_moths
Talicada nyseus,BRT,tgb,83,544,9600,0.5987339154411765,0.0014697807530823798,butterflies_moths
Euthalia aconthea,GLM,naive,83,588,9551,0.6439324656676616,0.12192524639626398,butterflies_moths
Euthalia aconthea,GLM,tgb,83,588,9551,0.5984574753364859,0.20364505626764431,butterflies_moths
Euthalia aconthea,BRT,naive,83,588,9551,0.655077966690812,0.005091542382375942,butterflies_moths
Euthalia aconthea,BRT,tgb,83,588,9551,0.6173196951275537,0.0008430440545981953,butterflies_moths
Euchrysops cnejus,GLM,naive,83,302,9842,0.5659327978080156,0.10486469697557946,butterflies_moths
Euchrysops cnejus,GLM,tgb,83,302,9842,0.5717189205338387,0.1984314943510502,butterflies_moths
Euchrysops cnejus,BRT,naive,83,302,9842,0.6061934189330495,0.00508599603991148,butterflies_moths
Euchrysops cnejus,BRT,tgb,83,302,9842,0.6048449609795026,0.004963976505693321,butterflies_moths
Hypolimnas misippus,GLM,naive,83,277,9867,0.6000009512801853,0.11226906416563597,butterflies_moths
Hypolimnas misippus,GLM,tgb,83,277,9867,0.5809669324031277,0.34579226728933604,butterflies_moths
Hypolimnas misippus,BRT,naive,83,277,9867,0.6369779438371496,0.005058264327589172,butterflies_moths
Hypolimnas misippus,BRT,tgb,83,277,9867,0.6071282351301186,0.004276230040100056,butterflies_moths
Papilio clytia,GLM,naive,81,364,9781,0.6509997517052011,0.12018924120488744,butterflies_moths
Papilio clytia,GLM,tgb,81,364,9781,0.6438447045235717,0.17793221260239936,butterflies_moths
Papilio clytia,BRT,naive,81,364,9781,0.6541098968509255,0.003782605560762955,butterflies_moths
Papilio clytia,BRT,tgb,81,364,9781,0.6326582373765688,0.004353878834602521,butterflies_moths
Orsotriaena medus,GLM,naive,79,366,9779,0.6923383831864535,0.16077737535981898,butterflies_moths
Orsotriaena medus,GLM,tgb,79,366,9779,0.7240096291987346,0.22902511938502154,butterflies_moths
Orsotriaena medus,BRT,naive,79,366,9779,0.6961267509221555,0.003111498122563076,butterflies_moths
Orsotriaena medus,BRT,tgb,79,366,9779,0.7153130635123663,0.00732117205308959,butterflies_moths
Rathinda amor,GLM,naive,79,381,9760,0.6978378727249258,0.13306784840736777,butterflies_moths
Rathinda amor,GLM,tgb,79,381,9760,0.679701551138075,0.16518671761906611,butterflies_moths
Rathinda amor,BRT,naive,79,381,9760,0.6846849318015577,0.003405454273179552,butterflies_moths
Rathinda amor,BRT,tgb,79,381,9760,0.6814578761671186,0.0012091026572526747,butterflies_moths
Acraea terpsicore,GLM,naive,79,541,9602,0.6409002514494632,0.11870836776687613,butterflies_moths
Acraea terpsicore,GLM,tgb,79,541,9602,0.6197522774252592,0.1904891319419409,butterflies_moths
Acraea terpsicore,BRT,naive,79,541,9602,0.6788890061027797,0.0037049567662604897,butterflies_moths
Acraea terpsicore,BRT,tgb,79,541,9602,0.6588474520673258,0.0019689515748839426,butterflies_moths
Leptosia nina,GLM,naive,78,601,9544,0.6774872627766241,0.11394405958990343,butterflies_moths
Leptosia nina,GLM,tgb,78,601,9544,0.6472357470714498,0.15159817858113467,butterflies_moths
Leptosia nina,BRT,naive,78,601,9544,0.6750581944314659,0.002551317533652433,butterflies_moths
Leptosia nina,BRT,tgb,78,601,9544,0.6418929473509505,0.0010981758079634384,butterflies_moths
Graphium teredon,GLM,naive,78,384,9765,0.6487543202764977,0.12865850614812063,butterflies_moths
Graphium teredon,GLM,tgb,78,384,9765,0.6472454237071172,0.19819300162507833,butterflies_moths
Graphium teredon,BRT,naive,78,384,9765,0.6425723246287762,0.002079878424173179,butterflies_moths
Graphium teredon,BRT,tgb,78,384,9765,0.6291157300733914,0.0029728395609515306,butterflies_moths
Acytolepis puspa,GLM,naive,78,312,9844,0.5821468758790984,0.13037232596963932,butterflies_moths
Acytolepis puspa,GLM,tgb,78,312,9844,0.5877285005053188,0.18617962384705405,butterflies_moths
Acytolepis puspa,BRT,naive,78,312,9844,0.6320728362454286,0.002934015163700298,butterflies_moths
Acytolepis puspa,BRT,tgb,78,312,9844,0.603847586451203,0.003832522642943111,butterflies_moths
Tirumala septentrionis,GLM,naive,78,371,9770,0.6367219636546223,0.16825384500191348,butterflies_moths
Tirumala septentrionis,GLM,tgb,78,371,9770,0.6359009233944056,0.23917492609498667,butterflies_moths
Tirumala septentrionis,BRT,naive,78,371,9770,0.6260260934098827,0.0022185369857847244,butterflies_moths
Tirumala septentrionis,BRT,tgb,78,371,9770,0.6217487385058502,0.0028286346568755236,butterflies_moths
Danaus genutia,GLM,naive,73,344,9804,0.5759638922888617,0.12743276446347457,butterflies_moths
Danaus genutia,GLM,tgb,73,344,9804,0.5549096595599328,0.263595471966012,butterflies_moths
Danaus genutia,BRT,naive,73,344,9804,0.612564105301111,0.0031725078896721556,butterflies_moths
Danaus genutia,BRT,tgb,73,344,9804,0.5978533915914719,0.0009484245614229696,butterflies_moths
Kallima horsfieldii,GLM,naive,70,182,9966,0.6831093850961402,0.09713864192258415,butterflies_moths
Kallima horsfieldii,GLM,tgb,70,182,9966,0.7000449881244584,0.1752644218769932,butterflies_moths
Kallima horsfieldii,BRT,naive,70,182,9966,0.7167098905509501,0.0025402248487235092,butterflies_moths
Kallima horsfieldii,BRT,tgb,70,182,9966,0.7474903683512955,0.002961746876022607,butterflies_moths
Pachliopta aristolochiae,GLM,naive,70,377,9771,0.5906497519998414,0.08951796737641363,butterflies_moths
Pachliopta aristolochiae,GLM,tgb,70,377,9771,0.5934808982462314,0.11208603486430874,butterflies_moths
Pachliopta aristolochiae,BRT,naive,70,377,9771,0.6085981713330766,0.002584595588439204,butterflies_moths
Pachliopta aristolochiae,BRT,tgb,70,377,9771,0.5865690356918798,0.0016916344516608522,butterflies_moths
Cirrochroa thais,GLM,naive,70,279,9874,0.6973202857800399,0.13750492237893722,butterflies_moths
Cirrochroa thais,GLM,tgb,70,279,9874,0.7114154475422583,0.18289618910809266,butterflies_moths
Cirrochroa thais,BRT,naive,70,279,9874,0.7119860783506592,0.0019689515748839426,butterflies_moths
Cirrochroa thais,BRT,tgb,70,279,9874,0.7054325359747877,0.004486991053749605,butterflies_moths
Mycalesis junonia,GLM,naive,69,220,9936,0.797751976284585,0.13188093111997293,butterflies_moths
Mycalesis junonia,GLM,tgb,69,220,9936,0.8241298858146684,0.16829821574162918,butterflies_moths
Mycalesis junonia,BRT,naive,69,220,9936,0.7605484189723319,0.0015751612599071542,butterflies_moths
Mycalesis junonia,BRT,tgb,69,220,9936,0.793233055189577,0.0017360051913765467,butterflies_moths
Cepora nerissa,GLM,naive,69,294,9860,0.5883132563370176,0.06946793936738418,butterflies_moths
Cepora nerissa,GLM,tgb,69,294,9860,0.5959245767272426,0.14760481200672218,butterflies_moths
Cepora nerissa,BRT,naive,69,294,9860,0.643208662775455,0.00205214671185087,butterflies_moths
Cepora nerissa,BRT,tgb,69,294,9860,0.6393857543017207,0.0011924636298592892,butterflies_moths
Sarangesa dasahara,GLM,naive,69,288,9865,0.6456939516810272,0.12295686609465388,butterflies_moths
Sarangesa dasahara,GLM,tgb,69,288,9865,0.686137157177451,0.1389414250772328,butterflies_moths
Sarangesa dasahara,BRT,naive,69,288,9865,0.6773561130821648,0.0017803759310922411,butterflies_moths
Sarangesa dasahara,BRT,tgb,69,288,9865,0.6824445993129471,0.0012978441366840636,butterflies_moths
Graphium agamemnon,GLM,naive,67,466,9684,0.6880689443052831,0.08904098192446991,butterflies_moths
Graphium agamemnon,GLM,tgb,67,466,9684,0.6387515001958897,0.10637884846837753,butterflies_moths
Graphium agamemnon,BRT,naive,67,466,9684,0.7210061106945131,0.002196351615926877,butterflies_moths
Graphium agamemnon,BRT,tgb,67,466,9684,0.6411815073046466,0.0007931269724180389,butterflies_moths
Moduza procris,GLM,naive,66,306,9845,0.6118530025858321,0.12448765661484534,butterflies_moths
Moduza procris,GLM,tgb,66,306,9845,0.5918411854330355,0.17243578722011768,butterflies_moths
Moduza procris,BRT,naive,66,306,9845,0.6549042843817738,0.002346102862467346,butterflies_moths
Moduza procris,BRT,tgb,66,306,9845,0.6198242696435269,0.001314483164077449,butterflies_moths
Pareronia anais,GLM,naive,63,241,9911,0.6080967080041415,0.0628566991497457,butterflies_moths
Pareronia anais,GLM,tgb,63,241,9911,0.5810719553402879,0.09967886677130766,butterflies_moths
Pareronia anais,BRT,naive,63,241,9911,0.6693078774537365,0.0019245808351682483,butterflies_moths
Pareronia anais,BRT,tgb,63,241,9911,0.6646824790427335,0.000526902534123872,butterflies_moths
Elymnias caudata,GLM,naive,62,437,9726,0.7115008439479731,0.14450440656908803,butterflies_moths
Elymnias caudata,GLM,tgb,62,437,9726,0.6809344929794916,0.17935207627330157,butterflies_moths
Elymnias caudata,BRT,naive,62,437,9726,0.6937664078120361,0.0018913027803814774,butterflies_moths
Elymnias caudata,BRT,tgb,62,437,9726,0.6702932666268573,0.0013976783010443763,butterflies_moths
Tanaecia lepidea,GLM,naive,58,339,9825,0.675709578388765,0.14559148969212252,butterflies_moths
Tanaecia lepidea,GLM,tgb,58,339,9825,0.6805182132750869,0.1968175086938918,butterflies_moths
Tanaecia lepidea,BRT,naive,58,339,9825,0.6790128127181427,0.00070438549298665,butterflies_moths
Tanaecia lepidea,BRT,tgb,58,339,9825,0.6792809265389147,0.0016361710270162342,butterflies_moths
Ariadne merione,GLM,naive,58,300,9860,0.6664327248140635,0.05936250339713476,butterflies_moths
Ariadne merione,GLM,tgb,58,300,9860,0.6143377281947262,0.11271277156279291,butterflies_moths
Ariadne merione,BRT,naive,58,300,9860,0.6775933062880325,0.0016749954242674667,butterflies_moths
Ariadne merione,BRT,tgb,58,300,9860,0.6150770791075052,0.000438161054692483,butterflies_moths
Luthrodes pandava,GLM,naive,58,358,9801,0.6539251210827307,0.06413235791657192,butterflies_moths
Luthrodes pandava,GLM,tgb,58,358,9801,0.6253805477607747,0.10270162341443935,butterflies_moths
Luthrodes pandava,BRT,naive,58,358,9801,0.6772236785780039,0.001641717369480696,butterflies_moths
Luthrodes pandava,BRT,tgb,58,358,9801,0.638175673557424,0.0009151465066361987,butterflies_moths
Udaspes folus,GLM,naive,56,357,9804,0.6284866863922233,0.0809377755838912,butterflies_moths
Udaspes folus,GLM,tgb,56,357,9804,0.5748396869967898,0.09772100788135264,butterflies_moths
Udaspes folus,BRT,naive,56,357,9804,0.6292918228082747,0.001203556314788213,butterflies_moths
Udaspes folus,BRT,tgb,56,357,9804,0.5681311692363604,0.0004048829999057122,butterflies_moths
Graphium doson,GLM,naive,54,316,9845,0.681974400678877,0.06121498178026501,butterflies_moths
Graphium doson,GLM,tgb,54,316,9845,0.6485933873777733,0.09713864192258415,butterflies_moths
Graphium doson,BRT,naive,54,316,9845,0.7162358326208125,0.000937331876494046,butterflies_moths
Graphium doson,BRT,tgb,54,316,9845,0.6832026152194457,0.00033832689033217047,butterflies_moths
Papilio daksha,GLM,naive,53,175,9996,0.7013010918653175,0.15516447678578363,butterflies_moths
Papilio daksha,GLM,tgb,53,175,9996,0.7093471674384039,0.21669005374405848,butterflies_moths
Papilio daksha,BRT,naive,53,175,9996,0.6990133196135597,0.00046034642455033026,butterflies_moths
Papilio daksha,BRT,tgb,53,175,9996,0.7261498885268393,0.0009151465066361987,butterflies_moths
Lampides boeticus,GLM,naive,53,231,9935,0.5731065780386364,0.09255736304693869,butterflies_moths
Lampides boeticus,GLM,tgb,53,231,9935,0.5515914047368501,0.14143173284377616,butterflies_moths
Lampides boeticus,BRT,naive,53,231,9935,0.6055608206589584,0.0009595172463518932,butterflies_moths
Lampides boeticus,BRT,tgb,53,231,9935,0.5793828717834757,0.000321687862938785,butterflies_moths
Tagiades litigiosa,GLM,naive,52,302,9865,0.6718299694887605,0.14950166112956811,butterflies_moths
Tagiades litigiosa,GLM,tgb,52,302,9865,0.6706561762603089,0.2385703747663603,butterflies_moths
Tagiades litigiosa,BRT,naive,52,302,9865,0.6605723626574651,0.0005712732738395665,butterflies_moths
Tagiades litigiosa,BRT,tgb,52,302,9865,0.667384189874565,0.0007875806299535771,butterflies_moths
Abisara bifasciata,GLM,naive,52,221,9951,0.6070419262531199,0.09039983582826305,butterflies_moths
Abisara bifasciata,GLM,tgb,52,221,9951,0.6083897068486261,0.16306801479764169,butterflies_moths
Abisara bifasciata,BRT,naive,52,221,9951,0.6337369854367851,0.0010815367805700532,butterflies_moths
Abisara bifasciata,BRT,tgb,52,221,9951,0.6655726180456181,0.0004658927670147921,butterflies_moths
Attacus taprobanis,GLM,naive,52,190,9977,0.6376529174997231,0.08240755633697358,butterflies_moths
Attacus taprobanis,GLM,tgb,52,190,9977,0.6532398200070689,0.139712366679793,butterflies_moths
Attacus taprobanis,BRT,naive,52,190,9977,0.6496948244119369,0.0005213561916594102,butterflies_moths
Attacus taprobanis,BRT,tgb,52,190,9977,0.6592515417038135,0.0004714391094792539,butterflies_moths
Neopithecops zalmora,GLM,naive,51,211,9956,0.6330870046212816,0.11301782039833831,butterflies_moths
Neopithecops zalmora,GLM,tgb,51,211,9956,0.6754273304911278,0.126789388737597,butterflies_moths
Neopithecops zalmora,BRT,naive,51,211,9956,0.6368533395280466,0.0007709416025601917,butterflies_moths
Neopithecops zalmora,BRT,tgb,51,211,9956,0.6836121589020125,0.00070438549298665,butterflies_moths
Junonia hierta,GLM,naive,51,78,10096,0.46210227965378525,0.06214676731429459,butterflies_moths
Junonia hierta,GLM,tgb,51,78,10096,0.5362189646064448,0.12130960238270873,butterflies_moths
Junonia hierta,BRT,naive,51,78,10096,0.5175342354423178,0.000848590397062657,butterflies_moths
Junonia hierta,BRT,tgb,51,78,10096,0.5602459973993255,0.00048807813687263933,butterflies_moths
Leptotes plinius,GLM,naive,51,212,9953,0.6363090487555663,0.0744319158730775,butterflies_moths
Leptotes plinius,GLM,tgb,51,212,9953,0.5821592617377145,0.1342381266673692,butterflies_moths
Leptotes plinius,BRT,naive,51,212,9953,0.6861863968197699,0.0014143173284377618,butterflies_moths
Leptotes plinius,BRT,tgb,51,212,9953,0.6506595148139652,0.0015196978352625362,butterflies_moths
Loxura atymnus,GLM,naive,49,295,9873,0.663780864435964,0.10167555005851392,butterflies_moths
Loxura atymnus,GLM,tgb,49,295,9873,0.6929726166380833,0.14033355703581274,butterflies_moths
Loxura atymnus,BRT,naive,49,295,9873,0.6295735501890964,0.000820858684740348,butterflies_moths
Loxura atymnus,BRT,tgb,49,295,9873,0.6548992544295604,0.00030504883554539956,butterflies_moths
Pachliopta hector,GLM,naive,49,212,9962,0.6003857109847609,0.08246856610408267,butterflies_moths
Pachliopta hector,GLM,tgb,49,212,9962,0.5818175103127734,0.16626825439963616,butterflies_moths
Pachliopta hector,BRT,naive,49,212,9962,0.5766625440826082,0.000909600164171737,butterflies_moths
Pachliopta hector,BRT,tgb,49,212,9962,0.5765702120889569,0.0012201953421815983,butterflies_moths
Discolampa ethion,GLM,naive,48,201,9974,0.6723186753220063,0.10089906211348926,butterflies_moths
Discolampa ethion,GLM,tgb,48,201,9974,0.689913177245914,0.15148725173184543,butterflies_moths
Discolampa ethion,BRT,naive,48,201,9974,0.6760597453877595,0.0007875806299535771,butterflies_moths
Discolampa ethion,BRT,tgb,48,201,9974,0.6893545107827614,0.0005768196163040283,butterflies_moths
Eurema blanda,GLM,naive,48,234,9937,0.6032792920183481,0.12301787586176297,butterflies_moths
Eurema blanda,GLM,tgb,48,234,9937,0.6154289115444393,0.19142091747597048,butterflies_moths
Eurema blanda,BRT,naive,48,234,9937,0.5680573940612181,0.00044370739715694486,butterflies_moths
Eurema blanda,BRT,tgb,48,234,9937,0.5637013183053236,0.0003660586026544795,butterflies_moths
Pseudocoladenia dan,GLM,naive,46,131,10048,0.7651965223416152,0.06181398676642688,butterflies_moths
Pseudocoladenia dan,GLM,tgb,46,131,10048,0.7895369402440803,0.07691667729715639,butterflies_moths
Pseudocoladenia dan,BRT,naive,46,131,10048,0.7590603272232217,0.0003660586026544795,butterflies_moths
Pseudocoladenia dan,BRT,tgb,46,131,10048,0.7809578906743813,0.0005213561916594102,butterflies_moths
Cyrestis thyodamas,GLM,naive,46,136,10040,0.7331490215608155,0.11295681063122924,butterflies_moths
Cyrestis thyodamas,GLM,tgb,46,136,10040,0.7296080384344972,0.13764358094054877,butterflies_moths
Cyrestis thyodamas,BRT,naive,46,136,10040,0.7563605870635107,0.00033278054786770863,butterflies_moths
Cyrestis thyodamas,BRT,tgb,46,136,10040,0.7785380536676821,0.00027731712322309055,butterflies_moths
Euchromia polymena,GLM,naive,46,153,10020,0.6953726533860383,0.060821191465288214,butterflies_moths
Euchromia polymena,GLM,tgb,46,153,10020,0.7061060884766414,0.0921358410196396,butterflies_moths
Euchromia polymena,BRT,naive,46,153,10020,0.6758189503346248,0.0006988391505221882,butterflies_moths
Euchromia polymena,BRT,tgb,46,153,10020,0.6938834748803048,0.0009040538217072752,butterflies_moths
Parthenos sylvia,GLM,naive,46,212,9958,0.7532973393914819,0.09572432459414638,butterflies_moths
Parthenos sylvia,GLM,tgb,46,212,9958,0.7448756475309507,0.15160372492359914,butterflies_moths
Parthenos sylvia,BRT,naive,46,212,9958,0.7223560652855198,0.0003993366574412504,butterflies_moths
Parthenos sylvia,BRT,tgb,46,212,9958,0.7209724238026124,0.0004548000820858685,butterflies_moths
Hebomoia glaucippe,GLM,naive,45,127,10042,0.6248943414038989,0.05044398471428017,butterflies_moths
Hebomoia glaucippe,GLM,tgb,45,127,10042,0.618828479441464,0.07376635477734209,butterflies_moths
Hebomoia glaucippe,BRT,naive,45,127,10042,0.6518833497734712,0.00043261471222802125,butterflies_moths
Hebomoia glaucippe,BRT,tgb,45,127,10042,0.6279523638513518,0.0002995024930809378,butterflies_moths
Curetis thetis,GLM,naive,44,144,10026,0.5451575902653102,0.10046090105879678,butterflies_moths
Curetis thetis,GLM,tgb,44,144,10026,0.5378031008267393,0.11465399142535455,butterflies_moths
Curetis thetis,BRT,naive,44,144,10026,0.563928923687302,0.0007543025751668062,butterflies_moths
Curetis thetis,BRT,tgb,44,144,10026,0.5294428929228451,0.00028286346568755233,butterflies_moths
Aeromachus pygmaeus,GLM,naive,44,159,10013,0.6330506191008294,0.1001946766205026,butterflies_moths
Aeromachus pygmaeus,GLM,tgb,44,159,10013,0.645496703342259,0.10861402448155563,butterflies_moths
Aeromachus pygmaeus,BRT,naive,44,159,10013,0.6180682094409343,0.000410429342370174,butterflies_moths
Aeromachus pygmaeus,BRT,tgb,44,159,10013,0.619479582203513,0.0003494195752610941,butterflies_moths
Micronia aculeata,GLM,naive,43,416,9759,0.5795156049248426,0.0921802117593553,butterflies_moths
Micronia aculeata,GLM,tgb,43,416,9759,0.5876042922903513,0.15696149174426924,butterflies_moths
Micronia aculeata,BRT,naive,43,416,9759,0.5814098130325459,0.0003993366574412504,butterflies_moths
Micronia aculeata,BRT,tgb,43,416,9759,0.5711249280742825,0.0002495854109007815,butterflies_moths
Zizina otis,GLM,naive,42,395,9779,0.4970431342802519,0.055945956439026286,butterflies_moths
Zizina otis,GLM,tgb,42,395,9779,0.48022020837729007,0.09815362259358067,butterflies_moths
Zizina otis,BRT,naive,42,395,9779,0.5714487645315911,0.0006489220683420318,butterflies_moths
Zizina otis,BRT,tgb,42,395,9779,0.5394920140160846,0.0003605122601900177,butterflies_moths
Daphnis nerii,GLM,naive,41,244,9933,0.6938813823106619,0.02705505854164471,butterflies_moths
Daphnis nerii,GLM,tgb,41,244,9933,0.6795113324850267,0.04161420751085697,butterflies_moths
Daphnis nerii,BRT,naive,41,244,9933,0.6648776309470172,0.00064337572587757,butterflies_moths
Daphnis nerii,BRT,tgb,41,244,9933,0.6422815651751984,0.00030504883554539956,butterflies_moths
Catochrysops strabo,GLM,naive,41,186,9991,0.5239360585817558,0.07427661828407257,butterflies_moths
Catochrysops strabo,GLM,tgb,41,186,9991,0.49857021857305983,0.09739932001841385,butterflies_moths
Catochrysops strabo,BRT,naive,41,186,9991,0.5922642205942338,0.0005823659587684901,butterflies_moths
Catochrysops strabo,BRT,tgb,41,186,9991,0.569085833163826,0.00027731712322309055,butterflies_moths
Prosotas nora,GLM,naive,41,198,9980,0.4938569057306532,0.07929051187194605,butterflies_moths
Prosotas nora,GLM,tgb,41,198,9980,0.5086475982267565,0.12793748162774057,butterflies_moths
Prosotas nora,BRT,naive,41,198,9980,0.5497302686180442,0.00032723420540324685,butterflies_moths
Prosotas nora,BRT,tgb,41,198,9980,0.553038400032388,0.00024403906843631967,butterflies_moths
Cigaritis vulcanus,GLM,naive,40,130,10051,0.5637923513159808,0.07556891607829216,butterflies_moths
Cigaritis vulcanus,GLM,tgb,40,130,10051,0.576011571753289,0.17482071447983627,butterflies_moths
Cigaritis vulcanus,BRT,naive,40,130,10051,0.5697818051016739,0.0005546342464461811,butterflies_moths
Cigaritis vulcanus,BRT,tgb,40,130,10051,0.5741717242065466,0.0002995024930809378,butterflies_moths
Badamia exclamationis,GLM,naive,40,98,10078,0.4826465811567731,0.06616231925856494,butterflies_moths
Badamia exclamationis,GLM,tgb,40,98,10078,0.4976924883865037,0.13443779499608982,butterflies_moths
Badamia exclamationis,BRT,naive,40,98,10078,0.5585949998177481,0.00048807813687263933,butterflies_moths
Badamia exclamationis,BRT,tgb,40,98,10078,0.5087541664810398,0.00029395615061647595,butterflies_moths
Papilio paris,GLM,naive,39,160,10017,0.7537230458221024,0.11283479109701107,butterflies_moths
Papilio paris,GLM,tgb,39,160,10017,0.7796290056903264,0.12279047582072003,butterflies_moths
Papilio paris,BRT,naive,39,160,10017,0.7676462513726666,0.00028840980815201416,butterflies_moths
Papilio paris,BRT,tgb,39,160,10017,0.7836883547968454,0.0010038879860675878,butterflies_moths
Ariadne ariadne,GLM,naive,39,194,9982,0.5616630553553096,0.07967320950199391,butterflies_moths
Ariadne ariadne,GLM,tgb,39,194,9982,0.5916613822406105,0.12117649016356163,butterflies_moths
Ariadne ariadne,BRT,naive,39,194,9982,0.5883125708749977,0.0004159756848346358,butterflies_moths
Ariadne ariadne,BRT,tgb,39,194,9982,0.6037904310232646,0.00022740004104293424,butterflies_moths
Pantoporia hordonia,GLM,naive,39,138,10045,0.6277555348756683,0.11575216723331799,butterflies_moths
Pantoporia hordonia,GLM,tgb,39,138,10045,0.6608421523434401,0.13464855600973938,butterflies_moths
Pantoporia hordonia,BRT,naive,39,138,10045,0.6219901746488627,0.00023294638350739605,butterflies_moths
Pantoporia hordonia,BRT,tgb,39,138,10045,0.6429372173047373,0.00033832689033217047,butterflies_moths
Dysphania percota,GLM,naive,39,276,9900,0.7176957985653639,0.09630114421045041,butterflies_moths
Dysphania percota,GLM,tgb,39,276,9900,0.7146084028692724,0.14223040615865867,butterflies_moths
Dysphania percota,BRT,naive,39,276,9900,0.7043650270824184,0.00024403906843631967,butterflies_moths
Dysphania percota,BRT,tgb,39,276,9900,0.7090052700922266,0.00021076101364954881,butterflies_moths
Caprona ransonnettii,GLM,naive,39,144,10031,0.6593954574153458,0.06081564512282375,butterflies_moths
Caprona ransonnettii,GLM,tgb,39,144,10031,0.6886859070215665,0.0809377755838912,butterflies_moths
Caprona ransonnettii,BRT,naive,39,144,10031,0.6614938136222156,0.00039379031497678856,butterflies_moths
Caprona ransonnettii,BRT,tgb,39,144,10031,0.6763671507216518,0.00023294638350739605,butterflies_moths
Polyura bharata,GLM,naive,38,146,10031,0.5767777424231457,0.09220239712921315,butterflies_moths
Polyura bharata,GLM,tgb,38,146,10031,0.5964762660410263,0.14686160211648427,butterflies_moths
Polyura bharata,BRT,naive,38,146,10031,0.5787346895855725,0.0003993366574412504,butterflies_moths
Polyura bharata,BRT,tgb,38,146,10031,0.5954165375008706,0.00019412198625616336,butterflies_moths
Erebus macrops,GLM,naive,38,203,9970,0.5599537528842686,0.059173927753343056,butterflies_moths
Erebus macrops,GLM,tgb,38,203,9970,0.5437173589734722,0.10198059889405932,butterflies_moths
Erebus macrops,BRT,naive,38,203,9970,0.5732552336813396,0.00034387323279663225,butterflies_moths
Erebus macrops,BRT,tgb,38,203,9970,0.5775948535260955,0.00018857564379170155,butterflies_moths
Zizeeria karsandra,GLM,naive,38,280,9901,0.5105700001442857,0.05378288287788618,butterflies_moths
Zizeeria karsandra,GLM,tgb,38,280,9901,0.503927813929329,0.09619576370362565,butterflies_moths
Zizeeria karsandra,BRT,naive,38,280,9901,0.5692437271848443,0.0003882439725123267,butterflies_moths
Zizeeria karsandra,BRT,tgb,38,280,9901,0.5554763588093555,0.0002495854109007815,butterflies_moths
Nyctemera coleta,GLM,naive,38,267,9915,0.8064873522317978,0.08499215192541279,butterflies_moths
Nyctemera coleta,GLM,tgb,38,267,9915,0.8228368095100489,0.0822744441178265,butterflies_moths
Nyctemera coleta,BRT,naive,38,267,9915,0.7965954055161759,0.00023294638350739605,butterflies_moths
Nyctemera coleta,BRT,tgb,38,267,9915,0.7861243793216119,0.0004048829999057122,butterflies_moths
Junonia orithya,GLM,naive,37,118,10065,0.5384879638283362,0.06871918313468184,butterflies_moths
Junonia orithya,GLM,tgb,37,118,10065,0.5823772596765096,0.1250422908612915,butterflies_moths
Junonia orithya,BRT,naive,37,118,10065,0.5844738016452382,0.00033278054786770863,butterflies_moths
Junonia orithya,BRT,tgb,37,118,10065,0.6405272508356699,0.0002606780958297051,butterflies_moths
Mycalesis mineus,GLM,naive,37,186,9997,0.5748805286747315,0.09135380673215049,butterflies_moths
Mycalesis mineus,GLM,tgb,37,186,9997,0.586486160902034,0.09064942123916384,butterflies_moths
Mycalesis mineus,BRT,naive,37,186,9997,0.5424718813493511,0.00029395615061647595,butterflies_moths
Mycalesis mineus,BRT,tgb,37,186,9997,0.5297898509337748,0.00026622443829416693,butterflies_moths
Catopsilia pyranthe,GLM,naive,37,261,9920,0.5762807440365838,0.07556336973582771,butterflies_moths
Catopsilia pyranthe,GLM,tgb,37,261,9920,0.5578910981337288,0.12516431039550968,butterflies_moths
Catopsilia pyranthe,BRT,naive,37,261,9920,0.6130762575701396,0.0003882439725123267,butterflies_moths
Catopsilia pyranthe,BRT,tgb,37,261,9920,0.5823476702508961,0.00018302930132723974,butterflies_moths
Taractrocera ceramas,GLM,naive,37,166,10013,0.6175405707519983,0.10649532166013123,butterflies_moths
Taractrocera ceramas,GLM,tgb,37,166,10013,0.6207568714887514,0.16115452664740237,butterflies_moths
Taractrocera ceramas,BRT,naive,37,166,10013,0.6433497898515064,0.00028286346568755233,butterflies_moths
Taractrocera ceramas,BRT,tgb,37,166,10013,0.6589259264161409,0.0002606780958297051,butterflies_moths
Hasora chromus,GLM,naive,37,105,10072,0.6379099058209463,0.062035840465005355,butterflies_moths
Hasora chromus,GLM,tgb,37,105,10072,0.5705142025038767,0.1397733764469021,butterflies_moths
Hasora chromus,BRT,naive,37,105,10072,0.6399764552365823,0.0003993366574412504,butterflies_moths
Hasora chromus,BRT,tgb,37,105,10072,0.5772244600779152,0.00035496591772555587,butterflies_moths
Spoladea recurvalis,GLM,naive,36,366,9811,0.6071589099555367,0.03605677236146623,butterflies_moths
Spoladea recurvalis,GLM,tgb,36,366,9811,0.5434446002117619,0.06477573364244948,butterflies_moths
Spoladea recurvalis,BRT,naive,36,366,9811,0.6374110023710422,0.00027731712322309055,butterflies_moths
Spoladea recurvalis,BRT,tgb,36,366,9811,0.5582008150770881,0.00018857564379170155,butterflies_moths
Ixias pyrene,GLM,naive,35,108,10069,0.7935945678521902,0.021508716077182903,butterflies_moths
Ixias pyrene,GLM,tgb,35,108,10069,0.7681074658927474,0.025962429076145734,butterflies_moths
Ixias pyrene,BRT,naive,35,108,10069,0.7457211904525443,0.00033832689033217047,butterflies_moths
Ixias pyrene,BRT,tgb,35,108,10069,0.7247234820479433,0.00022740004104293424,butterflies_moths
Neptis jumbah,GLM,naive,35,175,10003,0.6203647477185416,0.060444040177704814,butterflies_moths
Neptis jumbah,GLM,tgb,35,175,10003,0.6098541866011624,0.09804269574429143,butterflies_moths
Neptis jumbah,BRT,naive,35,175,10003,0.614261721483555,0.0003494195752610941,butterflies_moths
Neptis jumbah,BRT,tgb,35,175,10003,0.5699024578340783,0.00031614152047432323,butterflies_moths
Rapala manea,GLM,naive,34,155,10026,0.5662689909461207,0.0747646964209452,butterflies_moths
Rapala manea,GLM,tgb,34,155,10026,0.5555948083370333,0.09119850914314555,butterflies_moths
Rapala manea,BRT,naive,34,155,10026,0.543656171373783,0.0002717707807586287,butterflies_moths
Rapala manea,BRT,tgb,34,155,10026,0.509947040919416,0.00017193661639831613,butterflies_moths
Appias albina,GLM,naive,34,75,10105,0.6148296222991918,0.08468710308986739,butterflies_moths
Appias albina,GLM,tgb,34,75,10105,0.6139930727362691,0.09828673481272775,butterflies_moths
Appias albina,BRT,naive,34,75,10105,0.676925614382319,0.000205214671185087,butterflies_moths
Appias albina,BRT,tgb,34,75,10105,0.6609335312551542,0.0002495854109007815,butterflies_moths
Euthalia nais,GLM,naive,34,98,10082,0.8507078689440466,0.042141110044980834,butterflies_moths
Euthalia nais,GLM,tgb,34,98,10082,0.8532998797614662,0.05640630286357661,butterflies_moths
Euthalia nais,BRT,naive,34,98,10082,0.8339999757093871,0.000321687862938785,butterflies_moths
Euthalia nais,BRT,tgb,34,98,10082,0.8768040840617144,0.00016639027393385432,butterflies_moths
Ampittia dioscorides,GLM,naive,33,180,10003,0.6844857653814966,0.05831979101381594,butterflies_moths
Ampittia dioscorides,GLM,tgb,33,180,10003,0.6827857198396036,0.1052640336330207,butterflies_moths
Ampittia dioscorides,BRT,naive,33,180,10003,0.6530618592200117,0.00017193661639831613,butterflies_moths
Ampittia dioscorides,BRT,tgb,33,180,10003,0.6619441945194219,0.0001996683287206252,butterflies_moths
Suastus gremius,GLM,naive,33,308,9872,0.6844686664631964,0.07143689094226813,butterflies_moths
Suastus gremius,GLM,tgb,33,308,9872,0.6439447657285988,0.0996289496891275,butterflies_moths
Suastus gremius,BRT,naive,33,308,9872,0.6825182136542549,0.00018857564379170155,butterflies_moths
Suastus gremius,BRT,tgb,33,308,9872,0.634322904607548,0.00016639027393385432,butterflies_moths
Psolos fuligo,GLM,naive,33,105,10082,0.7929501893993066,0.08521400562399126,butterflies_moths
Psolos fuligo,GLM,tgb,33,105,10082,0.8048922643844286,0.13206950676376464,butterflies_moths
Psolos fuligo,BRT,naive,33,105,10082,0.7505521391258347,0.00024403906843631967,butterflies_moths
Psolos fuligo,BRT,tgb,33,105,10082,0.7769461841471363,0.00043261471222802125,butterflies_moths
Ixias marianne,GLM,naive,32,76,10109,0.7069768471034149,0.014819827065041959,butterflies_moths
Ixias marianne,GLM,tgb,32,76,10109,0.669816109667779,0.035202635621939114,butterflies_moths
Ixias marianne,BRT,naive,32,76,10109,0.8120707967366233,0.0002717707807586287,butterflies_moths
Ixias marianne,BRT,tgb,32,76,10109,0.8043705192350745,0.00017748295886277793,butterflies_moths
Vanessa cardui,GLM,naive,32,137,10047,0.6346136661341332,0.046239857126218115,butterflies_moths
Vanessa cardui,GLM,tgb,32,137,10047,0.6363921684869435,0.13109335049001936,butterflies_moths
Vanessa cardui,BRT,naive,32,137,10047,0.6678487023398786,0.0001996683287206252,butterflies_moths
Vanessa cardui,BRT,tgb,32,137,10047,0.6541837306266388,0.00021630735611401062,butterflies_moths
Pseudozizeeria maha,GLM,naive,32,58,10126,0.7687022822777828,0.0630452747935374,butterflies_moths
Pseudozizeeria maha,GLM,tgb,32,58,10126,0.7162698277564754,0.12650097892944498,butterflies_moths
Pseudozizeeria maha,BRT,naive,32,58,10126,0.7903638295408882,0.00019412198625616336,butterflies_moths
Pseudozizeeria maha,BRT,tgb,32,58,10126,0.7725588617897252,0.00017193661639831613,butterflies_moths
Vindula erota,GLM,naive,31,80,10104,0.8754762965162312,0.07764324816000089,butterflies_moths
Vindula erota,GLM,tgb,31,80,10104,0.8815333036421219,0.11699454794535744,butterflies_moths
Vindula erota,BRT,naive,31,80,10104,0.8621239113222485,0.00016639027393385432,butterflies_moths
Vindula erota,BRT,tgb,31,80,10104,0.8665342933491686,0.00023849272597185786,butterflies_moths
Jamides bochus,GLM,naive,30,169,10013,0.6677289937282717,0.05491433674063639,butterflies_moths
Jamides bochus,GLM,tgb,30,169,10013,0.6489522201020331,0.1236224271903893,butterflies_moths
Jamides bochus,BRT,naive,30,169,10013,0.6567246603084629,0.00018302930132723974,butterflies_moths
Jamides bochus,BRT,tgb,30,169,10013,0.6174032928790205,0.00017193661639831613,butterflies_moths
Graphium nomius,GLM,naive,30,57,10129,0.8103967590018584,0.018569154571018143,butterflies_moths
Graphium nomius,GLM,tgb,30,57,10129,0.8415319570522714,0.037720675100804776,butterflies_moths
Graphium nomius,BRT,naive,30,57,10129,0.7642447514778652,0.0002995024930809378,butterflies_moths
Graphium nomius,BRT,tgb,30,57,10129,0.8015910543463012,0.00018302930132723974,butterflies_moths
Freyeria putli,GLM,naive,30,136,10051,0.498925333739107,0.04958984797475305,butterflies_moths
Freyeria putli,GLM,tgb,30,136,10051,0.5254832706139864,0.0704219102712716,butterflies_moths
Freyeria putli,BRT,naive,30,136,10051,0.5203528182738621,0.00019412198625616336,butterflies_moths
Freyeria putli,BRT,tgb,30,136,10051,0.5593290395453774,0.0001497512465404689,butterflies_moths
Eriboea solon,GLM,naive,30,72,10113,0.7057829855960974,0.05651722971286585,butterflies_moths
Eriboea solon,GLM,tgb,30,72,10113,0.6753628443038113,0.09863615438798884,butterflies_moths
Eriboea solon,BRT,naive,30,72,10113,0.7175829790039223,0.00019412198625616336,butterflies_moths
Eriboea solon,BRT,tgb,30,72,10113,0.6545439313534834,0.00016639027393385432,butterflies_moths
Papilio dravidarum,GLM,naive,30,109,10075,0.7390689097821386,0.060305381616093265,butterflies_moths
Papilio dravidarum,GLM,tgb,30,109,10075,0.7622364377262276,0.06665594373790204,butterflies_moths
Papilio dravidarum,BRT,naive,30,109,10075,0.7049213467798848,0.00016639027393385432,butterflies_moths
Papilio dravidarum,BRT,tgb,30,109,10075,0.7476722744553466,0.00018857564379170155,butterflies_moths
Cheritra freja,GLM,naive,30,115,10069,0.7379576573814592,0.06699427062823421,butterflies_moths
Cheritra freja,GLM,tgb,30,115,10069,0.7663487156014803,0.09418798773149047,butterflies_moths
Cheritra freja,BRT,naive,30,115,10069,0.7491577679230699,0.00022185369857847243,butterflies_moths
Cheritra freja,BRT,tgb,30,115,10069,0.7598975762888246,0.00022185369857847243,butterflies_moths
Melanitis phedima,GLM,naive,29,154,10037,0.6779487325467201,0.05843626420556964,butterflies_moths
Melanitis phedima,GLM,tgb,29,154,10037,0.6784921763501021,0.10609598500268998,butterflies_moths
Melanitis phedima,BRT,naive,29,154,10037,0.6855511231818894,0.00016639027393385432,butterflies_moths
Melanitis phedima,BRT,tgb,29,154,10037,0.7018731990337052,0.00017193661639831613,butterflies_moths
Borbo cinnara,GLM,naive,29,133,10052,0.5545539136340653,0.03154759593785878,butterflies_moths
Borbo cinnara,GLM,tgb,29,133,10052,0.5605086632219227,0.058658117904148106,butterflies_moths
Borbo cinnara,BRT,naive,29,133,10052,0.6124543352013141,0.0002495854109007815,butterflies_moths
Borbo cinnara,BRT,tgb,29,133,10052,0.5655403929641054,0.0001497512465404689,butterflies_moths
Chilades lajus,GLM,naive,29,255,9929,0.6160697817247556,0.08881358188342697,butterflies_moths
Chilades lajus,GLM,tgb,29,255,9929,0.5508352439575891,0.10989522959084631,butterflies_moths
Chilades lajus,BRT,naive,29,255,9929,0.6194028583333827,0.0001552975890049307,butterflies_moths
Chilades lajus,BRT,tgb,29,255,9929,0.571905233036915,0.00017748295886277793,butterflies_moths
Matapa aria,GLM,naive,29,111,10073,0.6049541053015689,0.0367722505393818,butterflies_moths
Matapa aria,GLM,tgb,29,111,10073,0.5919365210539638,0.05427096101475882,butterflies_moths
Matapa aria,BRT,naive,29,111,10073,0.614716175522291,0.0002717707807586287,butterflies_moths
Matapa aria,BRT,tgb,29,111,10073,0.561220209587131,0.0001497512465404689,butterflies_moths
Prosotas dubiosa,GLM,naive,29,192,9991,0.5190629900243553,0.03328914747169979,butterflies_moths
Prosotas dubiosa,GLM,tgb,29,192,9991,0.5093271444299869,0.05599032717874198,butterflies_moths
Prosotas dubiosa,BRT,naive,29,192,9991,0.6092451956761085,0.0001552975890049307,butterflies_moths
Prosotas dubiosa,BRT,tgb,29,192,9991,0.5921092003636605,0.00014420490407600708,butterflies_moths
Colotis amata,GLM,naive,28,88,10097,0.824850090485923,0.00716587446408466,butterflies_moths
Colotis amata,GLM,tgb,28,88,10097,0.8095687738031998,0.01627296879073095,butterflies_moths
Colotis amata,BRT,naive,28,88,10097,0.8496729451592282,0.0001996683287206252,butterflies_moths
Colotis amata,BRT,tgb,28,88,10097,0.8501934643053293,0.00019412198625616336,butterflies_moths
Oriens goloides,GLM,naive,28,147,10038,0.635781987630677,0.10210261842827748,butterflies_moths
Oriens goloides,GLM,tgb,28,147,10038,0.6397871760778429,0.1260794569021459,butterflies_moths
Oriens goloides,BRT,naive,28,147,10038,0.6294468773761747,0.0001552975890049307,butterflies_moths
Oriens goloides,BRT,tgb,28,147,10038,0.6402087035252435,0.00014420490407600708,butterflies_moths
Nepita conferta,GLM,naive,27,322,9864,0.621783271120783,0.053222702288975535,butterflies_moths
Nepita conferta,GLM,tgb,27,322,9864,0.5999068700790376,0.06892994414833138,butterflies_moths
Nepita conferta,BRT,naive,27,322,9864,0.6258664419962421,0.0001497512465404689,butterflies_moths
Nepita conferta,BRT,tgb,27,322,9864,0.6229028451537179,0.00013865856161154527,butterflies_moths
Eudocima materna,GLM,naive,27,204,9983,0.5816790504642205,0.023205896871308217,butterflies_moths
Eudocima materna,GLM,tgb,27,204,9983,0.5380976090726785,0.05599032717874198,butterflies_moths
Eudocima materna,BRT,naive,27,204,9983,0.5761966912378494,0.0001497512465404689,butterflies_moths
Eudocima materna,BRT,tgb,27,204,9983,0.547539640918974,0.00013865856161154527,butterflies_moths
Spalgis epius,GLM,naive,27,181,10006,0.6428617967341141,0.049722960193900136,butterflies_moths
Spalgis epius,GLM,tgb,27,181,10006,0.5950556737780536,0.06258492836898708,butterflies_moths
Spalgis epius,BRT,naive,27,181,10006,0.6363850198168393,0.0003494195752610941,butterflies_moths
Spalgis epius,BRT,tgb,27,181,10006,0.5891340886076089,0.00014420490407600708,butterflies_moths
Spialia galba,GLM,naive,27,160,10025,0.5112612219451371,0.06005024986272802,butterflies_moths
Spialia galba,GLM,tgb,27,160,10025,0.5229152119700748,0.07477578910587414,butterflies_moths
Spialia galba,BRT,naive,27,160,10025,0.5150411471321696,0.0001608439314693925,butterflies_moths
Spialia galba,BRT,tgb,27,160,10025,0.5375311720698254,0.00013865856161154527,butterflies_moths
Euploea klugii,GLM,naive,27,93,10090,0.6474738109700864,0.06307300650585972,butterflies_moths
Euploea klugii,GLM,tgb,27,93,10090,0.6126133614672251,0.035169357567152344,butterflies_moths
Euploea klugii,BRT,naive,27,93,10090,0.6311327088461907,0.00023849272597185786,butterflies_moths
Euploea klugii,BRT,tgb,27,93,10090,0.5739175378582009,0.00014420490407600708,butterflies_moths
Polytela gloriosae,GLM,naive,27,237,9951,0.6314048542499597,0.03837514351161127,butterflies_moths
Polytela gloriosae,GLM,tgb,27,237,9951,0.5932491147551271,0.08383296635034027,butterflies_moths
Polytela gloriosae,BRT,naive,27,237,9951,0.648818026897197,0.0003660586026544795,butterflies_moths
Polytela gloriosae,BRT,tgb,27,237,9951,0.5842081897500283,0.00013311221914708346,butterflies_moths
Kaniska canace,GLM,naive,27,93,10095,0.8270952829836978,0.07184732028463829,butterflies_moths
Kaniska canace,GLM,tgb,27,93,10095,0.8215575686888537,0.06512515321771058,butterflies_moths
Kaniska canace,BRT,naive,27,93,10095,0.8087565972721511,0.00014420490407600708,butterflies_moths
Kaniska canace,BRT,tgb,27,93,10095,0.7940809620433835,0.0001497512465404689,butterflies_moths
Cigaritis lohita,GLM,naive,27,103,10080,0.5653153413468948,0.037604201909051074,butterflies_moths
Cigaritis lohita,GLM,tgb,27,103,10080,0.5781524503005085,0.04174731973000405,butterflies_moths
Cigaritis lohita,BRT,naive,27,103,10080,0.5199135074741871,0.00017193661639831613,butterflies_moths
Cigaritis lohita,BRT,tgb,27,103,10080,0.5288912004931423,0.00013311221914708346,butterflies_moths
Eurema drona,GLM,naive,26,111,10077,0.5995233101514733,0.033034015718334545,butterflies_moths
Eurema drona,GLM,tgb,26,111,10077,0.5714529653201877,0.0564673126306857,butterflies_moths
Eurema drona,BRT,naive,26,111,10077,0.6610593922293834,0.00014420490407600708,butterflies_moths
Eurema drona,BRT,tgb,26,111,10077,0.6527137438122851,0.00012756587668262166,butterflies_moths
Megisba malaya,GLM,naive,25,63,10124,0.6487131004120337,0.06200810875268304,butterflies_moths
Megisba malaya,GLM,tgb,25,63,10124,0.6402607664954563,0.0647590946150561,butterflies_moths
Megisba malaya,BRT,naive,25,63,10124,0.6710135588543332,0.00013865856161154527,butterflies_moths
Megisba malaya,BRT,tgb,25,63,10124,0.6735973923350456,0.00016639027393385432,butterflies_moths
Arhopala centaurus,GLM,naive,25,117,10070,0.7544555631943913,0.0436719005651723,butterflies_moths
Arhopala centaurus,GLM,tgb,25,117,10070,0.7262623176227943,0.04773182324915834,butterflies_moths
Arhopala centaurus,BRT,naive,25,117,10070,0.7207012451302423,0.00013311221914708346,butterflies_moths
Arhopala centaurus,BRT,tgb,25,117,10070,0.7064870691484395,0.00012201953421815983,butterflies_moths
Belenois aurota,GLM,naive,25,123,10065,0.6129427017071959,0.028691229568660947,butterflies_moths
Belenois aurota,GLM,tgb,25,123,10065,0.6665317711299318,0.06059933776670974,butterflies_moths
Belenois aurota,BRT,naive,25,123,10065,0.6462497829151168,0.00014420490407600708,butterflies_moths
Belenois aurota,BRT,tgb,25,123,10065,0.6801546048247369,0.00016639027393385432,butterflies_moths
Papilio buddha,GLM,naive,25,89,10098,0.7627397571217795,0.06271804058813416,butterflies_moths
Papilio buddha,GLM,tgb,25,89,10098,0.790540345067774,0.08419902495299475,butterflies_moths
Papilio buddha,BRT,naive,25,89,10098,0.758632814151651,0.00013311221914708346,butterflies_moths
Papilio buddha,BRT,tgb,25,89,10098,0.7717937248670891,0.00018857564379170155,butterflies_moths
Notocrypta curvifascia,GLM,naive,25,100,10088,0.7007622918318794,0.07552454533857647,butterflies_moths
Notocrypta curvifascia,GLM,tgb,25,100,10088,0.6941207375099128,0.11692244549331943,butterflies_moths
Notocrypta curvifascia,BRT,naive,25,100,10088,0.6668943298969072,0.00012201953421815983,butterflies_moths
Notocrypta curvifascia,BRT,tgb,25,100,10088,0.7119865186360032,0.0001608439314693925,butterflies_moths
Dophla evelina,GLM,naive,25,61,10128,0.7761942221531608,0.09882473003178054,butterflies_moths
Dophla evelina,GLM,tgb,25,61,10128,0.7982884650247326,0.13191975551722418,butterflies_moths
Dophla evelina,BRT,naive,25,61,10128,0.7270802579442157,0.00012201953421815983,butterflies_moths
Dophla evelina,BRT,tgb,25,61,10128,0.7580704684950663,0.00013865856161154527,butterflies_moths
Tajuria cippus,GLM,naive,25,94,10091,0.6113874381426888,0.02122030626903089,butterflies_moths
Tajuria cippus,GLM,tgb,25,94,10091,0.6010748992677275,0.02873560030837664,butterflies_moths
Tajuria cippus,BRT,naive,25,94,10091,0.6334947720424984,0.00018302930132723974,butterflies_moths
Tajuria cippus,BRT,tgb,25,94,10091,0.6144289096877985,0.00012201953421815983,butterflies_moths
Cepora nadina,GLM,naive,24,55,10137,0.8045880527679876,0.10541378487956117,butterflies_moths
Cepora nadina,GLM,tgb,24,55,10137,0.8030060893038105,0.11389968885018774,butterflies_moths
Cepora nadina,BRT,naive,24,55,10137,0.7521321531383679,0.00012201953421815983,butterflies_moths
Cepora nadina,BRT,tgb,24,55,10137,0.7344597200175773,0.00012201953421815983,butterflies_moths
Lethe rohria,GLM,naive,24,131,10060,0.8433703124762872,0.03464245503302847,butterflies_moths
Lethe rohria,GLM,tgb,24,131,10060,0.7946534533258464,0.04525815451000838,butterflies_moths
Lethe rohria,BRT,naive,24,131,10060,0.8558815048639461,0.00012201953421815983,butterflies_moths
Lethe rohria,BRT,tgb,24,131,10060,0.8465698177348125,0.00014420490407600708,butterflies_moths
Lacturnea lacturnus,GLM,naive,24,59,10133,0.7107922261046723,0.04459813975673742,butterflies_moths
Lacturnea lacturnus,GLM,tgb,24,59,10133,0.7104627103590049,0.05252940948091781,butterflies_moths
Lacturnea lacturnus,BRT,naive,24,59,10133,0.6727841738772629,0.00012756587668262166,butterflies_moths
Lacturnea lacturnus,BRT,tgb,24,59,10133,0.7068815265444168,0.0001497512465404689,butterflies_moths
Amblypodia anita,GLM,naive,24,56,10129,0.7898713735667038,0.02631184865140683,butterflies_moths
Amblypodia anita,GLM,tgb,24,56,10129,0.7830292794381056,0.04812561356413513,butterflies_moths
Amblypodia anita,BRT,naive,24,56,10129,0.7605408092746427,0.00013311221914708346,butterflies_moths
Amblypodia anita,BRT,tgb,24,56,10129,0.7546930313244856,0.00011647319175369802,butterflies_moths
Cethosia mahratta,GLM,naive,24,45,10147,0.8004905664509488,0.07007249069601051,butterflies_moths
Cethosia mahratta,GLM,tgb,24,45,10147,0.8405286729520494,0.09200272880049251,butterflies_moths
Cethosia mahratta,BRT,naive,24,45,10147,0.7897736605236358,0.00012201953421815983,butterflies_moths
Cethosia mahratta,BRT,tgb,24,45,10147,0.8403896061233205,0.00031614152047432323,butterflies_moths
Erebus hieroglyphica,GLM,naive,24,191,9997,0.5910825603702052,0.06138137205419886,butterflies_moths
Erebus hieroglyphica,GLM,tgb,24,191,9997,0.5976065070830149,0.0808213023921375,butterflies_moths
Erebus hieroglyphica,BRT,naive,24,191,9997,0.5846408372773613,0.00014420490407600708,butterflies_moths
Erebus hieroglyphica,BRT,tgb,24,191,9997,0.5889201315368433,0.00011647319175369802,butterflies_moths
Gangara thyrsis,GLM,naive,24,171,10017,0.6718379923720318,0.038059001991136945,butterflies_moths
Gangara thyrsis,GLM,tgb,24,171,10017,0.6568856336041595,0.048891008824230864,butterflies_moths
Gangara thyrsis,BRT,naive,24,171,10017,0.6850844791923905,0.00012756587668262166,butterflies_moths
Gangara thyrsis,BRT,tgb,24,171,10017,0.646056966315159,0.00012756587668262166,butterflies_moths
Ypthima ceylonica,GLM,naive,23,75,10119,0.8350983298744935,0.02913493696581789,butterflies_moths
Ypthima ceylonica,GLM,tgb,23,75,10119,0.8209454162137233,0.030843210444872128,butterflies_moths
Ypthima ceylonica,BRT,naive,23,75,10119,0.8269196560924992,0.00013311221914708346,butterflies_moths
Ypthima ceylonica,BRT,tgb,23,75,10119,0.8751220476331653,0.00014420490407600708,butterflies_moths
Nacaduba kurava,GLM,naive,23,62,10134,0.7070592766604914,0.05520829289125286,butterflies_moths
Nacaduba kurava,GLM,tgb,23,62,10134,0.6958593556026663,0.10670053633131632,butterflies_moths
Nacaduba kurava,BRT,naive,23,62,10134,0.6866011573941442,0.00012201953421815983,butterflies_moths
Nacaduba kurava,BRT,tgb,23,62,10134,0.7063223769234199,0.00011092684928923622,butterflies_moths
Actias selene,GLM,naive,23,134,10055,0.633858554072007,0.08875811845878236,butterflies_moths
Actias selene,GLM,tgb,23,134,10055,0.6197703674566006,0.11788750908213579,butterflies_moths
Actias selene,BRT,naive,23,134,10055,0.5789397121800248,0.00011647319175369802,butterflies_moths
Actias selene,BRT,tgb,23,134,10055,0.6144652174235734,0.00011092684928923622,butterflies_moths
Anthene lycaenina,GLM,naive,23,117,10071,0.5162084244598394,0.03142557640364062,butterflies_moths
Anthene lycaenina,GLM,tgb,23,117,10071,0.5178404269854969,0.04388266157882185,butterflies_moths
Anthene lycaenina,BRT,naive,23,117,10071,0.5360436626447946,0.00011647319175369802,butterflies_moths
Anthene lycaenina,BRT,tgb,23,117,10071,0.5610999510314375,0.00013311221914708346,butterflies_moths
Notocrypta paralysos,GLM,naive,23,74,10120,0.6715615318876189,0.08484794702133677,butterflies_moths
Notocrypta paralysos,GLM,tgb,23,74,10120,0.6773501762632197,0.08088785850171104,butterflies_moths
Notocrypta paralysos,BRT,naive,23,74,10120,0.6553039205213118,0.0001552975890049307,butterflies_moths
Notocrypta paralysos,BRT,tgb,23,74,10120,0.6745406473667344,0.00013311221914708346,butterflies_moths
Appias indra,GLM,naive,23,27,10163,0.6975557669250477,0.055080727014570244,butterflies_moths
Appias indra,GLM,tgb,23,27,10163,0.639768076646951,0.04987825778290506,butterflies_moths
Appias indra,BRT,naive,23,27,10163,0.6507848003469374,0.00013311221914708346,butterflies_moths
Appias indra,BRT,tgb,23,27,10163,0.6621732428088818,0.00011092684928923622,butterflies_moths
Lethe drypetis,GLM,naive,23,79,10112,0.6818180680179458,0.045524378948302545,butterflies_moths
Lethe drypetis,GLM,tgb,23,79,10112,0.6847610559205256,0.06246845517723337,butterflies_moths
Lethe drypetis,BRT,naive,23,79,10112,0.6181920715830795,0.00011092684928923622,butterflies_moths
Lethe drypetis,BRT,tgb,23,79,10112,0.6518023453773434,0.00012201953421815983,butterflies_moths
Pachliopta pandiyana,GLM,naive,23,89,10102,0.792813304296179,0.06283451377988786,butterflies_moths
Pachliopta pandiyana,GLM,tgb,23,89,10102,0.832819844329413,0.07955118996777576,butterflies_moths
Pachliopta pandiyana,BRT,naive,23,89,10102,0.8309634981614498,0.00012201953421815983,butterflies_moths
Pachliopta pandiyana,BRT,tgb,23,89,10102,0.8231377032915943,0.00012201953421815983,butterflies_moths
Asota caricae,GLM,naive,22,242,9950,0.5977827152290377,0.04171958801768174,butterflies_moths
Asota caricae,GLM,tgb,22,242,9950,0.607139416088708,0.043760642044603684,butterflies_moths
Asota caricae,BRT,naive,22,242,9950,0.5841990946467877,0.00017193661639831613,butterflies_moths
Asota caricae,BRT,tgb,22,242,9950,0.5588591718925204,0.00010538050682477441,butterflies_moths
Coladenia indrani,GLM,naive,22,103,10084,0.6186932678125108,0.02567401926799372,butterflies_moths
Coladenia indrani,GLM,tgb,22,103,10084,0.6001422998270836,0.03490867947132264,butterflies_moths
Coladenia indrani,BRT,naive,22,103,10084,0.570520251248734,0.00012756587668262166,butterflies_moths
Coladenia indrani,BRT,tgb,22,103,10084,0.5336513095820351,0.00010538050682477441,butterflies_moths
Libythea myrrha,GLM,naive,22,55,10137,0.8351601244764902,0.055285941685755326,butterflies_moths
Libythea myrrha,GLM,tgb,22,55,10137,0.7978835409436178,0.05936804973959922,butterflies_moths
Libythea myrrha,BRT,naive,22,55,10137,0.7643125543687841,0.00010538050682477441,butterflies_moths
Libythea myrrha,BRT,tgb,22,55,10137,0.7575255365134028,0.00013311221914708346,butterflies_moths
Tagiades gana,GLM,naive,22,139,10050,0.6884956512402017,0.06159213306784841,butterflies_moths
Tagiades gana,GLM,tgb,22,139,10050,0.6751945309424103,0.10737719011198066,butterflies_moths
Tagiades gana,BRT,naive,22,139,10050,0.6971709796342032,0.00010538050682477441,butterflies_moths
Tagiades gana,BRT,tgb,22,139,10050,0.6802841905580014,0.00010538050682477441,butterflies_moths
Hasora badra,GLM,naive,22,115,10074,0.7437311719363666,0.03936239247028547,butterflies_moths
Hasora badra,GLM,tgb,22,115,10074,0.6999464829824515,0.04539126672915546,butterflies_moths
Hasora badra,BRT,naive,22,115,10074,0.8064065049071653,0.00010538050682477441,butterflies_moths
Hasora badra,BRT,tgb,22,115,10074,0.7786091617681331,0.00010538050682477441,butterflies_moths
Maruca vitrata,GLM,naive,21,145,10044,0.5221247201966519,0.023699521350645316,butterflies_moths
Maruca vitrata,GLM,tgb,21,145,10044,0.49443689147063263,0.03433740619748307,butterflies_moths
Maruca vitrata,BRT,naive,21,145,10044,0.5668935991980115,0.00011092684928923622,butterflies_moths
Maruca vitrata,BRT,tgb,21,145,10044,0.5366600749804309,0.00010538050682477441,butterflies_moths
Elymnias hypermnestra,GLM,naive,21,115,10076,0.8660406993803615,0.010992850764563309,butterflies_moths
Elymnias hypermnestra,GLM,tgb,21,115,10076,0.7683518304365085,0.025784946117282957,butterflies_moths
Elymnias hypermnestra,BRT,naive,21,115,10076,0.8983516578352349,0.00011092684928923622,butterflies_moths
Elymnias hypermnestra,BRT,tgb,21,115,10076,0.8504004349552099,0.00010538050682477441,butterflies_moths
Lethe europa,GLM,naive,21,99,10090,0.5786327096535223,0.046827769427451066,butterflies_moths
Lethe europa,GLM,tgb,21,99,10090,0.5660660119530287,0.04349441760630952,butterflies_moths
Lethe europa,BRT,naive,21,99,10090,0.5356208267011042,0.00012756587668262166,butterflies_moths
Lethe europa,BRT,tgb,21,99,10090,0.5263937692084372,0.00010538050682477441,butterflies_moths
Erebus ephesperis,GLM,naive,21,174,10020,0.6673291348337808,0.04549110089351577,butterflies_moths
Erebus ephesperis,GLM,tgb,21,174,10020,0.6919448459403034,0.07451511101004443,butterflies_moths
Erebus ephesperis,BRT,naive,21,174,10020,0.6654988872829054,0.00011647319175369802,butterflies_moths
Erebus ephesperis,BRT,tgb,21,174,10020,0.6638321059031362,0.00010538050682477441,butterflies_moths
Euthalia lubentina,GLM,naive,21,103,10090,0.5142869514178221,0.0238326335697924,butterflies_moths
Euthalia lubentina,GLM,tgb,21,103,10090,0.5024661541274164,0.027986844075674297,butterflies_moths
Euthalia lubentina,BRT,naive,21,103,10090,0.5313777940285008,0.000205214671185087,butterflies_moths
Euthalia lubentina,BRT,tgb,21,103,10090,0.4871380873112859,0.00010538050682477441,butterflies_moths
Vanessa indica,GLM,naive,21,28,10165,0.9624235823202867,0.01584035407850293,butterflies_moths
Vanessa indica,GLM,tgb,21,28,10165,0.9620441290141241,0.01708828113300684,butterflies_moths
Vanessa indica,BRT,naive,21,28,10165,0.9509240390696367,0.00013865856161154527,butterflies_moths
Vanessa indica,BRT,tgb,21,28,10165,0.9648935422668821,0.00014420490407600708,butterflies_moths
Petrelaea dana,GLM,naive,21,91,10103,0.5624789938360166,0.0542154975901142,butterflies_moths
Petrelaea dana,GLM,tgb,21,91,10103,0.585356541904102,0.06919616858662556,butterflies_moths
Petrelaea dana,BRT,naive,21,91,10103,0.5582168499618763,0.00011647319175369802,butterflies_moths
Petrelaea dana,BRT,tgb,21,91,10103,0.5784969756562354,0.00011092684928923622,butterflies_moths
Amata cyssea,GLM,naive,20,280,9912,0.5665783898305085,0.025474350939273097,butterflies_moths
Amata cyssea,GLM,tgb,20,280,9912,0.540105427764326,0.03515271853975896,butterflies_moths
Amata cyssea,BRT,naive,20,280,9912,0.597937204542834,0.00010538050682477441,butterflies_moths
Amata cyssea,BRT,tgb,20,280,9912,0.5634051078058342,9.98341643603126e-05,butterflies_moths
Sarangesa purendra,GLM,naive,20,61,10132,0.6909564243785312,0.024886438638040145,butterflies_moths
Sarangesa purendra,GLM,tgb,20,61,10132,0.6635493453625261,0.04254044670242209,butterflies_moths
Sarangesa purendra,BRT,naive,20,61,10132,0.8008144945732721,0.00010538050682477441,butterflies_moths
Sarangesa purendra,BRT,tgb,20,61,10132,0.7368991605884294,9.98341643603126e-05,butterflies_moths
Diplacodes trivialis,GLM,naive,113,946,4313,0.5113401687900634,0.18089395947842196,odonates
Diplacodes trivialis,GLM,tgb,113,946,4313,0.4902754786772278,0.30732283595582893,odonates
Diplacodes trivialis,BRT,naive,113,946,4313,0.5471020549016224,0.010754358038591452,odonates
Diplacodes trivialis,BRT,tgb,113,946,4313,0.5270927315961529,0.011780431394516885,odonates
Trithemis aurora,GLM,naive,107,658,4609,0.5514877393971488,0.1973555039129446,odonates
Trithemis aurora,GLM,tgb,107,658,4609,0.6168240939987246,0.3456092379880088,odonates
Trithemis aurora,BRT,naive,107,658,4609,0.573532951586067,0.007149235436691274,odonates
Trithemis aurora,BRT,tgb,107,658,4609,0.6461980359558179,0.016455998092058194,odonates
Orthetrum sabina,GLM,naive,85,627,4658,0.548751509125286,0.1415703914053877,odonates
Orthetrum sabina,GLM,tgb,85,627,4658,0.5482574268138436,0.41141104498638376,odonates
Orthetrum sabina,BRT,naive,85,627,4658,0.562489599618704,0.0049196057659776265,odonates
Orthetrum sabina,BRT,tgb,85,627,4658,0.5572128827083517,0.0026456053555482836,odonates
Neurothemis tullia,GLM,naive,84,950,4329,0.6796182417235049,0.12970121853143946,odonates
Neurothemis tullia,GLM,tgb,84,950,4329,0.6752268057531216,0.1844047942584263,odonates
Neurothemis tullia,BRT,naive,84,950,4329,0.6720270878165615,0.003344444506070472,odonates
Neurothemis tullia,BRT,tgb,84,950,4329,0.6848388469441101,0.004115386108630664,odonates
Neurothemis fulvia,GLM,naive,82,432,4849,0.642646822941729,0.20966283784158538,odonates
Neurothemis fulvia,GLM,tgb,82,432,4849,0.6710752694331783,0.3676337639143867,odonates
Neurothemis fulvia,BRT,naive,82,432,4849,0.6325502394537248,0.0023960199446475022,odonates
Neurothemis fulvia,BRT,tgb,82,432,4849,0.6871438746438747,0.010809821463236068,odonates
Crocothemis servilia,GLM,naive,76,424,4866,0.6202980441880123,0.05443180494622821,odonates
Crocothemis servilia,GLM,tgb,76,424,4866,0.6129860448704526,0.15277954952606504,odonates
Crocothemis servilia,BRT,naive,76,424,4866,0.6637076479848621,0.002373834574789655,odonates
Crocothemis servilia,BRT,tgb,76,424,4866,0.6627484509379679,0.0021630735611401063,odonates
Vestalis gracilis,GLM,naive,72,276,5016,0.6254839585789242,0.1675827375637136,odonates
Vestalis gracilis,GLM,tgb,72,276,5016,0.6591927570903544,0.2344938130549809,odonates
Vestalis gracilis,BRT,naive,72,276,5016,0.6056770508286526,0.0012479270545039075,odonates
Vestalis gracilis,BRT,tgb,72,276,5016,0.6944783937775928,0.002024414999528561,odonates
Rhyothemis variegata,GLM,naive,63,545,4753,0.6481847292969964,0.10859738545416225,odonates
Rhyothemis variegata,GLM,tgb,63,545,4753,0.6186520536522563,0.19637934763919934,odonates
Rhyothemis variegata,BRT,naive,63,545,4753,0.6609527155229822,0.0025568638761168947,odonates
Rhyothemis variegata,BRT,tgb,63,545,4753,0.6352943674395892,0.0038824397251232675,odonates
Brachythemis contaminata,GLM,naive,60,492,4803,0.6641212555161153,0.048541589248969765,odonates
Brachythemis contaminata,GLM,tgb,60,492,4803,0.6752127312028898,0.16514234687935042,odonates
Brachythemis contaminata,BRT,naive,60,492,4803,0.7144040225536545,0.0011370002052146712,odonates
Brachythemis contaminata,BRT,tgb,60,492,4803,0.7177797074660315,0.0020965174515665645,odonates
Heliocypha bisignata,GLM,naive,60,414,4879,0.7093644456722243,0.11847542138336874,odonates
Heliocypha bisignata,GLM,tgb,60,414,4879,0.7207241327071656,0.1560518915800975,odonates
Heliocypha bisignata,BRT,naive,60,414,4879,0.6671352528285969,0.0010038879860675878,odonates
Heliocypha bisignata,BRT,tgb,60,414,4879,0.7110063537610166,0.002617873643225975,odonates
Orthetrum pruinosum,GLM,naive,59,397,4906,0.5506155522308056,0.12396075408072146,odonates
Orthetrum pruinosum,GLM,tgb,59,397,4906,0.5428935524382317,0.2592693248437318,odonates
Orthetrum pruinosum,BRT,naive,59,397,4906,0.5768190084418299,0.0013311221914708345,odonates
Orthetrum pruinosum,BRT,tgb,59,397,4906,0.5842570809813922,0.006544684108064937,odonates
Ceriagrion coromandelianum,GLM,naive,55,477,4822,0.6600995437577768,0.06000587912301233,odonates
Ceriagrion coromandelianum,GLM,tgb,55,477,4822,0.6443967072650074,0.12587978857342524,odonates
Ceriagrion coromandelianum,BRT,naive,55,477,4822,0.6812378102807972,0.00134776121886422,odonates
Ceriagrion coromandelianum,BRT,tgb,55,477,4822,0.6744728693696866,0.0006932928080577263,odonates
Pantala flavescens,GLM,naive,54,396,4904,0.5645489355216109,0.062479547862162296,odonates
Pantala flavescens,GLM,tgb,54,396,4904,0.5200006797172376,0.13757147848851076,odonates
Pantala flavescens,BRT,naive,54,396,4904,0.574614929886137,0.001259019739432831,odonates
Pantala flavescens,BRT,tgb,54,396,4904,0.5404133092754626,0.001464234410617918,odonates
Trithemis festiva,GLM,naive,52,326,4980,0.5742405203636631,0.15572465737469426,odonates
Trithemis festiva,GLM,tgb,52,326,4980,0.6076009559711237,0.2618040033499908,odonates
Trithemis festiva,BRT,naive,52,326,4980,0.5855409367531477,0.00064337572587757,odonates
Trithemis festiva,BRT,tgb,52,326,4980,0.645037819991623,0.0005435415615172574,odonates
Neurobasis chinensis,GLM,naive,48,200,5106,0.7781551116333725,0.1248703542448932,odonates
Neurobasis chinensis,GLM,tgb,48,200,5106,0.7869310614962789,0.15719443812777664,odonates
Neurobasis chinensis,BRT,naive,48,200,5106,0.7547101449275362,0.00046034642455033026,odonates
Neurobasis chinensis,BRT,tgb,48,200,5106,0.7837142577359969,0.0011314538627502093,odonates
Lathrecista asiatica,GLM,naive,44,276,5031,0.6145319310132252,0.09214693370456853,odonates
Lathrecista asiatica,GLM,tgb,44,276,5031,0.5837251072337017,0.10521411655084055,odonates
Lathrecista asiatica,BRT,naive,44,276,5031,0.5940682262724729,0.0005934586436974138,odonates
Lathrecista asiatica,BRT,tgb,44,276,5031,0.5964944877988356,0.000526902534123872,odonates
Vestalis apicalis,GLM,naive,43,262,5045,0.6899348610596236,0.08678916688389841,odonates
Vestalis apicalis,GLM,tgb,43,262,5045,0.69583973248398,0.11032784430307434,odonates
Vestalis apicalis,BRT,naive,43,262,5045,0.668796102255275,0.0004548000820858685,odonates
Vestalis apicalis,BRT,tgb,43,262,5045,0.7059759871083908,0.0006045513286263373,odonates
Orthetrum glaucum,GLM,naive,41,226,5093,0.7071757348712183,0.10800392681046483,odonates
Orthetrum glaucum,GLM,tgb,41,226,5093,0.6998066059783601,0.1328459947087893,odonates
Orthetrum glaucum,BRT,naive,41,226,5093,0.672860024778066,0.00029395615061647595,odonates
Orthetrum glaucum,BRT,tgb,41,226,5093,0.6717045259066322,0.0007376635477734209,odonates
Ictinogomphus rapax,GLM,naive,40,219,5092,0.5538376968796966,0.05794263972623254,odonates
Ictinogomphus rapax,GLM,tgb,40,219,5092,0.5426391833191647,0.13761584922822645,odonates
Ictinogomphus rapax,BRT,naive,40,219,5092,0.5826074207190435,0.00033832689033217047,odonates
Ictinogomphus rapax,BRT,tgb,40,219,5092,0.5996369988557572,0.00032723420540324685,odonates
Euphaea fraseri,GLM,naive,39,182,5129,0.7711044073882833,0.11968452404062141,odonates
Euphaea fraseri,GLM,tgb,39,182,5129,0.8018967774280702,0.17995108125946344,odonates
Euphaea fraseri,BRT,naive,39,182,5129,0.6936971198035733,0.000410429342370174,odonates
Euphaea fraseri,BRT,tgb,39,182,5129,0.7459758023220687,0.0011647319175369802,odonates
Orthetrum chrysis,GLM,naive,38,395,4916,0.6233399594195137,0.1563292087033206,odonates
Orthetrum chrysis,GLM,tgb,38,395,4916,0.6198061612301861,0.22135452775667086,odonates
Orthetrum chrysis,BRT,naive,38,395,4916,0.6375632138921218,0.00026622443829416693,odonates
Orthetrum chrysis,BRT,tgb,38,395,4916,0.6169709344841438,0.00023294638350739605,odonates
Ceriagrion cerinorubellum,GLM,naive,33,341,4967,0.7706823982566464,0.05378288287788618,odonates
Ceriagrion cerinorubellum,GLM,tgb,33,341,4967,0.7849123865606846,0.08692782544550996,odonates
Ceriagrion cerinorubellum,BRT,naive,33,341,4967,0.7436523872809813,0.00021630735611401062,odonates
Ceriagrion cerinorubellum,BRT,tgb,33,341,4967,0.7722015153384774,0.0002495854109007815,odonates
Bradinopyga geminata,GLM,naive,32,332,4983,0.6456270597138705,0.07983959977592776,odonates
Bradinopyga geminata,GLM,tgb,32,332,4983,0.6084004893747175,0.15475404744341345,odonates
Bradinopyga geminata,BRT,naive,32,332,4983,0.6438178965107872,0.00021076101364954881,odonates
Bradinopyga geminata,BRT,tgb,32,332,4983,0.6134568375851389,0.00029395615061647595,odonates
Urothemis signata,GLM,naive,31,255,5058,0.7643096938261267,0.027221448815578565,odonates
Urothemis signata,GLM,tgb,31,255,5058,0.7368090929531164,0.07919067770758573,odonates
Urothemis signata,BRT,naive,31,255,5058,0.755833895440343,0.00023294638350739605,odonates
Urothemis signata,BRT,tgb,31,255,5058,0.7551074205878476,0.0002495854109007815,odonates
Orthetrum luzonicum,GLM,naive,30,393,4921,0.6227245439780594,0.08664496197982241,odonates
Orthetrum luzonicum,GLM,tgb,30,393,4921,0.6466005120083063,0.1031286917842029,odonates
Orthetrum luzonicum,BRT,naive,30,393,4921,0.6117216912717114,0.00023294638350739605,odonates
Orthetrum luzonicum,BRT,tgb,30,393,4921,0.6048864682854237,0.00017193661639831613,odonates
Ischnura senegalensis,GLM,naive,30,210,5103,0.6500405923686347,0.01806998374921658,odonates
Ischnura senegalensis,GLM,tgb,30,210,5103,0.6028890568573108,0.042806671140716256,odonates
Ischnura senegalensis,BRT,naive,30,210,5103,0.6560006718736877,0.00018302930132723974,odonates
Ischnura senegalensis,BRT,tgb,30,210,5103,0.6546261302875058,0.00019412198625616336,odonates
Agriocnemis pygmaea,GLM,naive,30,356,4960,0.6350840431315694,0.04170849533275282,odonates
Agriocnemis pygmaea,GLM,tgb,30,356,4960,0.600944635737586,0.09951247649737381,odonates
Agriocnemis pygmaea,BRT,naive,30,356,4960,0.6378086489670171,0.000205214671185087,odonates
Agriocnemis pygmaea,BRT,tgb,30,356,4960,0.6072914778905399,0.00018857564379170155,odonates
Acisoma panorpoides,GLM,naive,26,248,5068,0.6185641405911856,0.031298010526958,odonates
Acisoma panorpoides,GLM,tgb,26,248,5068,0.5973343177941289,0.07220228620236385,odonates
Acisoma panorpoides,BRT,naive,26,248,5068,0.6143194490414238,0.00017748295886277793,odonates
Acisoma panorpoides,BRT,tgb,26,248,5068,0.6191632507574407,0.00014420490407600708,odonates
Pseudagrion microcephalum,GLM,naive,26,230,5087,0.7093879539491116,0.03384932806061043,odonates
Pseudagrion microcephalum,GLM,tgb,26,230,5087,0.6731634772352373,0.044148886017116015,odonates
Pseudagrion microcephalum,BRT,naive,26,230,5087,0.7094571841266314,0.00017193661639831613,odonates
Pseudagrion microcephalum,BRT,tgb,26,230,5087,0.6995525679267698,0.00028286346568755233,odonates
Brachydiplax chalybea,GLM,naive,26,228,5087,0.8285697288237304,0.023815994542399015,odonates
Brachydiplax chalybea,GLM,tgb,26,228,5087,0.8172457140492277,0.030532615266862267,odonates
Brachydiplax chalybea,BRT,naive,26,228,5087,0.7791769698474611,0.00021076101364954881,odonates
Brachydiplax chalybea,BRT,tgb,26,228,5087,0.8062777841005108,0.00028286346568755233,odonates
Tholymis tillarga,GLM,naive,24,288,5032,0.6218755520226108,0.041974719771046984,odonates
Tholymis tillarga,GLM,tgb,24,288,5032,0.5886389606518283,0.0820858684740348,odonates
Tholymis tillarga,BRT,naive,24,288,5032,0.6078203663222046,0.00017748295886277793,odonates
Tholymis tillarga,BRT,tgb,24,288,5032,0.5747266108019784,0.00012756587668262166,odonates
Potamarcha congener,GLM,naive,24,236,5087,0.5508491235552239,0.04368299325010122,odonates
Potamarcha congener,GLM,tgb,24,236,5087,0.5553004834523361,0.08400490296673858,odonates
Potamarcha congener,BRT,naive,24,236,5087,0.5788991880266415,0.0001552975890049307,odonates
Potamarcha congener,BRT,tgb,24,236,5087,0.5871863473859922,0.0001497512465404689,odonates
Trithemis pallidinervis,GLM,naive,24,152,5167,0.5680864392450062,0.020527013460973163,odonates
Trithemis pallidinervis,GLM,tgb,24,152,5167,0.5679120022816865,0.05596814180888413,odonates
Trithemis pallidinervis,BRT,naive,24,152,5167,0.5631079828466075,0.00013311221914708346,odonates
Trithemis pallidinervis,BRT,tgb,24,152,5167,0.6163322654905117,0.00023294638350739605,odonates
Tramea limbata,GLM,naive,24,110,5214,0.526875196150225,0.05588494667191721,odonates
Tramea limbata,GLM,tgb,24,110,5214,0.46085887645151163,0.10088796942856033,odonates
Tramea limbata,BRT,naive,24,110,5214,0.5512902325905777,0.00013311221914708346,odonates
Tramea limbata,BRT,tgb,24,110,5214,0.5439132405760714,0.0002717707807586287,odonates
Agriocnemis pieris,GLM,naive,23,193,5131,0.7004613832611486,0.03777059218298493,odonates
Agriocnemis pieris,GLM,tgb,23,193,5131,0.7210221724496937,0.03398798662222197,odonates
Agriocnemis pieris,BRT,naive,23,193,5131,0.6521226760431109,0.00011647319175369802,odonates
Agriocnemis pieris,BRT,tgb,23,193,5131,0.690620761943808,0.00016639027393385432,odonates
Ischnura rubilio,GLM,naive,23,263,5060,0.44009302814890516,0.07454284272236673,odonates
Ischnura rubilio,GLM,tgb,23,263,5060,0.4534430935240986,0.2011769338709588,odonates
Ischnura rubilio,BRT,naive,23,263,5060,0.5069147417304137,0.00012201953421815983,odonates
Ischnura rubilio,BRT,tgb,23,263,5060,0.5334089781932401,0.00011647319175369802,odonates
Macaca radiata,GLM,naive,203,558,2169,0.672483396705946,0.16188109751024687,mammals
Macaca radiata,GLM,tgb,203,558,2169,0.6695039750409402,0.3666132369009257,mammals
Macaca radiata,BRT,naive,203,558,2169,0.6782877331442896,0.022706726049506652,mammals
Macaca radiata,BRT,tgb,203,558,2169,0.7022891807168788,0.09459287073139618,mammals
Ratufa indica,GLM,naive,164,424,2339,0.7502803165358523,0.13742727358443474,mammals
Ratufa indica,GLM,tgb,164,424,2339,0.7514409076609098,0.32470507323945225,mammals
Ratufa indica,BRT,naive,164,424,2339,0.7496329668379487,0.01433174892816932,mammals
Ratufa indica,BRT,tgb,164,424,2339,0.7791014947526358,0.049850526070582754,mammals
Axis axis,GLM,naive,103,210,2589,0.8648641689197889,0.06343351876604973,mammals
Axis axis,GLM,tgb,103,210,2589,0.8630175283709466,0.13409946810575765,mammals
Axis axis,BRT,naive,103,210,2589,0.8735603009067668,0.004237405642848823,mammals
Axis axis,BRT,tgb,103,210,2589,0.8882046754584413,0.005712732738395665,mammals
Semnopithecus hypoleucos,GLM,naive,65,176,2639,0.7527881601157465,0.09416025601916816,mammals
Semnopithecus hypoleucos,GLM,tgb,65,176,2639,0.716173912294602,0.21318476530651861,mammals
Semnopithecus hypoleucos,BRT,naive,65,176,2639,0.7607995452823041,0.001403224643508838,mammals
Semnopithecus hypoleucos,BRT,tgb,65,176,2639,0.7668968962072409,0.011530845983616105,mammals
Sus scrofa,GLM,naive,58,148,2666,0.6837553983090366,0.039534329086683785,mammals
Sus scrofa,GLM,tgb,58,148,2666,0.6646458912025304,0.06124825983505178,mammals
Sus scrofa,BRT,naive,58,148,2666,0.671691571541534,0.0010094343285320495,mammals
Sus scrofa,BRT,tgb,58,148,2666,0.670391415421423,0.00044370739715694486,mammals
Funambulus palmarum,GLM,naive,47,204,2625,0.6692007469654528,0.04498638372924975,mammals
Funambulus palmarum,GLM,tgb,47,204,2625,0.6118823529411764,0.17945191043766187,mammals
Funambulus palmarum,BRT,naive,47,204,2625,0.6484967320261438,0.0005158098491949484,mammals
Funambulus palmarum,BRT,tgb,47,204,2625,0.6752156862745098,0.005568527834319658,mammals
Pteropus medius,GLM,naive,45,304,2524,0.6279845066310785,0.028469375870082473,mammals
Pteropus medius,GLM,tgb,45,304,2524,0.657262647009759,0.10825351222136562,mammals
Pteropus medius,BRT,naive,45,304,2524,0.6770503169572107,0.0007265708628444972,mammals
Pteropus medius,BRT,tgb,45,304,2524,0.7417906518475268,0.001758190561234394,mammals
Funambulus tristriatus,GLM,naive,44,267,2558,0.6076273891412123,0.07797048236540413,mammals
Funambulus tristriatus,GLM,tgb,44,267,2558,0.6583165687144392,0.197516347844414,mammals
Funambulus tristriatus,BRT,naive,44,267,2558,0.604559976339193,0.0005102635067304866,mammals
Funambulus tristriatus,BRT,tgb,44,267,2558,0.6882220133355589,0.005002800902944553,mammals
Muntiacus vaginalis,GLM,naive,44,86,2737,0.7692984170412351,0.06166423551988641,mammals
Muntiacus vaginalis,GLM,tgb,44,86,2737,0.7372271456610956,0.11068835656326435,mammals
Muntiacus vaginalis,BRT,naive,44,86,2737,0.7651562141540136,0.000499170821801563,mammals
Muntiacus vaginalis,BRT,tgb,44,86,2737,0.7525511721372067,0.00032723420540324685,mammals
Urva edwardsii,GLM,naive,32,189,2644,0.5147443748048891,0.04941791135835473,mammals
Urva edwardsii,GLM,tgb,32,189,2644,0.542994420831032,0.09421017310134831,mammals
Urva edwardsii,BRT,naive,32,189,2644,0.5572685285242017,0.000205214671185087,mammals
Urva edwardsii,BRT,tgb,32,189,2644,0.6367236590383337,0.00033832689033217047,mammals
Urva vitticollis,GLM,naive,30,74,2756,0.8540432667791159,0.02511938502154754,mammals
Urva vitticollis,GLM,tgb,30,74,2756,0.8234123092613659,0.03387705977293274,mammals
Urva vitticollis,BRT,naive,30,74,2756,0.8368669830933982,0.00024403906843631967,mammals
Urva vitticollis,BRT,tgb,30,74,2756,0.8609863491938964,0.00018857564379170155,mammals
Canis aureus,GLM,naive,20,101,2740,0.6218255402182553,0.021403335570358128,mammals
Canis aureus,GLM,tgb,20,101,2740,0.6385994073859942,0.0921635727319619,mammals
Canis aureus,BRT,naive,20,101,2740,0.5849678398496784,0.00010538050682477441,mammals
Canis aureus,BRT,tgb,20,101,2740,0.6865469393654693,0.0001608439314693925,mammals
